Red Corner,Blue Corner,Number,Date,Winner,Result,Judge 1,Judge 2,Judge 3
Fighter_451,Fighter_824,,01/01/2000,r,UD,Judge_073,Judge_225,Judge_117
https://example.com/video
10,10,10,9,10,9,10,10,9,9,10,10
9,9,9,10,9,10,9,9,10,10,9,9
10,10,10,9,10,9,10,10,9,9,10,10
9,9,9,10,9,10,9,9,10,10,9,9
10,10,10,9,10,9,10,10,10,10,10,10
9,9,9,10,9,10,9,9,9,9,9,9
Fighter_917,Fighter_598,,01/02/2000,r,KO,Judge_472,Judge_425,Judge_594
https://example.com/video
10,10,10,10,9,10,,,,,,
9,9,9,9,10,8,,,,,,
10,10,10,10,9,10,,,,,,
9,9,9,9,10,8,,,,,,
10,10,10,10,10,10,,,,,,
9,9,9,9,9,8,,,,,,
Fighter_1190,Fighter_073,,01/03/2000,r,TKO,Judge_234,Judge_577,Judge_172
https://example.com/video
10,9,10,10,10,,,,,,,
8,10,9,9,9,,,,,,,
10,10,9,10,10,,,,,,,
8,9,10,9,9,,,,,,,
10,10,10,10,10,,,,,,,
8,9,9,9,9,,,,,,,
Fighter_824,Fighter_1050,,01/04/2000,r,KO,Judge_432,Judge_227,Judge_075
https://example.com/video
10,,,,,,,,,,,
7,,,,,,,,,,,
10,,,,,,,,,,,
7,,,,,,,,,,,
10,,,,,,,,,,,
7,,,,,,,,,,,
Fighter_1062,Fighter_1202,,01/05/2000,b,TKO,Judge_247,Judge_243,Judge_454
https://example.com/video
7,,,,,,,,,,,
10,,,,,,,,,,,
7,,,,,,,,,,,
10,,,,,,,,,,,
6,,,,,,,,,,,
10,,,,,,,,,,,
Fighter_846,Fighter_1202,,01/06/2000,r,TKO,Judge_138,Judge_253,Judge_247
https://example.com/video
9,9,,,,,,,,,,
10,10,,,,,,,,,,
10,10,,,,,,,,,,
9,9,,,,,,,,,,
10,10,,,,,,,,,,
9,9,,,,,,,,,,
Fighter_1190,Fighter_1154,,01/07/2000,r,TKO,Judge_117,Judge_577,Judge_425
https://example.com/video
9,10,9,10,9,10,10,9,10,,,
10,9,10,9,10,9,9,10,9,,,
9,10,9,10,9,10,10,9,10,,,
10,9,10,9,10,9,9,10,9,,,
9,10,9,10,9,10,10,10,10,,,
10,9,10,9,10,9,9,9,9,,,
Fighter_1137,Fighter_886,,01/08/2000,b,RTD,Judge_234,Judge_425,Judge_605
https://example.com/video
6,9,9,9,9,9,9,9,8,,,
10,10,10,10,10,10,10,10,10,,,
6,9,9,9,9,9,9,9,8,,,
10,10,10,10,10,10,10,10,10,,,
6,9,9,9,9,9,9,9,8,,,
10,10,10,10,10,10,10,10,10,,,
Fighter_970,Fighter_824,,01/09/2000,b,RTD,Judge_569,Judge_117,Judge_003
https://example.com/video
10,9,9,9,9,9,8,9,,,,
9,10,10,10,10,10,10,10,,,,
9,9,9,9,9,9,8,9,,,,
10,10,10,10,10,10,10,10,,,,
9,9,9,9,9,9,8,9,,,,
10,10,10,10,10,10,10,10,,,,
Fighter_1239,Fighter_340,3,01/10/2000,r,KO,Judge_117,Judge_577,Judge_594
https://example.com/video
9,10,10,7,9,10,10,10,10,10,,
10,9,8,10,10,9,9,9,9,8,,
9,10,10,7,9,10,10,10,10,10,,
10,9,8,10,10,9,9,9,9,9,,
9,9,10,7,10,10,10,10,9,10,,
10,10,8,10,9,9,9,9,10,8,,
Fighter_1190,Fighter_1322,,01/11/2000,r,TKO,Judge_130,Judge_380,Judge_523
https://example.com/video
10,10,9,9,10,10,10,10,,,,
9,9,10,10,8,9,9,8,,,,
9,10,9,10,10,10,10,10,,,,
10,9,10,9,8,9,9,8,,,,
9,10,9,9,10,10,10,10,,,,
10,9,10,10,8,9,9,8,,,,
Fighter_1209,Fighter_824,1,01/12/2000,r,SD,Judge_299,Judge_153,Judge_075
https://example.com/video
9,10,9,9,9,9,10,9,9,10,10,10
10,9,10,10,10,10,9,10,10,9,9,9
10,9,9,9,10,9,10,10,10,10,9,10
9,10,10,10,9,10,9,9,9,9,10,9
10,9,9,9,10,9,10,10,10,10,9,10
9,10,10,10,9,10,9,9,9,9,10,9
Fighter_1043,Fighter_1189,,01/13/2000,b,TKO,Judge_342,Judge_577,Judge_172
https://example.com/video
9,,,,,,,,,,,
10,,,,,,,,,,,
9,,,,,,,,,,,
10,,,,,,,,,,,
10,,,,,,,,,,,
9,,,,,,,,,,,
Fighter_824,Fighter_886,,01/14/2000,r,TKO,Judge_153,Judge_117,Judge_003
https://example.com/video
9,10,10,10,10,10,10,10,10,9,10,
10,9,8,8,9,9,9,9,9,10,9,
9,10,10,10,10,10,10,10,10,9,10,
10,9,9,8,9,9,9,9,9,10,9,
9,10,10,10,10,10,10,10,10,10,10,
10,9,9,8,9,9,9,9,9,9,9,
Fighter_1190,Fighter_748,,01/15/2000,r,TKO,Judge_472,Judge_117,Judge_051
https://example.com/video
9,10,10,,,,,,,,,
10,9,9,,,,,,,,,
9,9,10,,,,,,,,,
10,10,9,,,,,,,,,
9,9,10,,,,,,,,,
10,10,9,,,,,,,,,
Fighter_1209,Fighter_824,2,01/16/2000,b,UD,Judge_432,Judge_227,Judge_102
https://example.com/video
9,9,10,10,10,9,9,10,9,9,9,9
10,10,9,9,9,10,10,9,10,10,10,10
9,9,9,10,10,9,9,9,9,9,9,9
10,10,10,9,9,10,10,10,10,10,10,10
10,9,9,10,10,9,9,9,10,9,9,9
9,10,10,9,9,10,10,10,9,10,10,10
Fighter_411,Fighter_829,1,01/17/2000,r,SD,Judge_082,Judge_104,Judge_153
https://example.com/video
9,9,10,10,10,10,10,9,9,10,10,8
10,10,9,9,9,9,9,10,10,9,9,10
9,9,10,9,10,10,10,10,10,10,10,8
10,10,9,10,9,9,9,9,9,9,9,10
9,10,10,9,10,9,10,9,10,10,9,8
10,9,9,10,9,10,9,10,9,9,10,10
Fighter_582,Fighter_1147,,01/18/2000,b,TKO,Judge_225,Judge_162,Judge_534
https://example.com/video
9,9,9,9,9,9,9,9,9,,,
10,10,10,10,10,10,10,10,10,,,
10,9,9,9,9,9,9,9,9,,,
9,10,10,10,10,10,10,10,10,,,
9,9,9,9,9,9,9,9,9,,,
10,10,10,10,10,10,10,10,10,,,
Fighter_411,Fighter_824,1,01/19/2000,r,UD,Judge_095,Judge_117,Judge_477
https://example.com/video
9,10,9,10,10,10,9,10,9,10,10,9
10,9,10,9,9,9,10,9,10,9,9,10
9,10,9,10,10,10,9,10,9,10,10,9
10,9,10,9,9,9,10,9,10,9,9,10
9,10,9,10,10,9,10,10,9,10,10,9
10,9,10,9,9,10,9,9,10,9,9,10
Fighter_146,Fighter_1010,,01/20/2000,r,KO,Judge_433,Judge_641,Judge_161
https://example.com/video
10,10,10,10,,,,,,,,
9,9,8,9,,,,,,,,
10,10,10,10,,,,,,,,
9,9,8,9,,,,,,,,
10,10,10,10,,,,,,,,
9,9,8,9,,,,,,,,
Fighter_1252,Fighter_683,,01/21/2000,r,KO,Judge_513,Judge_003,Judge_382
https://example.com/video
10,10,10,,,,,,,,,
8,9,9,,,,,,,,,
10,10,10,,,,,,,,,
8,9,9,,,,,,,,,
10,10,10,,,,,,,,,
8,9,9,,,,,,,,,
Fighter_1252,Fighter_1189,,01/22/2000,b,UD,Judge_342,Judge_577,Judge_594
https://example.com/video
9,9,9,9,9,9,9,9,9,9,10,9
10,10,10,10,10,10,10,10,10,10,9,10
9,9,9,9,9,9,9,10,9,10,10,9
10,10,10,10,10,10,10,9,10,9,9,10
9,9,9,9,9,9,9,10,10,10,10,9
10,10,10,10,10,10,10,9,9,9,9,10
Fighter_824,Fighter_614,,01/23/2000,b,UD,Judge_497,Judge_089,Judge_629
https://example.com/video
9,9,10,9,10,9,9,9,10,10,10,9
10,10,9,10,9,10,10,10,9,9,9,10
9,10,10,9,9,9,9,10,10,10,9,9
10,9,9,10,10,10,10,9,9,9,10,10
9,9,10,9,9,9,9,10,10,9,9,9
10,10,9,10,10,10,10,9,9,10,10,10
Fighter_488,Fighter_021,,01/24/2000,r,KO,Judge_299,Judge_055,Judge_117
https://example.com/video
10,,,,,,,,,,,
9,,,,,,,,,,,
10,,,,,,,,,,,
9,,,,,,,,,,,
9,,,,,,,,,,,
10,,,,,,,,,,,
Fighter_1028,Fighter_686,,01/25/2000,b,UD,Judge_524,Judge_382,Judge_547
https://example.com/video
9,9,10,10,9,10,9,9,9,9,8,9
10,10,9,9,10,9,10,10,10,10,10,10
9,9,9,10,9,10,10,9,9,9,8,9
10,10,10,9,10,9,9,10,10,10,10,10
10,9,9,10,10,10,9,9,9,10,8,9
9,10,10,9,9,9,10,10,10,9,10,10
Fighter_1025,Fighter_1202,2,01/26/2000,d,SD,Judge_602,Judge_104,Judge_299
https://example.com/video
10,10,8,9,10,10,9,9,10,10,8,10
9,9,10,10,8,9,10,10,9,9,10,9
9,9,8,10,10,9,10,9,10,10,8,10
10,10,10,9,8,10,9,10,9,9,10,8
9,9,8,10,10,9,10,9,10,10,8,10
10,10,10,9,8,10,9,10,9,9,10,9
Fighter_1252,Fighter_511,,01/27/2000,r,RTD,Judge_225,Judge_577,Judge_363
https://example.com/video
9,10,10,10,10,10,,,,,,
10,9,9,9,9,8,,,,,,
10,10,10,10,10,10,,,,,,
9,9,9,9,9,8,,,,,,
9,10,10,10,10,10,,,,,,
10,9,9,9,9,8,,,,,,
Fighter_917,Fighter_867,,01/28/2000,r,KO,Judge_472,Judge_149,Judge_594
https://example.com/video
10,10,,,,,,,,,,
9,8,,,,,,,,,,
10,10,,,,,,,,,,
9,8,,,,,,,,,,
10,10,,,,,,,,,,
9,8,,,,,,,,,,
Fighter_1209,Fighter_193,,01/29/2000,r,TKO,Judge_225,Judge_227,Judge_003
https://example.com/video
10,10,10,10,10,10,10,10,,,,
9,9,9,9,9,9,9,9,,,,
10,10,10,10,10,10,10,10,,,,
9,9,9,9,9,9,9,9,,,,
10,10,10,10,10,10,10,10,,,,
9,9,9,9,9,9,9,9,,,,
Fighter_824,Fighter_411,2,01/30/2000,r,TKO,Judge_299,Judge_117,Judge_477
https://example.com/video
10,10,9,9,9,10,10,10,10,,,
9,9,10,10,10,9,9,9,9,,,
9,10,9,9,9,10,10,10,10,,,
10,9,10,10,10,9,9,9,9,,,
10,10,9,9,9,10,10,10,10,,,
9,9,10,10,10,9,9,9,9,,,
Fighter_451,Fighter_349,,01/31/2000,r,TKO,Judge_299,Judge_319,Judge_033
https://example.com/video
10,10,10,10,10,10,10,10,10,,,
9,9,9,9,9,9,7,9,9,,,
10,10,10,10,10,10,10,10,10,,,
9,9,9,9,9,9,6,9,9,,,
10,10,10,10,10,10,10,10,9,,,
9,9,9,9,9,9,6,9,10,,,
Fighter_451,Fighter_485,,02/01/2000,r,RTD,Judge_587,Judge_063,Judge_095
https://example.com/video
10,10,10,10,10,10,10,9,,,,
9,9,9,9,9,9,9,10,,,,
10,10,10,10,10,10,10,10,,,,
9,9,9,9,9,9,9,9,,,,
10,10,10,10,10,10,10,9,,,,
9,9,9,9,9,9,9,10,,,,
Fighter_1190,Fighter_382,,02/02/2000,r,TKO,Judge_538,Judge_605,Judge_629
https://example.com/video
10,9,10,10,10,10,10,10,,,,
9,10,9,9,9,9,8,9,,,,
10,9,9,10,10,10,10,10,,,,
9,10,10,9,9,9,8,9,,,,
10,10,9,10,10,10,10,10,,,,
9,9,10,9,9,9,8,9,,,,
Fighter_598,Fighter_155,,02/03/2000,r,TKO,Judge_029,Judge_068,Judge_415
https://example.com/video
10,10,,,,,,,,,,
9,9,,,,,,,,,,
10,10,,,,,,,,,,
9,9,,,,,,,,,,
10,10,,,,,,,,,,
9,9,,,,,,,,,,
Fighter_1301,Fighter_388,,02/04/2000,r,TKO,Judge_425,Judge_126,Judge_090
https://example.com/video
10,10,10,10,,,,,,,,
8,9,9,9,,,,,,,,
10,10,10,10,,,,,,,,
8,9,9,9,,,,,,,,
10,10,10,10,,,,,,,,
8,9,9,9,,,,,,,,
Fighter_146,Fighter_834,,02/05/2000,r,KO,Judge_365,Judge_048,Judge_051
https://example.com/video
9,10,10,10,10,10,10,10,,,,
10,9,9,9,9,9,8,9,,,,
9,9,9,10,10,10,10,10,,,,
10,10,10,9,9,9,8,9,,,,
9,9,9,10,10,10,10,10,,,,
10,10,10,9,9,9,8,9,,,,
Fighter_953,Fighter_146,,02/06/2000,b,TKO,Judge_538,Judge_324,Judge_323
https://example.com/video
9,10,10,10,9,9,10,10,9,,,
10,9,9,9,10,10,9,9,10,,,
9,9,9,10,9,10,9,10,8,,,
10,10,10,9,10,9,10,9,10,,,
9,10,10,10,9,10,10,10,9,,,
10,9,9,9,10,9,9,9,10,,,
Fighter_941,Fighter_928,,02/07/2000,b,TKO,Judge_003,Judge_575,Judge_591
https://example.com/video
9,10,8,9,9,,,,,,,
10,9,10,10,10,,,,,,,
10,10,8,9,9,,,,,,,
9,9,10,10,10,,,,,,,
10,10,8,9,9,,,,,,,
9,9,10,10,10,,,,,,,
Fighter_592,Fighter_766,,02/08/2000,r,KO,Judge_225,Judge_170,Judge_090
https://example.com/video
10,10,10,10,10,,,,,,,
9,9,9,9,9,,,,,,,
10,10,10,10,10,,,,,,,
9,9,9,9,9,,,,,,,
10,10,10,10,10,,,,,,,
9,9,9,9,9,,,,,,,
Fighter_886,Fighter_120,1,02/09/2000,b,TKO,Judge_223,Judge_299,Judge_117
https://example.com/video
10,9,10,9,10,10,9,9,9,9,,
9,10,9,10,9,9,10,10,10,10,,
10,9,10,10,10,9,9,9,9,9,,
9,10,9,9,9,10,10,10,10,10,,
10,9,10,10,10,9,9,10,9,9,,
9,10,9,9,9,10,10,9,10,10,,
Fighter_970,Fighter_448,,02/10/2000,r,TKO,Judge_472,Judge_152,Judge_477
https://example.com/video
9,10,9,10,9,9,9,10,9,10,,
10,9,10,9,10,10,10,9,10,10,,
9,10,9,10,9,10,10,10,9,10,,
10,9,10,9,10,9,9,9,10,9,,
9,10,9,10,9,10,10,10,9,10,,
10,9,10,9,10,9,9,9,10,9,,
Fighter_970,Fighter_639,,02/11/2000,r,RTD,Judge_300,Judge_500,Judge_269
https://example.com/video
10,10,10,10,10,10,10,10,10,10,,
9,9,9,9,9,9,9,9,9,8,,
10,10,10,10,10,10,10,10,10,10,,
8,8,9,9,9,9,9,9,9,8,,
10,10,10,10,10,10,10,10,10,10,,
8,8,9,9,9,9,9,9,9,8,,
Fighter_120,Fighter_1149,,02/12/2000,b,TKO,Judge_280,Judge_425,Judge_453
https://example.com/video
9,9,9,9,9,9,9,8,,,,
10,10,10,10,10,10,10,10,,,,
9,9,9,9,9,9,10,8,,,,
10,10,10,10,10,10,9,10,,,,
9,10,9,9,9,9,10,8,,,,
10,9,10,10,10,10,9,10,,,,
Fighter_829,Fighter_411,2,02/13/2000,r,UD,Judge_153,Judge_095,Judge_441
https://example.com/video
10,10,9,9,9,9,10,10,10,9,10,10
9,9,10,10,10,10,9,9,9,10,9,9
10,10,10,9,9,9,10,10,10,9,10,10
9,9,9,10,10,10,9,9,9,10,9,9
9,10,9,9,10,9,10,10,10,9,10,10
10,9,10,10,9,10,9,9,9,10,9,9
Fighter_1025,Fighter_1202,1,02/14/2000,r,TKO,Judge_153,Judge_385,Judge_097
https://example.com/video
9,9,10,9,9,10,10,10,9,9,9,9
10,10,9,10,10,9,9,9,10,10,10,10
9,9,9,9,9,10,10,10,9,10,9,9
10,10,10,10,10,9,9,9,10,10,10,10
9,9,10,9,9,10,10,9,9,9,9,9
10,10,9,10,10,9,9,10,10,10,10,10
Fighter_886,Fighter_120,2,02/15/2000,r,RTD,Judge_342,Judge_577,Judge_324
https://example.com/video
10,10,10,10,10,10,10,10,9,,,
9,9,9,9,9,9,9,9,10,,,
10,10,10,9,10,10,10,10,10,,,
9,9,9,10,9,9,9,9,9,,,
10,10,10,10,10,10,9,10,10,,,
9,9,9,9,9,9,10,9,9,,,
Fighter_824,Fighter_702,,02/16/2000,r,UD,Judge_153,Judge_380,Judge_453
https://example.com/video
10,10,10,10,10,10,10,10,10,10,10,10
9,9,9,9,9,9,9,9,9,9,9,9
10,10,9,10,10,10,10,10,10,10,10,10
9,9,10,9,9,9,9,9,9,9,9,9
10,10,9,10,10,10,10,10,10,10,10,10
9,9,10,9,9,9,9,9,9,9,9,9
Fighter_1209,Fighter_1090,,02/17/2000,r,UD,Judge_417,Judge_500,Judge_297
https://example.com/video
9,9,10,10,10,9,10,10,10,10,9,8
10,10,9,9,9,10,9,9,9,9,10,10
9,9,10,10,10,9,10,10,10,10,10,8
10,10,9,9,9,10,9,9,9,9,9,10
9,9,10,10,10,9,10,10,10,10,9,8
10,10,9,9,9,10,9,9,9,9,10,10
Fighter_614,Fighter_1190,,02/18/2000,b,TKO,Judge_073,Judge_234,Judge_005
https://example.com/video
9,9,9,9,9,9,9,9,,,,
10,10,10,10,10,10,10,10,,,,
9,9,9,9,9,9,9,9,,,,
10,10,10,10,10,10,10,10,,,,
9,9,9,9,9,9,9,9,,,,
10,10,10,10,10,10,10,10,,,,
Fighter_917,Fighter_982,,02/19/2000,r,KO,Judge_261,Judge_538,Judge_184
https://example.com/video
10,10,10,10,10,10,10,10,10,10,,
9,9,9,9,9,9,9,9,9,9,,
10,10,10,10,10,10,10,10,10,10,,
9,9,9,9,9,9,9,9,9,9,,
10,10,10,10,10,10,10,10,10,10,,
9,9,9,9,9,9,9,9,9,9,,
Fighter_1252,Fighter_848,,02/20/2000,r,TKO,Judge_472,Judge_117,Judge_577
https://example.com/video
10,10,10,9,10,10,10,9,,,,
9,9,9,10,8,9,9,10,,,,
10,10,10,10,10,10,10,10,,,,
9,9,9,9,8,9,9,9,,,,
10,10,10,10,10,10,10,10,,,,
9,9,9,9,8,9,9,9,,,,
Fighter_340,Fighter_1239,2,02/21/2000,b,TKO,Judge_225,Judge_117,Judge_577
https://example.com/video
9,10,8,9,8,9,,,,,,
10,9,10,10,9,10,,,,,,
9,9,8,9,8,9,,,,,,
10,10,10,10,9,10,,,,,,
9,9,8,9,8,9,,,,,,
10,10,10,10,9,10,,,,,,
Fighter_1209,Fighter_716,,02/22/2000,r,SD,Judge_225,Judge_472,Judge_524
https://example.com/video
9,10,9,9,10,10,10,9,9,9,9,10
10,9,10,10,9,9,9,10,10,10,10,9
9,10,9,10,10,10,10,9,9,10,10,10
10,9,10,9,9,9,9,10,10,9,9,9
10,10,10,9,10,10,10,10,9,9,9,9
9,9,9,10,9,9,9,9,10,10,10,10
Fighter_1190,Fighter_678,,02/23/2000,r,TKO,Judge_225,Judge_380,Judge_523
https://example.com/video
9,10,10,9,9,10,10,10,10,10,10,
10,9,9,10,10,9,9,9,9,9,9,
10,10,10,10,10,10,10,10,10,10,10,
9,9,9,9,9,9,9,9,9,9,9,
10,10,10,9,10,9,10,10,10,10,10,
9,9,9,10,9,10,9,9,9,9,9,
Fighter_181,Fighter_1122,,02/24/2000,r,TKO,Judge_327,Judge_563,Judge_517
https://example.com/video
10,10,10,10,10,10,,,,,,
9,9,9,9,8,9,,,,,,
10,10,10,10,10,9,,,,,,
9,9,9,9,9,10,,,,,,
10,10,10,10,10,9,,,,,,
9,9,9,9,9,10,,,,,,
Fighter_701,Fighter_572,,02/25/2000,r,SD,Judge_259,Judge_256,Judge_615
https://example.com/video
9,10,10,10,9,9,10,8,10,10,9,10
10,9,9,9,10,10,9,10,9,8,9,9
9,10,10,9,9,9,10,8,10,10,9,9
10,9,9,10,10,10,9,10,9,8,9,10
9,10,10,9,9,9,10,8,10,10,9,10
10,9,9,10,10,10,9,10,9,8,9,9
Fighter_592,Fighter_660,,02/26/2000,r,TKO,Judge_472,Judge_577,Judge_425
https://example.com/video
10,10,,,,,,,,,,
9,9,,,,,,,,,,
10,10,,,,,,,,,,
9,9,,,,,,,,,,
10,10,,,,,,,,,,
9,9,,,,,,,,,,
Fighter_451,Fighter_682,1,02/27/2000,r,UD,Judge_299,Judge_319,Judge_033
https://example.com/video
10,10,10,10,10,9,9,10,10,9,9,9
9,9,9,9,9,10,10,8,9,9,10,10
10,10,10,10,10,9,9,10,9,9,9,10
9,9,9,9,9,10,10,8,10,9,10,9
10,10,10,10,9,9,9,10,10,9,10,10
9,9,9,9,10,10,10,8,9,10,9,9
Fighter_451,Fighter_1326,,02/28/2000,r,UD,Judge_223,Judge_299,Judge_117
https://example.com/video
10,10,10,10,10,10,10,10,10,10,10,9
9,9,9,9,9,9,9,9,9,9,9,10
9,9,10,10,10,10,10,10,10,10,10,9
10,10,9,9,9,9,9,9,9,9,9,10
9,9,10,9,10,10,10,10,10,10,10,9
10,10,9,10,9,9,9,9,9,9,9,10
Fighter_347,Fighter_489,,02/29/2000,r,UD,Judge_379,Judge_400,Judge_102
https://example.com/video
10,10,10,10,10,10,10,10,10,10,9,10
9,9,9,9,9,9,9,9,9,9,10,9
9,10,10,10,10,10,10,10,10,10,10,9
10,9,9,9,9,9,9,9,9,9,9,10
9,10,10,10,10,10,10,9,10,10,10,10
10,9,9,9,9,9,9,10,9,9,9,9
Fighter_1084,Fighter_724,,03/01/2000,r,UD,Judge_486,Judge_376,Judge_518
https://example.com/video
10,9,10,10,10,10,10,10,10,10,10,10
8,10,9,9,8,9,9,9,9,9,9,8
10,9,9,10,10,10,10,10,10,10,10,10
8,10,10,9,8,9,9,9,9,9,9,8
10,9,10,10,10,10,10,10,10,10,10,10
8,10,9,9,8,9,9,9,9,9,9,8
Fighter_974,Fighter_1147,,03/02/2000,b,UD,Judge_117,Judge_126,Judge_594
https://example.com/video
9,9,9,9,9,8,9,9,9,10,9,10
10,10,10,10,10,10,10,10,10,9,10,9
9,9,10,8,9,8,9,9,10,9,9,10
10,10,9,10,10,10,10,10,10,10,10,9
9,9,9,9,9,8,10,9,9,10,9,10
10,10,10,10,10,10,9,10,10,9,10,9
Fighter_1239,Fighter_351,,03/03/2000,r,TKO,Judge_234,Judge_530,Judge_339
https://example.com/video
9,10,10,10,10,,,,,,,
10,9,9,9,9,,,,,,,
10,10,10,10,10,,,,,,,
9,9,9,9,9,,,,,,,
10,9,9,10,10,,,,,,,
9,10,10,9,9,,,,,,,
Fighter_824,Fighter_120,,03/04/2000,r,UD,Judge_341,Judge_224,Judge_466
https://example.com/video
10,10,10,10,10,10,10,10,10,10,10,10
9,9,9,9,9,9,9,9,9,9,9,9
10,10,10,10,10,9,10,9,10,10,10,10
9,9,9,9,9,10,9,10,9,9,9,9
10,10,10,10,10,9,10,10,10,10,10,10
9,9,9,9,9,10,9,9,9,9,9,9
Fighter_648,Fighter_861,,03/05/2000,r,MD,Judge_471,Judge_214,Judge_126
https://example.com/video
9,9,10,10,10,9,10,10,9,9,10,10
10,10,9,9,9,10,9,9,10,10,9,9
9,10,10,10,9,9,10,10,9,9,10,10
10,9,9,9,10,10,9,9,10,10,8,9
9,9,10,10,9,9,10,10,9,9,10,10
10,10,9,9,10,10,9,9,10,10,9,9
Fighter_986,Fighter_661,1,03/06/2000,r,UD,Judge_241,Judge_153,Judge_187
https://example.com/video
9,10,10,9,10,10,9,10,9,9,10,10
10,9,9,10,9,9,10,9,10,10,10,9
9,10,10,9,9,10,10,10,10,9,10,10
10,9,9,10,10,9,9,9,9,10,9,10
9,10,10,10,9,10,10,9,9,10,10,10
10,9,9,9,10,9,9,10,10,9,9,10
Fighter_1149,Fighter_970,2,03/07/2000,r,UD,Judge_569,Judge_153,Judge_033
https://example.com/video
10,9,9,9,10,10,9,9,10,10,10,10
9,10,10,10,9,9,10,10,9,9,9,9
9,10,9,9,10,10,9,9,10,10,10,10
10,9,10,10,9,9,10,10,9,9,9,9
10,9,10,9,9,9,9,10,10,10,10,10
9,10,9,10,10,10,10,9,9,9,9,9
Fighter_1054,Fighter_1098,2,03/08/2000,b,TKO,Judge_569,Judge_500,Judge_294
https://example.com/video
10,,,,,,,,,,,
9,,,,,,,,,,,
9,,,,,,,,,,,
10,,,,,,,,,,,
10,,,,,,,,,,,
9,,,,,,,,,,,
Fighter_384,Fighter_648,,03/09/2000,b,TKO,Judge_342,Judge_472,Judge_117
https://example.com/video
9,9,9,9,9,9,10,9,,,,
10,10,10,10,10,10,9,10,,,,
9,9,9,9,9,10,9,9,,,,
10,10,10,10,10,9,10,10,,,,
9,9,9,9,9,9,9,9,,,,
10,10,10,10,10,10,10,10,,,,
Fighter_1062,Fighter_550,,03/10/2000,r,SD,Judge_602,Judge_220,Judge_114
https://example.com/video
10,9,10,9,10,9,10,9,10,10,10,10
9,10,9,10,10,10,9,10,9,9,8,9
10,10,10,10,9,9,10,10,10,10,10,10
9,10,9,10,10,10,9,10,9,9,8,9
10,9,9,9,9,9,9,9,10,10,10,10
10,10,10,10,10,10,10,10,9,9,8,10
Fighter_970,Fighter_545,,03/11/2000,r,SD,Judge_357,Judge_319,Judge_375
https://example.com/video
10,9,10,10,9,10,9,10,9,10,10,10
9,10,9,9,10,10,10,9,10,9,9,8
9,10,10,10,10,9,9,9,10,10,10,10
10,9,9,9,10,10,10,10,9,9,10,8
10,9,9,10,9,9,9,10,9,10,10,10
9,10,10,10,10,10,10,10,10,9,9,8
Fighter_581,Fighter_038,,03/12/2000,r,UD,Judge_330,Judge_093,Judge_387
https://example.com/video
10,10,9,10,10,9,10,10,10,10,,
9,9,10,9,9,10,9,9,9,9,,
10,10,10,10,9,10,10,10,10,9,,
9,9,9,9,10,9,9,9,9,10,,
10,10,10,10,10,10,10,10,10,9,,
9,9,9,9,9,9,9,9,9,10,,
Fighter_1176,Fighter_618,,03/13/2000,r,RTD,Judge_440,Judge_093,Judge_473
https://example.com/video
9,9,10,10,10,,,,,,,
10,10,9,9,8,,,,,,,
9,10,9,10,10,,,,,,,
10,9,10,9,8,,,,,,,
9,10,9,10,10,,,,,,,
10,9,10,9,8,,,,,,,
Fighter_394,Fighter_694,,03/14/2000,r,MD,Judge_440,Judge_473,Judge_556
https://example.com/video
9,9,9,9,10,9,10,10,10,10,,
10,10,10,10,9,10,8,9,9,8,,
9,9,9,9,9,9,10,10,10,10,,
10,10,10,10,10,10,8,9,9,8,,
10,9,9,9,10,10,10,10,10,10,,
9,10,10,10,9,9,8,9,9,8,,
Fighter_837,Fighter_705,,03/15/2000,r,TKO,Judge_126,Judge_167,Judge_612
https://example.com/video
10,10,10,10,10,10,10,,,,,
9,9,9,9,9,9,9,,,,,
10,10,10,10,10,10,10,,,,,
9,9,9,9,9,9,9,,,,,
10,10,10,10,10,10,10,,,,,
9,9,9,9,9,9,9,,,,,
Fighter_1037,Fighter_943,,03/16/2000,b,UD,Judge_017,Judge_126,Judge_594
https://example.com/video
10,9,9,9,9,9,9,9,9,9,9,9
9,10,10,10,10,10,10,10,10,10,10,10
9,9,9,10,9,10,9,9,10,9,9,10
10,10,10,9,10,9,10,10,9,10,10,9
9,9,9,9,9,10,10,9,10,9,9,9
10,10,10,10,10,9,9,10,9,10,10,10
Fighter_593,Fighter_738,,03/17/2000,r,UD,Judge_583,Judge_113,Judge_480
https://example.com/video
10,10,10,10,10,10,10,10,10,10,10,10
9,9,9,9,9,9,9,9,9,9,9,9
10,10,10,10,10,10,10,10,10,10,10,10
9,9,9,9,9,9,9,9,9,9,9,9
10,10,10,10,10,10,10,10,10,10,10,10
9,9,9,9,9,9,9,9,9,9,9,9
Fighter_331,Fighter_333,,03/18/2000,r,UD,Judge_630,Judge_576,Judge_480
https://example.com/video
10,10,10,10,10,10,10,10,10,10,,
9,8,9,9,9,9,9,9,9,8,,
10,10,10,10,10,10,10,10,10,10,,
9,8,9,9,9,9,9,9,9,8,,
10,10,10,10,10,10,10,10,10,10,,
9,8,9,9,9,9,9,9,9,8,,
Fighter_496,Fighter_526,,03/19/2000,r,TKO,Judge_117,Judge_630,Judge_576
https://example.com/video
9,10,10,10,10,9,10,10,,,,
10,9,9,9,9,10,9,9,,,,
9,10,10,10,10,10,10,10,,,,
10,9,9,9,9,9,9,9,,,,
10,10,10,10,10,9,10,10,,,,
9,9,9,9,9,10,9,9,,,,
Fighter_279,Fighter_621,,03/20/2000,b,TKO,Judge_099,Judge_527,Judge_320
https://example.com/video
8,8,,,,,,,,,,
10,10,,,,,,,,,,
8,8,,,,,,,,,,
10,10,,,,,,,,,,
8,8,,,,,,,,,,
10,10,,,,,,,,,,
Fighter_689,Fighter_377,,03/21/2000,b,KO,Judge_178,Judge_186,Judge_503
https://example.com/video
9,9,,,,,,,,,,
10,9,,,,,,,,,,
9,9,,,,,,,,,,
10,9,,,,,,,,,,
9,9,,,,,,,,,,
10,9,,,,,,,,,,
Fighter_097,Fighter_814,,03/22/2000,r,UD,Judge_641,Judge_161,Judge_186
https://example.com/video
10,10,9,10,9,9,10,9,10,9,10,9
9,7,10,9,10,10,8,10,9,10,9,10
9,10,9,10,9,10,10,9,10,9,10,9
10,7,10,9,10,9,8,10,9,10,9,10
10,10,9,9,9,9,10,9,10,9,10,9
9,7,10,10,10,10,8,10,9,10,9,10
Fighter_689,Fighter_363,,03/23/2000,r,TKO,Judge_225,Judge_515,Judge_090
https://example.com/video
10,10,10,,,,,,,,,
8,9,9,,,,,,,,,
10,10,10,,,,,,,,,
8,9,9,,,,,,,,,
10,10,10,,,,,,,,,
8,9,9,,,,,,,,,
Fighter_462,Fighter_1094,,03/24/2000,r,UD,Judge_149,Judge_594,Judge_090
https://example.com/video
10,10,10,10,10,10,10,10,10,10,,
9,9,9,9,9,9,9,9,9,9,,
10,10,10,10,10,10,10,10,10,10,,
9,9,9,9,9,9,9,9,9,9,,
10,10,10,10,10,10,10,10,10,10,,
9,9,9,9,9,9,9,9,9,9,,
Fighter_224,Fighter_972,,03/25/2000,r,KO,Judge_225,Judge_575,Judge_323
https://example.com/video
9,10,9,10,10,10,10,9,10,,,
10,9,10,9,9,9,9,10,9,,,
9,10,10,10,9,10,10,10,10,,,
10,9,9,9,10,9,9,9,9,,,
9,10,9,10,10,10,10,9,10,,,
10,9,10,9,9,9,9,10,9,,,
Fighter_1258,Fighter_1059,,03/26/2000,b,UD,Judge_225,Judge_126,Judge_594
https://example.com/video
9,9,10,10,9,9,10,10,9,9,,
10,10,9,9,10,10,9,9,10,10,,
9,9,10,9,10,9,10,10,9,9,,
10,10,9,10,9,10,9,9,10,10,,
9,9,10,10,9,9,10,10,9,9,,
10,10,9,9,10,10,9,9,10,10,,
Fighter_194,Fighter_1291,,03/27/2000,r,UD,Judge_411,Judge_107,Judge_382
https://example.com/video
10,10,8,10,10,10,10,10,10,10,,
9,9,10,9,9,9,9,9,9,9,,
10,10,8,10,10,10,10,10,10,10,,
9,9,10,9,9,9,9,9,9,9,,
10,10,8,10,10,10,10,10,10,10,,
9,9,10,9,9,9,9,9,9,9,,
Fighter_1070,Fighter_526,,03/28/2000,b,UD,Judge_018,Judge_199,Judge_444
https://example.com/video
9,9,9,9,9,9,9,9,9,10,10,10
10,10,10,10,10,10,10,10,10,9,9,9
9,9,9,9,9,9,9,9,9,10,10,9
10,10,10,10,10,10,10,10,10,9,9,10
9,9,9,9,9,9,9,9,9,10,10,10
10,10,10,10,10,10,10,10,10,9,9,9
Fighter_959,Fighter_1132,,03/29/2000,b,RTD,Judge_107,Judge_051,Judge_184
https://example.com/video
10,8,9,9,9,9,9,9,,,,
9,10,10,10,10,10,10,10,,,,
9,8,9,9,9,9,9,9,,,,
10,10,10,10,10,10,10,10,,,,
9,8,9,9,9,9,9,9,,,,
10,10,10,10,10,10,10,10,,,,
Fighter_1273,Fighter_640,,03/30/2000,r,TKO,Judge_528,Judge_323,Judge_363
https://example.com/video
10,10,10,10,10,,,,,,,
9,9,9,9,9,,,,,,,
10,10,10,10,10,,,,,,,
9,9,9,9,9,,,,,,,
10,10,10,10,10,,,,,,,
9,9,9,9,9,,,,,,,
Fighter_480,Fighter_1020,,03/31/2000,r,TKO,Judge_323,Judge_533,Judge_363
https://example.com/video
9,10,10,9,10,,,,,,,
10,9,9,10,9,,,,,,,
10,10,10,9,10,,,,,,,
9,9,9,10,9,,,,,,,
10,10,10,9,10,,,,,,,
9,9,9,10,9,,,,,,,
Fighter_017,Fighter_065,,04/01/2000,b,UD,Judge_577,Judge_412,Judge_407
https://example.com/video
10,10,9,9,9,9,9,10,9,9,,
9,9,10,10,10,10,10,9,10,10,,
10,10,9,9,9,9,9,10,9,9,,
9,9,10,10,10,10,10,9,10,10,,
10,9,10,9,9,9,10,10,9,9,,
9,10,9,10,10,10,9,9,10,10,,
Fighter_415,Fighter_794,,04/02/2000,r,KO,Judge_225,Judge_373,Judge_149
https://example.com/video
10,10,10,10,10,,,,,,,
9,9,9,9,9,,,,,,,
10,10,10,10,10,,,,,,,
9,9,9,9,9,,,,,,,
10,10,10,10,10,,,,,,,
9,9,9,9,9,,,,,,,
Fighter_462,Fighter_574,,04/03/2000,r,TKO,Judge_631,Judge_167,Judge_612
https://example.com/video
10,10,10,9,10,9,10,10,10,,,
9,9,9,10,9,10,9,9,8,,,
10,10,10,10,9,9,10,10,10,,,
9,9,9,9,10,10,9,9,8,,,
9,10,10,9,10,9,10,10,10,,,
10,9,9,10,9,10,9,9,8,,,
Fighter_792,Fighter_011,2,04/04/2000,r,UD,Judge_577,Judge_508,Judge_641
https://example.com/video
10,9,10,10,10,9,10,9,10,10,9,10
9,10,9,9,9,10,9,10,9,9,10,9
10,10,9,10,10,9,10,9,9,10,10,9
9,9,10,9,9,10,9,10,10,9,9,10
10,9,10,10,10,10,10,9,10,9,10,10
9,10,9,9,9,9,9,10,9,10,9,9
Fighter_631,Fighter_817,,04/05/2000,r,UD,Judge_577,Judge_356,Judge_407
https://example.com/video
10,10,10,10,9,9,10,10,10,9,,
9,9,9,9,10,10,9,9,9,10,,
10,10,9,9,9,10,10,10,10,10,,
9,9,10,10,10,9,9,9,9,9,,
10,9,10,10,9,10,10,10,10,10,,
9,10,9,9,10,9,9,9,9,9,,
Fighter_414,Fighter_482,,04/06/2000,r,TKO,Judge_609,Judge_629,Judge_026
https://example.com/video
10,10,10,10,10,10,10,,,,,
9,9,9,8,9,9,9,,,,,
10,10,10,10,10,10,10,,,,,
9,9,9,8,9,9,9,,,,,
10,10,10,10,10,10,10,,,,,
9,9,9,8,9,9,9,,,,,
Fighter_496,Fighter_1073,,04/07/2000,r,TKO,Judge_538,Judge_533,Judge_363
https://example.com/video
10,9,10,10,10,,,,,,,
9,10,9,9,9,,,,,,,
10,9,10,9,10,,,,,,,
9,10,9,10,9,,,,,,,
10,9,9,9,10,,,,,,,
9,10,10,10,9,,,,,,,
Fighter_815,Fighter_664,,04/08/2000,r,UD,Judge_229,Judge_131,Judge_089
https://example.com/video
9,9,10,10,9,10,10,10,10,9,,
10,10,9,9,10,9,9,9,9,10,,
9,9,10,10,9,10,10,9,10,10,,
10,10,9,9,10,9,9,10,9,9,,
9,10,10,10,9,10,10,10,9,9,,
10,9,9,9,10,9,9,9,10,10,,
Fighter_1308,Fighter_669,,04/09/2000,r,UD,Judge_229,Judge_131,Judge_089
https://example.com/video
10,10,10,10,10,10,10,10,10,10,,
9,9,9,9,9,9,9,9,9,9,,
10,10,10,10,10,10,10,10,10,10,,
9,9,9,9,9,9,9,9,9,9,,
10,10,10,10,10,10,10,10,10,10,,
9,9,9,9,9,9,9,9,9,9,,
Fighter_318,Fighter_322,,04/10/2000,r,TKO,Judge_089,Judge_594,Judge_286
https://example.com/video
10,10,,,,,,,,,,
8,8,,,,,,,,,,
10,10,,,,,,,,,,
9,8,,,,,,,,,,
10,10,,,,,,,,,,
9,8,,,,,,,,,,
Fighter_622,Fighter_196,2,04/11/2000,r,KO,Judge_225,Judge_126,Judge_641
https://example.com/video
10,10,10,9,10,10,10,10,10,,,
9,9,9,10,9,9,9,9,9,,,
10,9,10,9,10,9,10,10,10,,,
9,10,9,10,9,10,9,9,9,,,
10,10,9,10,10,9,10,10,10,,,
9,9,10,9,9,10,9,9,9,,,
Fighter_1302,Fighter_273,,04/12/2000,r,UD,Judge_225,Judge_323,Judge_601
https://example.com/video
10,10,9,9,10,10,10,7,10,10,10,10
9,9,10,10,9,9,9,10,9,9,9,9
10,10,9,10,9,10,10,7,10,10,10,9
9,9,10,9,10,9,9,10,9,9,9,10
10,10,10,10,10,10,9,7,9,9,10,10
9,9,9,9,9,9,10,10,10,10,9,9
Fighter_1222,Fighter_1135,,04/13/2000,r,UD,Judge_425,Judge_149,Judge_170
https://example.com/video
10,10,10,10,10,10,10,10,10,10,,
9,9,9,9,9,9,9,9,9,9,,
10,10,10,10,10,10,10,10,10,10,,
9,9,9,9,9,9,9,9,9,9,,
10,9,10,10,10,10,10,10,9,10,,
9,10,9,9,9,9,9,9,10,9,,
Fighter_409,Fighter_1120,,04/14/2000,b,RTD,Judge_117,Judge_577,Judge_594
https://example.com/video
10,8,10,10,9,10,10,9,9,,,
9,10,9,9,10,9,8,10,10,,,
10,8,10,10,9,10,10,9,9,,,
9,10,9,9,10,9,8,10,10,,,
10,8,10,10,9,10,10,9,9,,,
9,10,9,9,10,9,9,10,10,,,
Fighter_941,Fighter_1038,,04/15/2000,r,KO,Judge_384,Judge_425,Judge_347
https://example.com/video
10,9,10,,,,,,,,,
9,10,9,,,,,,,,,
10,10,9,,,,,,,,,
9,9,10,,,,,,,,,
10,9,10,,,,,,,,,
9,10,9,,,,,,,,,
Fighter_823,Fighter_1176,,04/16/2000,b,RTD,Judge_149,Judge_323,Judge_601
https://example.com/video
10,9,9,9,9,8,,,,,,
9,10,10,10,10,10,,,,,,
10,9,9,9,9,8,,,,,,
9,10,10,10,10,10,,,,,,
10,9,9,9,9,8,,,,,,
9,10,10,10,10,10,,,,,,
Fighter_878,Fighter_312,,04/17/2000,r,KO,Judge_425,Judge_575,Judge_641
https://example.com/video
10,10,,,,,,,,,,
9,9,,,,,,,,,,
10,10,,,,,,,,,,
9,9,,,,,,,,,,
10,10,,,,,,,,,,
9,9,,,,,,,,,,
Fighter_813,Fighter_224,,04/18/2000,r,SD,Judge_577,Judge_425,Judge_594
https://example.com/video
10,9,10,10,9,9,10,10,10,9,,
8,10,9,9,10,10,9,9,9,10,,
10,9,10,9,9,9,10,10,10,9,,
8,10,9,10,10,10,9,9,9,10,,
10,9,10,9,9,9,10,10,9,9,,
8,10,9,10,10,10,9,9,10,10,,
Fighter_631,Fighter_1274,,04/19/2000,r,TKO,Judge_225,Judge_170,Judge_382
https://example.com/video
9,9,10,10,10,,,,,,,
10,10,9,9,9,,,,,,,
9,10,10,10,10,,,,,,,
10,9,9,9,9,,,,,,,
10,10,9,10,10,,,,,,,
9,9,10,9,9,,,,,,,
Fighter_792,Fighter_744,,04/20/2000,r,UD,Judge_472,Judge_425,Judge_149
https://example.com/video
10,10,10,10,10,10,10,10,10,10,,
9,9,9,9,9,9,9,9,9,9,,
10,10,10,10,10,10,10,10,10,10,,
9,9,9,9,9,9,9,9,9,9,,
10,10,10,10,10,10,10,10,10,10,,
9,9,9,9,9,9,9,9,9,9,,
Fighter_747,Fighter_837,,04/21/2000,r,UD,Judge_117,Judge_577,Judge_594
https://example.com/video
10,10,10,10,10,9,10,10,10,10,9,10
9,9,9,9,9,10,9,9,9,9,10,9
10,10,10,10,10,10,10,9,10,9,9,10
9,9,9,9,9,9,9,10,9,10,10,9
9,10,10,10,10,10,10,10,10,9,10,10
10,9,9,9,9,9,9,9,9,10,9,9
Fighter_017,Fighter_540,,04/22/2000,r,KO,Judge_609,Judge_528,Judge_080
https://example.com/video
9,9,10,10,10,,,,,,,
10,10,9,8,9,,,,,,,
9,9,10,10,10,,,,,,,
10,10,9,8,9,,,,,,,
10,9,10,10,10,,,,,,,
9,10,9,8,9,,,,,,,
Fighter_478,Fighter_840,,04/23/2000,b,MD,Judge_252,Judge_395,Judge_407
https://example.com/video
9,9,10,10,9,9,9,10,10,9,9,10
10,10,9,9,10,10,10,9,9,10,10,9
9,9,10,10,10,10,9,10,9,9,9,10
10,10,9,9,9,9,10,9,10,10,10,9
9,9,10,9,10,9,9,10,10,9,9,10
10,10,9,10,9,10,10,9,9,10,10,9
Fighter_415,Fighter_779,,04/24/2000,r,RTD,Judge_342,Judge_577,Judge_149
https://example.com/video
10,10,10,10,10,10,10,,,,,
9,9,9,9,8,9,9,,,,,
10,10,10,10,10,10,10,,,,,
9,9,9,9,8,9,9,,,,,
10,10,10,10,10,10,10,,,,,
9,9,9,9,8,9,9,,,,,
Fighter_010,Fighter_817,,04/25/2000,b,UD,Judge_472,Judge_117,Judge_382
https://example.com/video
10,9,10,10,9,9,9,9,10,9,,
9,10,9,9,10,10,10,10,9,10,,
10,10,10,9,9,9,9,9,10,9,,
9,9,9,10,10,10,10,10,9,10,,
10,10,9,9,9,9,9,9,9,9,,
9,9,10,10,10,10,10,10,10,10,,
Fighter_1093,Fighter_960,,04/26/2000,b,SD,Judge_225,Judge_577,Judge_090
https://example.com/video
9,9,9,10,9,10,9,10,9,10,,
10,10,10,9,10,9,9,9,10,9,,
9,9,9,10,10,10,9,10,9,10,,
10,10,10,9,9,9,9,9,10,9,,
9,9,9,9,9,10,9,10,9,10,,
10,10,10,10,10,9,9,9,10,9,,
Fighter_883,Fighter_685,,04/27/2000,r,UD,Judge_425,Judge_126,Judge_382
https://example.com/video
10,10,10,10,10,10,10,10,10,10,,
9,9,9,9,9,9,9,9,9,9,,
10,10,10,10,10,10,10,10,10,10,,
9,9,9,9,9,9,9,9,9,9,,
10,10,10,10,10,10,10,10,10,10,,
9,9,9,9,9,9,9,9,9,9,,
Fighter_581,Fighter_1013,,04/28/2000,b,TKO,Judge_472,Judge_425,Judge_149
https://example.com/video
10,10,10,9,9,9,10,9,,,,
9,9,9,10,9,10,9,10,,,,
10,10,9,9,9,9,9,9,,,,
9,9,10,10,9,10,10,10,,,,
10,10,9,9,9,9,9,9,,,,
9,9,10,10,9,10,10,10,,,,
Fighter_462,Fighter_1076,,04/29/2000,r,TKO,Judge_107,Judge_600,Judge_399
https://example.com/video
10,10,10,,,,,,,,,
9,9,9,,,,,,,,,
10,10,10,,,,,,,,,
9,9,9,,,,,,,,,
10,10,10,,,,,,,,,
9,9,9,,,,,,,,,
Fighter_375,Fighter_889,,04/30/2000,r,UD,Judge_425,Judge_641,Judge_106
https://example.com/video
9,10,10,10,10,10,10,10,10,10,,
10,9,8,9,9,9,9,9,9,9,,
9,10,10,10,10,10,10,10,10,10,,
10,9,8,9,9,9,9,9,9,9,,
9,10,10,10,10,10,10,10,10,10,,
10,9,8,9,9,9,9,9,9,9,,
Fighter_1120,Fighter_1135,,05/01/2000,r,UD,Judge_384,Judge_017,Judge_601
https://example.com/video
10,10,10,10,9,9,10,10,10,10,10,10
9,9,9,9,10,10,9,9,9,9,9,9
10,10,10,9,10,10,10,10,9,10,10,9
9,9,9,10,9,9,9,9,10,9,9,10
10,10,10,9,10,10,9,10,9,9,10,9
9,9,9,10,9,9,10,9,10,10,9,10
Fighter_478,Fighter_696,,05/02/2000,r,UD,Judge_117,Judge_450,Judge_113
https://example.com/video
10,9,10,10,9,10,10,10,10,10,10,9
9,10,9,9,10,9,9,9,9,9,9,10
10,9,10,10,10,10,10,10,10,9,10,9
9,10,9,9,9,9,9,9,9,10,9,10
10,9,10,9,9,10,10,10,10,9,10,9
9,10,9,10,10,9,9,9,9,10,9,10
Fighter_479,Fighter_057,,05/03/2000,r,MD,Judge_575,Judge_051,Judge_382
https://example.com/video
10,10,9,10,9,9,10,10,10,9,,
9,9,10,9,10,10,9,9,9,10,,
10,10,10,10,9,10,9,9,9,10,,
9,9,9,9,10,9,10,10,10,9,,
9,10,10,10,9,9,9,10,10,9,,
10,9,9,9,10,10,10,9,9,10,,
Fighter_1009,Fighter_374,,05/04/2000,r,MD,Judge_472,Judge_425,Judge_170
https://example.com/video
10,9,10,10,9,10,10,9,10,9,,
9,10,9,9,10,9,9,10,9,10,,
10,9,10,9,9,10,10,9,10,9,,
9,10,9,10,10,9,9,10,9,10,,
10,9,10,9,10,10,10,10,10,10,,
9,10,9,10,9,9,9,9,9,9,,
Fighter_190,Fighter_1166,,05/05/2000,b,MD,Judge_117,Judge_126,Judge_594
https://example.com/video
9,10,9,9,9,10,9,10,10,9,9,9
10,9,10,10,10,9,10,9,9,10,10,10
9,10,10,9,9,10,9,9,10,10,9,10
10,9,9,10,10,9,10,10,9,9,10,9
9,10,9,9,9,10,9,10,9,10,9,9
10,9,10,10,10,9,10,9,10,9,10,10
Fighter_678,Fighter_455,,05/06/2000,d,MD,Judge_093,Judge_131,Judge_547
https://example.com/video
9,9,10,9,10,10,10,10,9,9,,
10,10,9,10,9,9,9,9,10,10,,
9,10,10,9,10,9,9,10,10,9,,
10,9,9,10,9,10,10,9,9,10,,
9,10,10,9,10,10,10,10,9,9,,
10,9,9,10,9,9,9,9,10,10,,
Fighter_318,Fighter_777,,05/07/2000,r,TKO,Judge_093,Judge_131,Judge_547
https://example.com/video
10,10,10,10,10,10,,,,,,
9,9,9,9,9,9,,,,,,
10,10,10,10,10,10,,,,,,
9,9,9,9,9,9,,,,,,
10,10,10,10,10,10,,,,,,
9,9,9,9,9,9,,,,,,
Fighter_107,Fighter_830,,05/08/2000,r,TKO,Judge_425,Judge_382,Judge_594
https://example.com/video
10,9,9,,,,,,,,,
9,10,10,,,,,,,,,
10,9,9,,,,,,,,,
9,10,10,,,,,,,,,
10,9,10,,,,,,,,,
9,10,9,,,,,,,,,
Fighter_1113,Fighter_211,,05/09/2000,r,TKO,Judge_472,Judge_117,Judge_577
https://example.com/video
9,10,10,9,10,10,10,10,9,9,,
10,9,9,10,9,9,9,9,10,10,,
9,10,10,10,10,10,10,9,9,10,,
10,9,9,9,9,9,9,10,10,9,,
9,10,10,10,10,10,10,10,9,10,,
10,9,9,9,9,9,9,9,10,9,,
Fighter_380,Fighter_463,,05/10/2000,b,UD,Judge_126,Judge_323,Judge_382
https://example.com/video
9,9,9,10,9,10,8,9,9,9,,
10,10,10,9,10,9,10,10,10,10,,
9,9,9,10,9,10,8,9,10,9,,
10,10,10,9,10,9,10,10,9,10,,
10,10,9,9,9,9,8,9,9,9,,
9,9,10,10,10,10,10,10,10,10,,
Fighter_1060,Fighter_017,2,05/11/2000,r,TKO,Judge_472,Judge_425,Judge_149
https://example.com/video
10,10,10,10,10,,,,,,,
9,9,9,9,8,,,,,,,
10,10,10,10,10,,,,,,,
9,9,9,9,8,,,,,,,
10,10,10,10,10,,,,,,,
9,9,9,9,8,,,,,,,
Fighter_1120,Fighter_921,,05/12/2000,r,KO,Judge_471,Judge_641,Judge_548
https://example.com/video
9,10,10,10,10,,,,,,,
10,9,9,9,9,,,,,,,
10,10,10,10,10,,,,,,,
9,9,9,9,9,,,,,,,
9,9,10,10,10,,,,,,,
10,10,9,9,9,,,,,,,
Fighter_1009,Fighter_895,,05/13/2000,r,UD,Judge_471,Judge_178,Judge_548
https://example.com/video
10,10,10,10,10,10,10,10,10,10,,
9,8,9,9,9,9,9,9,9,9,,
10,10,10,10,10,10,10,10,10,10,,
9,8,9,9,9,9,9,9,9,9,,
10,10,10,10,10,10,10,10,10,10,,
9,8,9,9,9,9,9,9,9,9,,
Fighter_814,Fighter_247,,05/14/2000,r,TKO,Judge_433,Judge_107,Judge_600
https://example.com/video
8,10,10,8,9,,,,,,,
10,9,9,10,10,,,,,,,
8,10,10,8,9,,,,,,,
10,9,9,10,10,,,,,,,
8,10,10,8,10,,,,,,,
10,9,9,10,9,,,,,,,
Fighter_011,Fighter_635,,05/15/2000,r,SD,Judge_117,Judge_425,Judge_360
https://example.com/video
10,9,10,10,10,9,10,10,10,9,10,9
9,10,9,9,9,10,9,9,9,10,8,10
10,9,10,10,10,9,10,10,10,9,10,10
9,10,9,9,9,10,9,9,9,10,8,9
10,9,9,9,10,9,9,10,9,9,10,9
9,10,10,10,9,10,10,9,10,10,8,10
Fighter_1273,Fighter_1172,,05/16/2000,r,UD,Judge_122,Judge_288,Judge_286
https://example.com/video
10,10,10,10,10,10,,,,,,
8,8,9,9,9,9,,,,,,
10,10,10,10,10,10,,,,,,
8,8,9,9,9,9,,,,,,
10,10,10,10,10,10,,,,,,
8,8,9,9,9,9,,,,,,
Fighter_348,Fighter_817,,05/17/2000,b,UD,Judge_440,Judge_595,Judge_473
https://example.com/video
9,10,9,9,10,9,9,9,9,9,,
10,9,10,10,9,10,10,10,10,10,,
9,10,9,9,10,9,10,9,9,9,,
10,9,10,10,9,10,9,10,10,10,,
9,10,9,9,10,9,9,9,9,9,,
10,9,10,10,9,10,10,10,10,10,,
Fighter_976,Fighter_358,,05/18/2000,r,UD,Judge_609,Judge_605,Judge_629
https://example.com/video
10,10,10,10,10,10,10,10,9,9,10,9
9,9,9,9,9,9,9,9,10,10,9,10
10,10,10,10,10,9,10,10,9,9,10,9
9,9,9,9,9,10,9,9,10,10,9,10
10,10,10,10,10,10,10,10,9,9,10,10
9,9,9,9,9,9,9,9,10,10,9,9
Fighter_072,Fighter_549,,05/19/2000,r,MD,Judge_224,Judge_545,Judge_038
https://example.com/video
9,10,10,10,9,10,10,9,10,10,,
10,9,9,9,10,9,9,10,9,9,,
9,10,10,10,10,10,9,9,10,10,,
10,9,9,9,9,9,10,10,9,9,,
9,10,10,10,9,10,9,9,9,10,,
10,9,9,9,10,9,10,10,10,9,,
Fighter_1073,Fighter_114,,05/20/2000,r,TKO,Judge_631,Judge_533,Judge_382
https://example.com/video
10,9,10,10,9,10,,,,,,
9,10,9,9,9,9,,,,,,
10,10,10,10,9,10,,,,,,
9,9,9,9,8,9,,,,,,
10,10,10,10,9,10,,,,,,
9,9,9,9,8,9,,,,,,
Fighter_622,Fighter_196,1,05/21/2000,d,SD,Judge_577,Judge_453,Judge_594
https://example.com/video
9,10,9,9,10,9,9,9,9,10,10,10
10,9,10,10,9,10,10,10,10,8,9,9
10,10,9,10,10,10,9,10,9,10,10,10
9,9,10,9,9,9,10,9,10,9,9,9
9,10,9,9,10,10,9,9,9,10,10,10
10,9,10,10,9,9,10,10,10,9,9,9
Fighter_409,Fighter_615,,05/22/2000,r,KO,Judge_524,Judge_162,Judge_641
https://example.com/video
10,10,10,9,9,,,,,,,
9,9,9,10,10,,,,,,,
10,10,10,9,10,,,,,,,
9,9,9,10,9,,,,,,,
10,10,10,9,9,,,,,,,
9,9,9,10,10,,,,,,,
Fighter_555,Fighter_458,,05/23/2000,r,UD,Judge_301,Judge_498,Judge_181
https://example.com/video
10,9,10,10,10,9,9,10,10,10,,
9,10,9,9,9,10,10,9,9,8,,
10,10,10,10,9,10,10,10,10,10,,
9,9,9,9,10,9,9,9,9,8,,
10,10,10,10,10,10,10,10,10,10,,
9,9,9,9,9,9,9,9,9,8,,
Fighter_621,Fighter_714,,05/24/2000,r,UD,Judge_450,Judge_575,Judge_092
https://example.com/video
10,10,10,10,10,10,10,10,9,10,9,10
9,9,9,9,9,8,9,9,10,9,10,9
10,10,10,10,10,10,10,9,10,10,10,10
9,9,9,9,9,9,9,10,9,9,9,9
10,10,10,10,10,10,10,10,10,10,10,10
9,9,9,9,9,9,9,9,9,9,9,9
Fighter_883,Fighter_662,,05/25/2000,r,KO,Judge_384,Judge_297,Judge_161
https://example.com/video
9,10,10,10,10,8,10,,,,,
10,9,9,9,9,10,9,,,,,
10,10,9,10,10,8,10,,,,,
9,9,10,9,9,10,9,,,,,
9,10,10,10,10,8,10,,,,,
10,9,9,9,9,10,9,,,,,
Fighter_260,Fighter_1237,,05/26/2000,r,UD,Judge_077,Judge_641,Judge_186
https://example.com/video
10,10,10,9,10,10,10,10,9,10,10,10
9,9,9,10,9,9,9,9,10,9,9,9
10,10,10,10,10,10,10,10,9,10,9,9
9,9,9,9,9,9,9,9,10,9,10,10
10,10,9,10,10,10,10,10,9,10,10,10
9,9,10,9,9,9,9,9,10,9,9,9
Fighter_837,Fighter_496,,05/27/2000,b,TKO,Judge_126,Judge_048,Judge_641
https://example.com/video
9,10,9,10,9,9,9,7,10,9,,
10,9,10,9,10,10,10,10,9,10,,
10,10,9,10,9,9,9,7,10,9,,
9,9,10,9,10,10,10,10,9,10,,
10,10,9,10,9,9,9,7,10,9,,
9,9,10,9,10,10,10,10,9,10,,
Fighter_1302,Fighter_707,,05/28/2000,r,UD,Judge_384,Judge_548,Judge_145
https://example.com/video
10,10,10,9,10,10,10,10,10,10,,
9,9,9,10,9,9,9,9,9,9,,
10,10,10,9,10,10,10,10,10,10,,
9,9,9,10,9,9,9,9,9,9,,
10,10,10,9,10,10,10,10,10,10,,
9,9,9,10,9,9,9,9,9,9,,
Fighter_190,Fighter_813,,05/29/2000,r,KO,Judge_384,Judge_641,Judge_161
https://example.com/video
9,9,9,9,9,10,,,,,,
10,10,10,10,10,9,,,,,,
9,10,9,10,10,10,,,,,,
10,9,10,9,9,9,,,,,,
9,9,10,10,9,10,,,,,,
10,10,9,9,10,9,,,,,,
Fighter_1257,Fighter_1134,,05/30/2000,b,KO,Judge_328,Judge_355,Judge_461
https://example.com/video
10,,,,,,,,,,,
9,,,,,,,,,,,
10,,,,,,,,,,,
9,,,,,,,,,,,
10,,,,,,,,,,,
9,,,,,,,,,,,
Fighter_409,Fighter_568,,05/31/2000,r,UD,Judge_328,Judge_355,Judge_461
https://example.com/video
10,10,10,10,10,10,10,10,,,,
9,9,9,9,9,9,9,9,,,,
10,10,10,10,10,10,10,10,,,,
9,9,9,9,9,9,9,9,,,,
10,10,10,10,10,10,10,10,,,,
9,9,9,9,9,9,9,9,,,,
Fighter_1057,Fighter_811,,06/01/2000,r,UD,Judge_225,Judge_373,Judge_282
https://example.com/video
10,10,10,9,10,10,10,9,9,10,10,10
9,9,9,10,9,9,9,10,10,8,8,8
10,10,10,10,9,10,10,10,10,10,10,10
9,9,9,9,10,9,9,9,9,8,8,8
10,10,10,10,9,10,10,10,9,10,10,10
9,9,9,9,10,9,9,9,10,8,8,8
Fighter_306,Fighter_1105,,06/02/2000,r,TKO,Judge_324,Judge_605,Judge_135
https://example.com/video
10,10,10,10,10,10,,,,,,
8,9,9,9,9,9,,,,,,
10,10,10,10,10,10,,,,,,
8,9,9,9,9,9,,,,,,
10,10,10,10,10,10,,,,,,
8,9,9,9,9,9,,,,,,
Fighter_462,Fighter_1238,,06/03/2000,r,KO,Judge_519,Judge_146,Judge_288
https://example.com/video
10,10,10,10,,,,,,,,
9,7,9,8,,,,,,,,
10,10,10,10,,,,,,,,
9,7,9,8,,,,,,,,
10,10,10,10,,,,,,,,
9,8,9,8,,,,,,,,
Fighter_603,Fighter_119,,06/04/2000,r,KO,Judge_471,Judge_641,Judge_591
https://example.com/video
10,10,10,10,10,,,,,,,
8,9,9,9,9,,,,,,,
10,10,9,10,9,,,,,,,
8,9,10,9,10,,,,,,,
10,10,10,10,10,,,,,,,
8,9,9,9,9,,,,,,,
Fighter_1073,Fighter_162,,06/05/2000,r,TKO,Judge_577,Judge_149,Judge_356
https://example.com/video
10,10,10,10,10,10,,,,,,
8,9,9,9,9,7,,,,,,
10,10,10,10,10,10,,,,,,
8,9,9,9,9,7,,,,,,
10,10,10,10,10,10,,,,,,
8,9,9,9,9,7,,,,,,
Fighter_631,Fighter_757,,06/06/2000,r,UD,Judge_360,Judge_170,Judge_594
https://example.com/video
10,10,10,10,,,,,,,,
9,9,9,9,,,,,,,,
10,10,10,10,,,,,,,,
9,9,9,9,,,,,,,,
10,10,10,10,,,,,,,,
9,9,9,9,,,,,,,,
Fighter_480,Fighter_832,,06/07/2000,r,KO,Judge_373,Judge_363,Judge_314
https://example.com/video
10,10,10,,,,,,,,,
9,9,9,,,,,,,,,
10,10,10,,,,,,,,,
9,9,9,,,,,,,,,
10,10,10,,,,,,,,,
9,9,9,,,,,,,,,
Fighter_380,Fighter_879,,06/08/2000,r,TKO,Judge_003,Judge_515,Judge_382
https://example.com/video
10,,,,,,,,,,,
9,,,,,,,,,,,
10,,,,,,,,,,,
9,,,,,,,,,,,
10,,,,,,,,,,,
9,,,,,,,,,,,
Fighter_1057,Fighter_1020,,06/09/2000,d,SD,Judge_227,Judge_170,Judge_594
https://example.com/video
10,10,9,10,9,9,9,10,10,9,10,9
9,9,10,9,10,10,10,9,9,10,9,10
10,10,10,9,9,9,9,10,9,9,10,9
9,9,9,10,10,10,10,9,10,10,9,10
10,10,10,10,9,9,9,10,10,9,9,10
9,9,9,9,10,10,10,9,9,10,10,9
Fighter_1132,Fighter_288,,06/10/2000,d,MD,Judge_225,Judge_149,Judge_605
https://example.com/video
9,10,10,9,10,10,10,9,10,9,9,9
10,9,9,10,9,9,9,10,9,10,10,10
10,10,10,9,9,9,10,9,10,9,9,9
9,9,9,10,10,10,9,10,9,10,10,10
10,10,10,9,10,10,10,9,9,9,9,9
9,9,9,10,9,9,9,10,10,10,10,10
Fighter_631,Fighter_606,,06/11/2000,r,UD,Judge_384,Judge_425,Judge_641
https://example.com/video
9,10,10,10,10,10,10,10,10,10,,
10,9,9,9,9,9,8,9,9,9,,
9,10,10,10,10,10,10,10,9,9,,
10,9,9,9,9,9,8,9,10,10,,
9,10,10,10,10,10,10,10,10,10,,
10,9,9,9,9,9,8,9,9,9,,
Fighter_097,Fighter_256,,06/12/2000,r,UD,Judge_471,Judge_384,Judge_641
https://example.com/video
10,8,10,10,10,10,10,10,10,10,10,10
9,10,9,9,9,9,9,9,9,9,9,9
10,8,10,10,10,10,10,10,10,10,10,10
9,10,9,9,9,9,9,9,9,9,9,9
10,8,9,10,10,10,10,10,10,10,10,10
9,10,10,9,9,9,9,9,9,9,9,9
Fighter_260,Fighter_577,,06/13/2000,r,TKO,Judge_225,Judge_577,Judge_323
https://example.com/video
10,10,10,9,10,10,10,9,10,10,,
9,9,9,10,9,9,9,9,8,9,,
10,10,10,9,10,10,10,9,10,10,,
9,9,9,10,9,9,9,9,8,9,,
10,10,10,9,10,10,10,9,10,10,,
9,9,9,10,9,9,9,9,8,9,,
Fighter_1048,Fighter_133,,06/14/2000,r,SD,Judge_225,Judge_144,Judge_577
https://example.com/video
10,10,10,10,10,10,10,10,10,9,,
9,9,9,9,9,9,9,9,9,10,,
10,9,9,9,10,9,9,10,9,9,,
9,10,10,10,9,10,10,9,10,10,,
10,10,10,10,10,10,9,10,9,10,,
9,9,9,9,9,9,10,9,10,9,,
Fighter_462,Fighter_624,,06/15/2000,r,KO,Judge_524,Judge_161,Judge_186
https://example.com/video
10,10,10,9,10,10,,,,,,
9,9,9,10,9,9,,,,,,
10,10,10,10,10,10,,,,,,
9,9,9,9,9,9,,,,,,
10,10,10,10,10,10,,,,,,
9,9,9,9,9,9,,,,,,
Fighter_555,Fighter_1322,,06/16/2000,r,TKO,Judge_301,Judge_336,Judge_286
https://example.com/video
10,10,10,10,,,,,,,,
9,8,8,8,,,,,,,,
10,10,10,10,,,,,,,,
9,8,8,8,,,,,,,,
10,10,10,10,,,,,,,,
9,8,8,8,,,,,,,,
Fighter_277,Fighter_700,,06/17/2000,r,UD,Judge_225,Judge_577,Judge_594
https://example.com/video
10,10,9,10,9,10,10,10,10,10,,
9,9,10,9,10,9,8,9,9,9,,
10,10,9,10,10,10,10,10,10,10,,
9,9,10,9,9,9,8,9,9,9,,
10,10,9,10,9,10,10,10,10,10,,
9,9,10,9,10,9,8,9,9,9,,
Fighter_415,Fighter_1313,,06/18/2000,r,TKO,Judge_225,Judge_577,Judge_594
https://example.com/video
9,10,10,10,10,9,10,10,10,,,
10,9,9,9,9,10,9,8,9,,,
9,10,10,10,10,9,10,10,10,,,
10,9,9,9,9,10,9,9,9,,,
9,10,10,10,10,9,10,10,10,,,
10,9,9,9,9,10,9,8,9,,,
Fighter_1013,Fighter_383,,06/19/2000,b,SD,Judge_524,Judge_336,Judge_286
https://example.com/video
9,9,9,9,9,9,9,10,9,10,9,9
10,10,10,10,10,10,10,9,10,9,9,10
9,10,9,10,9,9,9,10,9,10,8,9
10,9,10,9,10,10,10,9,10,9,10,10
10,10,10,9,10,9,9,10,10,10,8,9
9,9,9,10,9,10,10,9,9,9,10,10
Fighter_340,Fighter_491,,06/20/2000,r,TKO,Judge_353,Judge_444,Judge_339
https://example.com/video
10,9,10,10,,,,,,,,
9,10,9,9,,,,,,,,
9,9,10,10,,,,,,,,
10,10,9,9,,,,,,,,
9,9,10,10,,,,,,,,
10,10,9,9,,,,,,,,
Fighter_840,Fighter_721,,06/21/2000,r,KO,Judge_425,Judge_149,Judge_382
https://example.com/video
10,9,9,9,8,9,10,9,10,,,
8,10,10,10,10,10,9,10,9,,,
10,9,9,9,8,9,9,9,10,,,
8,10,10,10,10,10,10,10,9,,,
10,9,9,9,8,9,10,10,9,,,
8,10,10,10,10,10,9,9,10,,,
Fighter_959,Fighter_1059,,06/22/2000,r,TKO,Judge_342,Judge_338,Judge_363
https://example.com/video
9,10,,,,,,,,,,
10,6,,,,,,,,,,
9,10,,,,,,,,,,
10,6,,,,,,,,,,
9,10,,,,,,,,,,
10,6,,,,,,,,,,
Fighter_395,Fighter_616,,06/23/2000,r,TKO,Judge_342,Judge_472,Judge_149
https://example.com/video
10,9,10,9,10,10,10,10,10,10,,
9,10,9,10,9,9,9,9,9,9,,
10,10,10,9,10,10,10,10,10,10,,
9,9,9,10,9,9,9,9,9,9,,
10,10,10,10,10,10,10,10,10,10,,
9,9,9,9,8,9,9,9,9,9,,
Fighter_622,Fighter_654,,06/24/2000,r,KO,Judge_073,Judge_225,Judge_117
https://example.com/video
9,9,9,9,10,9,9,,,,,
10,10,10,10,9,10,10,,,,,
9,9,9,9,10,9,9,,,,,
10,10,10,10,9,10,10,,,,,
9,9,9,9,10,9,9,,,,,
10,10,10,10,9,10,10,,,,,
Fighter_622,Fighter_246,,06/25/2000,r,KO,Judge_373,Judge_194,Judge_172
https://example.com/video
10,10,10,10,10,,,,,,,
9,9,8,9,9,,,,,,,
10,10,10,10,10,,,,,,,
9,9,8,9,9,,,,,,,
10,10,10,10,10,,,,,,,
9,9,8,9,9,,,,,,,
Fighter_496,Fighter_635,,06/26/2000,r,TKO,Judge_225,Judge_149,Judge_629
https://example.com/video
10,10,,,,,,,,,,
9,8,,,,,,,,,,
10,10,,,,,,,,,,
9,8,,,,,,,,,,
10,10,,,,,,,,,,
9,8,,,,,,,,,,
Fighter_301,Fighter_708,,06/27/2000,r,UD,Judge_149,Judge_126,Judge_363
https://example.com/video
9,10,9,10,10,10,9,9,10,10,10,10
10,9,10,9,9,9,10,10,9,9,9,9
10,9,9,10,10,10,9,9,10,10,10,10
9,10,10,9,9,9,10,10,9,9,9,9
9,9,10,10,10,10,9,9,10,10,10,10
10,10,9,9,9,9,10,10,9,9,9,9
Fighter_813,Fighter_001,,06/28/2000,r,UD,Judge_342,Judge_144,Judge_601
https://example.com/video
10,10,10,10,9,9,10,9,9,9,10,10
9,9,9,9,10,10,9,10,10,10,9,9
10,9,10,10,10,10,10,10,10,9,10,10
9,10,9,9,9,9,9,9,9,10,9,9
10,10,10,10,9,10,10,9,9,9,10,10
9,9,9,9,10,9,9,10,10,10,9,9
Fighter_463,Fighter_198,,06/29/2000,r,KO,Judge_077,Judge_161,Judge_186
https://example.com/video
10,10,10,,,,,,,,,
9,9,8,,,,,,,,,
10,10,10,,,,,,,,,
9,9,8,,,,,,,,,
10,10,10,,,,,,,,,
9,9,8,,,,,,,,,
Fighter_625,Fighter_445,,06/30/2000,b,UD,Judge_577,Judge_425,Judge_126
https://example.com/video
9,9,10,9,9,9,10,9,9,9,9,9
10,10,9,10,10,10,9,10,10,10,10,10
9,10,10,9,9,9,9,9,9,10,9,9
10,9,9,10,10,10,10,10,10,9,10,10
9,9,10,10,9,9,9,9,9,9,9,9
10,10,9,9,10,10,10,10,10,10,10,10
Fighter_480,Fighter_1260,,07/01/2000,r,TKO,Judge_225,Judge_382,Judge_594
https://example.com/video
10,10,10,9,10,10,10,10,10,,,
9,9,9,10,9,9,9,9,9,,,
10,10,10,10,9,10,10,10,10,,,
9,9,9,9,10,9,9,9,9,,,
10,10,10,9,9,10,10,10,10,,,
9,9,9,10,10,9,9,9,9,,,
Fighter_260,Fighter_526,,07/02/2000,b,UD,Judge_472,Judge_117,Judge_577
https://example.com/video
9,9,10,9,9,9,8,9,9,9,9,9
10,10,9,10,10,10,10,10,10,10,10,10
9,9,10,9,9,9,8,9,10,9,9,9
10,10,9,10,10,10,10,10,9,10,10,10
9,9,10,9,9,9,8,9,10,9,9,9
10,10,9,10,10,10,10,10,9,10,10,10
Fighter_1154,Fighter_1313,,07/03/2000,r,SD,Judge_425,Judge_575,Judge_641
https://example.com/video
10,9,10,9,10,9,9,10,10,9,10,10
9,10,9,10,9,10,10,9,9,10,9,9
10,10,9,9,10,10,10,9,10,10,10,9
9,9,10,10,9,9,9,10,9,9,9,10
9,9,10,9,9,10,9,9,10,9,9,9
10,10,9,10,10,9,10,10,9,10,10,10
Fighter_415,Fighter_897,,07/04/2000,r,UD,Judge_225,Judge_018,Judge_453
https://example.com/video
10,10,10,10,10,10,10,10,10,10,10,10
9,9,9,9,9,9,9,9,9,9,8,9
10,10,10,10,10,10,10,10,10,10,10,10
9,9,9,9,9,9,9,9,9,9,9,9
10,10,10,10,10,10,10,10,10,10,10,10
9,9,9,9,9,9,9,9,9,9,9,9
Fighter_1273,Fighter_927,,07/05/2000,r,TKO,Judge_252,Judge_395,Judge_538
https://example.com/video
10,10,10,10,10,10,10,10,10,,,
9,9,9,9,9,9,9,9,9,,,
10,10,10,10,10,10,10,10,10,,,
9,9,9,9,9,9,9,9,9,,,
10,10,10,10,9,10,10,10,10,,,
9,9,9,9,10,9,9,9,9,,,
Fighter_555,Fighter_685,,07/06/2000,r,UD,Judge_225,Judge_577,Judge_363
https://example.com/video
10,9,9,10,9,9,10,9,10,10,10,9
9,10,10,9,10,9,9,10,9,9,9,10
10,10,10,10,10,9,10,10,10,10,10,9
9,9,9,9,9,9,9,9,9,9,9,10
10,9,9,9,10,9,10,9,10,10,10,10
9,10,10,10,9,9,9,10,9,9,9,9
Fighter_318,Fighter_1077,,07/07/2000,r,TKO,Judge_149,Judge_609,Judge_601
https://example.com/video
9,10,10,10,10,10,10,10,10,10,,
10,9,9,9,9,9,9,9,9,9,,
9,10,10,10,9,10,10,10,10,10,,
10,9,9,9,10,9,9,9,9,9,,
9,10,10,10,10,10,10,10,10,10,,
10,9,9,9,9,9,9,9,9,9,,
Fighter_689,Fighter_159,,07/08/2000,r,TKO,Judge_321,Judge_595,Judge_556
https://example.com/video
10,10,10,,,,,,,,,
6,8,9,,,,,,,,,
10,10,10,,,,,,,,,
7,8,9,,,,,,,,,
10,10,10,,,,,,,,,
6,8,9,,,,,,,,,
Fighter_1048,Fighter_823,,07/09/2000,r,UD,Judge_301,Judge_321,Judge_556
https://example.com/video
10,10,10,10,10,10,10,10,10,10,,
9,9,9,9,9,9,9,9,9,9,,
9,10,10,10,10,10,10,10,9,9,,
10,9,9,9,9,9,9,9,10,10,,
10,9,9,10,10,10,10,10,9,9,,
9,10,10,9,9,9,9,9,10,10,,
Fighter_526,Fighter_553,,07/10/2000,r,UD,Judge_321,Judge_594,Judge_556
https://example.com/video
8,10,10,10,10,10,10,10,,,,
10,9,9,9,9,9,9,9,,,,
8,10,10,10,10,10,10,10,,,,
10,9,9,9,9,9,9,9,,,,
8,10,10,10,10,10,10,10,,,,
10,9,9,9,9,9,9,9,,,,
Fighter_699,Fighter_1229,,07/11/2000,r,KO,Judge_384,Judge_594,Judge_161
https://example.com/video
10,10,,,,,,,,,,
7,8,,,,,,,,,,
10,10,,,,,,,,,,
7,8,,,,,,,,,,
10,10,,,,,,,,,,
7,8,,,,,,,,,,
Fighter_375,Fighter_887,,07/12/2000,r,TKO,Judge_301,Judge_365,Judge_601
https://example.com/video
10,10,9,10,,,,,,,,
9,9,10,9,,,,,,,,
10,10,9,10,,,,,,,,
9,9,10,9,,,,,,,,
10,10,10,10,,,,,,,,
9,9,9,9,,,,,,,,
Fighter_700,Fighter_457,,07/13/2000,r,TKO,Judge_146,Judge_122,Judge_286
https://example.com/video
10,10,10,10,10,9,10,10,10,,,
8,9,9,9,9,10,9,9,8,,,
10,10,9,10,10,10,10,10,10,,,
8,9,10,9,9,9,9,9,8,,,
10,10,10,10,10,10,10,10,10,,,
8,9,9,9,9,9,9,9,8,,,
Fighter_1120,Fighter_515,,07/14/2000,r,TKO,Judge_301,Judge_365,Judge_601
https://example.com/video
10,,,,,,,,,,,
9,,,,,,,,,,,
10,,,,,,,,,,,
9,,,,,,,,,,,
10,,,,,,,,,,,
9,,,,,,,,,,,
Fighter_814,Fighter_1230,,07/15/2000,r,KO,Judge_425,Judge_178,Judge_641
https://example.com/video
10,10,10,10,10,10,10,10,10,,,
9,9,9,9,9,8,9,8,9,,,
10,10,10,10,10,10,10,10,10,,,
9,9,9,9,9,8,9,8,9,,,
10,10,10,10,10,10,10,10,10,,,
9,9,9,9,9,8,9,8,9,,,
Fighter_1222,Fighter_208,,07/16/2000,d,SD,Judge_384,Judge_425,Judge_641
https://example.com/video
10,9,9,9,9,9,9,10,10,9,9,9
9,10,10,10,10,10,10,9,9,10,10,10
10,9,9,10,10,9,10,10,10,10,10,9
9,10,10,9,9,10,9,9,9,9,9,10
10,9,9,10,9,9,10,10,10,9,10,9
9,10,10,9,10,10,9,9,9,10,9,10
Fighter_834,Fighter_1118,,07/17/2000,r,TKO,Judge_225,Judge_323,Judge_533
https://example.com/video
10,,,,,,,,,,,
8,,,,,,,,,,,
10,,,,,,,,,,,
8,,,,,,,,,,,
10,,,,,,,,,,,
8,,,,,,,,,,,
Fighter_415,Fighter_306,,07/18/2000,r,UD,Judge_577,Judge_048,Judge_594
https://example.com/video
10,10,10,9,10,10,9,10,10,9,9,10
9,9,9,10,9,9,10,9,9,10,10,9
10,10,10,10,9,10,10,10,9,9,9,10
9,9,9,9,10,9,9,9,10,10,10,9
10,10,10,9,10,10,10,10,9,9,10,10
9,9,9,10,9,9,9,9,10,10,9,9
Fighter_612,Fighter_167,,07/19/2000,r,SD,Judge_342,Judge_453,Judge_048
https://example.com/video
10,10,10,10,10,9,9,9,9,9,9,8
9,9,9,8,9,10,10,10,10,10,10,10
10,10,10,10,10,9,10,9,9,10,9,8
9,9,9,8,9,10,9,10,10,9,10,10
10,10,10,10,10,9,10,9,10,9,9,8
9,9,9,8,9,10,9,10,9,10,10,10
Fighter_254,Fighter_1107,,07/20/2000,r,SD,Judge_077,Judge_106,Judge_145
https://example.com/video
10,10,10,10,10,9,9,9,,,,
9,9,9,9,9,10,10,10,,,,
10,10,10,10,9,9,9,10,,,,
9,9,9,9,10,10,10,9,,,,
9,10,10,10,9,9,9,9,,,,
10,9,9,9,10,10,10,10,,,,
Fighter_700,Fighter_657,,07/21/2000,r,KO,Judge_017,Judge_425,Judge_548
https://example.com/video
10,10,10,10,10,10,10,,,,,
7,9,9,9,9,9,8,,,,,
10,10,10,10,10,10,10,,,,,
7,9,9,9,9,9,8,,,,,
10,10,10,10,10,10,10,,,,,
7,9,9,9,9,9,8,,,,,
Fighter_1120,Fighter_298,,07/22/2000,r,UD,Judge_225,Judge_577,Judge_425
https://example.com/video
10,10,10,10,10,10,9,10,10,10,,
9,9,9,9,9,9,10,9,9,9,,
10,9,10,10,10,9,10,9,10,10,,
9,10,9,9,9,10,9,10,9,9,,
10,9,10,10,10,10,9,10,10,10,,
9,10,9,9,9,9,10,9,9,9,,
Fighter_247,Fighter_491,,07/23/2000,r,TKO,Judge_425,Judge_170,Judge_594
https://example.com/video
10,10,10,10,10,,,,,,,
9,9,9,9,9,,,,,,,
10,10,10,10,9,,,,,,,
9,9,9,9,10,,,,,,,
10,10,10,10,9,,,,,,,
9,9,9,9,10,,,,,,,
Fighter_593,Fighter_1132,,07/24/2000,r,KO,Judge_225,Judge_149,Judge_186
https://example.com/video
10,10,10,10,10,,,,,,,
9,9,9,8,9,,,,,,,
10,10,10,10,9,,,,,,,
9,9,9,8,10,,,,,,,
10,10,10,10,9,,,,,,,
9,9,9,8,10,,,,,,,
Fighter_383,Fighter_1201,,07/25/2000,r,UD,Judge_194,Judge_577,Judge_601
https://example.com/video
9,9,10,10,10,9,9,10,10,10,10,10
10,10,9,9,9,10,10,9,9,9,9,9
9,9,9,10,10,9,9,10,10,10,10,10
10,10,10,9,9,10,10,9,9,9,9,9
9,10,10,10,10,9,9,10,10,10,10,10
10,9,9,9,9,10,10,9,9,9,9,9
Fighter_480,Fighter_705,,07/26/2000,r,RTD,Judge_384,Judge_297,Judge_077
https://example.com/video
10,10,10,10,10,10,,,,,,
9,9,9,8,9,9,,,,,,
10,10,10,10,10,10,,,,,,
9,9,9,8,9,9,,,,,,
10,10,10,10,10,10,,,,,,
9,9,9,8,9,9,,,,,,
Fighter_1176,Fighter_174,,07/27/2000,r,RTD,Judge_524,Judge_601,Judge_641
https://example.com/video
9,9,10,10,9,10,9,10,,,,
10,10,9,8,10,9,10,9,,,,
9,10,10,10,9,10,9,10,,,,
10,9,9,8,10,9,10,9,,,,
9,10,10,10,9,10,9,10,,,,
10,9,9,8,10,9,10,9,,,,
Fighter_942,Fighter_941,,07/28/2000,b,KO,Judge_225,Judge_471,Judge_017
https://example.com/video
9,10,7,,,,,,,,,
10,9,10,,,,,,,,,
10,10,7,,,,,,,,,
9,9,10,,,,,,,,,
10,10,7,,,,,,,,,
9,9,10,,,,,,,,,
Fighter_1120,Fighter_669,,07/29/2000,r,TKO,Judge_017,Judge_575,Judge_186
https://example.com/video
10,10,10,,,,,,,,,
9,9,9,,,,,,,,,
10,10,10,,,,,,,,,
9,9,9,,,,,,,,,
10,10,10,,,,,,,,,
9,9,9,,,,,,,,,
Fighter_496,Fighter_792,,07/30/2000,r,KO,Judge_225,Judge_017,Judge_126
https://example.com/video
10,9,9,10,10,,,,,,,
9,10,10,9,9,,,,,,,
9,9,10,10,10,,,,,,,
10,10,9,9,9,,,,,,,
9,9,10,10,10,,,,,,,
10,10,9,9,9,,,,,,,
Fighter_837,Fighter_1093,,07/31/2000,r,KO,Judge_631,Judge_336,Judge_545
https://example.com/video
10,9,10,10,10,,,,,,,
9,10,9,9,9,,,,,,,
10,10,10,10,9,,,,,,,
9,9,9,9,10,,,,,,,
10,10,9,10,9,,,,,,,
9,9,10,9,10,,,,,,,
Fighter_1032,Fighter_712,,08/01/2000,r,TKO,Judge_312,Judge_232,Judge_167
https://example.com/video
10,10,,,,,,,,,,
9,9,,,,,,,,,,
10,10,,,,,,,,,,
9,9,,,,,,,,,,
10,10,,,,,,,,,,
9,9,,,,,,,,,,
Fighter_732,Fighter_733,,08/02/2000,r,UD,Judge_396,Judge_507,Judge_106
https://example.com/video
10,10,10,10,,,,,,,,
9,9,9,9,,,,,,,,
10,10,10,10,,,,,,,,
9,9,9,9,,,,,,,,
10,10,10,10,,,,,,,,
9,9,9,9,,,,,,,,
Fighter_1009,Fighter_833,,08/03/2000,r,TKO,Judge_225,Judge_577,Judge_605
https://example.com/video
10,10,10,10,10,10,10,10,10,,,
9,9,9,9,9,9,9,9,9,,,
10,10,10,10,10,10,10,10,10,,,
9,9,9,9,9,9,9,9,9,,,
10,10,10,10,10,10,10,10,10,,,
9,9,9,9,9,9,9,9,9,,,
Fighter_318,Fighter_1053,,08/04/2000,r,RTD,Judge_144,Judge_323,Judge_090
https://example.com/video
10,10,10,10,10,10,10,10,10,10,,
9,9,9,9,9,9,9,9,9,9,,
10,10,10,10,10,10,10,10,10,10,,
9,9,9,9,9,9,9,9,9,9,,
10,10,10,10,10,10,10,10,10,10,,
9,9,9,9,9,9,9,9,9,9,,
Fighter_911,Fighter_817,,08/05/2000,b,UD,Judge_384,Judge_575,Judge_548
https://example.com/video
8,9,9,9,9,9,9,10,10,10,,
10,10,10,10,10,10,10,9,9,9,,
8,10,9,9,10,9,9,10,10,9,,
10,9,10,10,9,10,10,9,9,10,,
8,9,9,9,9,9,9,10,9,9,,
10,10,10,10,10,10,10,9,10,10,,
Fighter_017,Fighter_1060,,08/06/2000,b,TKO,Judge_194,Judge_577,Judge_051
https://example.com/video
10,9,10,,,,,,,,,
9,10,9,,,,,,,,,
10,10,10,,,,,,,,,
9,9,9,,,,,,,,,
10,9,10,,,,,,,,,
9,10,9,,,,,,,,,
Fighter_581,Fighter_1201,,08/07/2000,r,UD,Judge_384,Judge_017,Judge_641
https://example.com/video
9,9,10,9,10,10,10,10,10,10,10,10
10,10,9,10,9,9,9,9,9,9,9,9
9,9,10,9,10,9,9,10,10,10,10,10
10,10,9,10,9,10,10,9,9,9,9,9
9,9,10,9,10,10,10,10,10,10,10,9
10,10,9,10,9,9,9,9,9,9,9,10
Fighter_252,Fighter_570,,08/08/2000,r,UD,Judge_384,Judge_641,Judge_548
https://example.com/video
9,10,10,10,10,10,,,,,,
10,9,9,9,9,9,,,,,,
10,10,10,10,10,10,,,,,,
9,9,9,9,9,9,,,,,,
10,10,10,10,10,10,,,,,,
9,9,9,9,9,9,,,,,,
Fighter_840,Fighter_1052,,08/09/2000,r,SD,Judge_384,Judge_641,Judge_548
https://example.com/video
10,9,9,9,10,9,9,9,10,10,,
9,10,10,10,9,10,10,10,9,9,,
10,9,9,9,10,10,10,10,10,9,,
9,10,10,10,9,9,9,9,9,10,,
10,10,10,10,10,10,10,10,10,10,,
9,9,9,9,9,9,9,9,9,9,,
Fighter_960,Fighter_1297,,08/10/2000,r,UD,Judge_017,Judge_641,Judge_548
https://example.com/video
10,10,10,10,9,9,,,,,,
9,9,9,9,10,10,,,,,,
10,10,10,10,10,10,,,,,,
9,9,9,9,9,9,,,,,,
10,9,10,10,10,10,,,,,,
9,10,9,9,9,9,,,,,,
Fighter_622,Fighter_160,,08/11/2000,r,MD,Judge_601,Judge_161,Judge_186
https://example.com/video
10,10,10,10,10,9,10,10,10,10,9,10
9,9,8,9,9,10,9,9,8,9,10,9
10,9,10,10,10,9,10,9,10,10,9,9
9,10,8,9,9,10,9,10,8,9,10,10
9,9,10,10,10,9,9,9,10,10,9,9
10,10,8,9,9,10,10,10,8,9,10,10
Fighter_621,Fighter_160,,08/12/2000,r,UD,Judge_227,Judge_524,Judge_323
https://example.com/video
10,10,10,10,9,10,10,10,9,10,9,9
9,9,9,9,10,9,9,9,10,9,10,10
9,10,10,10,10,9,9,10,10,10,9,10
10,9,9,9,9,10,10,9,9,9,10,9
10,9,10,9,10,9,10,10,9,10,9,10
9,10,9,10,9,10,9,9,10,9,10,9
Fighter_306,Fighter_1154,,08/13/2000,b,UD,Judge_342,Judge_144,Judge_172
https://example.com/video
10,9,10,9,9,9,9,10,10,9,10,9
9,10,9,10,10,10,10,9,9,10,9,10
10,10,9,9,10,9,9,9,10,9,9,9
9,9,10,10,9,10,10,10,9,10,10,10
10,9,10,9,9,9,9,10,9,10,9,10
9,10,9,10,10,10,10,9,10,9,10,9
Fighter_380,Fighter_065,,08/14/2000,r,UD,Judge_577,Judge_003,Judge_323
https://example.com/video
10,10,9,10,10,10,9,9,10,10,,
9,9,10,9,9,9,10,10,9,9,,
10,10,10,10,10,10,10,9,10,10,,
9,9,9,9,9,9,9,10,9,9,,
10,10,10,9,10,10,10,10,10,10,,
9,9,9,10,9,9,9,9,9,9,,
Fighter_1273,Fighter_939,,08/15/2000,r,KO,Judge_384,Judge_425,Judge_641
https://example.com/video
10,10,,,,,,,,,,
9,8,,,,,,,,,,
10,10,,,,,,,,,,
9,8,,,,,,,,,,
10,10,,,,,,,,,,
9,8,,,,,,,,,,
Fighter_622,Fighter_615,,08/16/2000,r,KO,Judge_225,Judge_577,Judge_323
https://example.com/video
10,9,9,9,10,10,10,,,,,
8,10,10,10,9,8,9,,,,,
10,9,9,9,9,10,10,,,,,
8,10,10,10,10,8,9,,,,,
10,9,9,9,10,10,10,,,,,
8,10,10,10,9,8,9,,,,,
Fighter_621,Fighter_1141,,08/17/2000,r,UD,Judge_577,Judge_126,Judge_594
https://example.com/video
10,10,10,10,10,9,10,10,10,9,10,9
9,9,9,9,9,10,9,9,9,10,9,10
10,10,10,10,10,9,10,10,10,10,9,10
9,9,9,9,9,10,9,9,9,9,10,9
10,10,10,10,10,9,10,10,10,9,9,9
9,9,9,9,9,10,9,9,9,10,10,10
Fighter_658,Fighter_365,,08/18/2000,r,TKO,Judge_342,Judge_323,Judge_594
https://example.com/video
10,10,,,,,,,,,,
9,8,,,,,,,,,,
10,10,,,,,,,,,,
9,8,,,,,,,,,,
10,10,,,,,,,,,,
9,7,,,,,,,,,,
Fighter_211,Fighter_212,,08/19/2000,r,UD,Judge_384,Judge_425,Judge_641
https://example.com/video
10,10,10,10,10,10,10,10,10,10,10,10
9,9,9,9,9,9,9,9,9,9,9,9
10,10,10,10,10,10,10,10,10,10,10,10
9,9,9,9,9,9,9,9,9,9,9,9
10,10,10,10,10,10,10,10,10,10,10,10
9,9,9,9,9,9,9,9,9,9,9,9
Fighter_381,Fighter_191,,08/20/2000,b,SD,Judge_440,Judge_453,Judge_321
https://example.com/video
9,9,10,10,10,8,10,9,9,10,,
10,10,9,9,9,10,9,10,10,9,,
9,10,10,10,10,8,10,9,10,10,,
10,9,9,9,9,10,9,10,9,9,,
9,10,10,10,10,8,9,9,9,10,,
10,9,9,9,9,10,10,10,10,9,,
Fighter_960,Fighter_068,,08/21/2000,b,MD,Judge_462,Judge_556,Judge_371
https://example.com/video
10,9,9,10,10,10,10,9,8,9,,
9,10,10,9,9,9,9,10,10,10,,
10,9,9,10,9,10,10,10,9,9,,
9,10,10,9,10,9,9,9,10,10,,
9,9,10,10,9,10,9,10,8,9,,
10,10,9,9,10,9,10,9,10,10,,
Fighter_887,Fighter_257,,08/22/2000,b,RTD,Judge_359,Judge_355,Judge_452
https://example.com/video
9,9,10,10,10,,,,,,,
10,10,8,9,9,,,,,,,
10,9,10,10,9,,,,,,,
9,10,8,9,10,,,,,,,
9,9,10,10,10,,,,,,,
10,10,8,9,9,,,,,,,
Fighter_960,Fighter_290,,08/23/2000,r,UD,Judge_384,Judge_161,Judge_145
https://example.com/video
10,10,9,10,10,10,10,10,,,,
9,9,10,9,9,9,9,9,,,,
10,10,10,10,10,10,10,10,,,,
9,9,9,9,9,9,9,9,,,,
10,10,9,10,10,10,10,10,,,,
9,9,10,9,9,9,9,9,,,,
Fighter_1313,Fighter_010,,08/24/2000,r,SD,Judge_384,Judge_641,Judge_161
https://example.com/video
10,10,9,9,9,9,9,9,10,9,9,9
9,9,10,10,10,10,10,10,9,10,10,10
10,10,9,10,10,9,10,10,10,9,9,9
9,9,10,9,9,10,9,9,9,10,10,10
10,10,9,10,10,9,9,10,10,10,9,9
9,9,10,9,9,10,10,9,9,9,10,10
Fighter_1313,Fighter_1026,,08/25/2000,r,TKO,Judge_117,Judge_575,Judge_594
https://example.com/video
10,10,10,10,10,10,,,,,,
9,9,9,8,9,9,,,,,,
10,10,10,10,9,10,,,,,,
9,9,9,8,10,9,,,,,,
10,10,10,10,10,10,,,,,,
8,9,9,8,9,9,,,,,,
Fighter_011,Fighter_084,,08/26/2000,r,TD,Judge_471,Judge_594,Judge_641
https://example.com/video
10,10,10,10,10,10,10,10,10,10,,
9,9,9,9,9,9,9,9,9,9,,
10,10,10,10,10,10,10,9,10,10,,
9,9,9,9,9,9,9,10,9,9,,
10,10,10,9,10,10,10,10,10,10,,
9,9,9,10,9,9,9,9,9,9,,
Fighter_792,Fighter_257,,08/27/2000,r,KO,Judge_146,Judge_425,Judge_161
https://example.com/video
10,10,10,10,10,10,10,,,,,
9,9,9,9,9,9,9,,,,,
10,10,10,10,10,9,10,,,,,
9,9,9,9,9,10,9,,,,,
10,10,9,10,10,10,10,,,,,
9,9,10,9,9,9,9,,,,,
Fighter_887,Fighter_1094,,08/28/2000,r,UD,Judge_144,Judge_149,Judge_605
https://example.com/video
10,10,10,10,9,10,9,9,10,9,,
9,9,9,9,10,9,10,10,9,10,,
10,10,10,10,9,10,10,9,10,9,,
9,9,9,9,10,9,9,10,9,10,,
10,10,9,10,9,9,10,10,10,9,,
9,9,10,9,10,10,9,9,9,10,,
Fighter_1141,Fighter_1103,,08/29/2000,r,TKO,Judge_527,Judge_158,Judge_058
https://example.com/video
10,,,,,,,,,,,
8,,,,,,,,,,,
10,,,,,,,,,,,
8,,,,,,,,,,,
10,,,,,,,,,,,
8,,,,,,,,,,,
Fighter_340,Fighter_256,,08/30/2000,r,RTD,Judge_444,Judge_121,Judge_313
https://example.com/video
10,10,10,10,10,10,10,10,,,,
9,9,9,8,9,9,9,9,,,,
10,10,10,10,10,10,10,10,,,,
9,9,9,8,9,9,9,9,,,,
10,10,10,10,9,10,10,10,,,,
9,9,9,8,10,9,9,9,,,,
Fighter_358,Fighter_074,,08/31/2000,r,RTD,Judge_123,Judge_297,Judge_591
https://example.com/video
9,9,8,10,9,,,,,,,
10,10,10,9,10,,,,,,,
9,9,8,10,10,,,,,,,
10,10,10,9,9,,,,,,,
9,9,8,10,10,,,,,,,
10,10,10,9,9,,,,,,,
Fighter_1104,Fighter_004,,09/01/2000,r,RTD,Judge_471,Judge_077,Judge_641
https://example.com/video
10,10,9,9,10,10,,,,,,
9,9,10,10,9,9,,,,,,
10,10,9,10,10,10,,,,,,
9,9,10,9,9,9,,,,,,
10,10,10,10,10,10,,,,,,
9,9,9,9,9,9,,,,,,
Fighter_621,Fighter_535,,09/02/2000,r,KO,Judge_144,Judge_577,Judge_080
https://example.com/video
10,,,,,,,,,,,
10,,,,,,,,,,,
10,,,,,,,,,,,
9,,,,,,,,,,,
10,,,,,,,,,,,
9,,,,,,,,,,,
Fighter_837,Fighter_186,,09/03/2000,r,UD,Judge_594,Judge_641,Judge_296
https://example.com/video
10,9,10,10,9,10,9,10,10,9,9,10
9,10,9,8,10,9,10,9,9,10,10,8
10,10,10,10,9,9,9,10,9,9,9,10
9,9,9,8,10,10,10,9,10,10,10,8
10,10,10,10,9,10,9,10,10,9,9,10
9,9,9,8,10,9,10,9,9,10,10,9
Fighter_190,Fighter_905,,09/04/2000,r,KO,Judge_077,Judge_108,Judge_161
https://example.com/video
10,10,,,,,,,,,,
9,9,,,,,,,,,,
10,10,,,,,,,,,,
9,9,,,,,,,,,,
10,10,,,,,,,,,,
9,9,,,,,,,,,,
Fighter_415,Fighter_255,,09/05/2000,r,TKO,Judge_470,Judge_194,Judge_577
https://example.com/video
10,10,10,10,,,,,,,,
9,9,9,8,,,,,,,,
9,10,10,10,,,,,,,,
10,9,9,8,,,,,,,,
10,10,10,10,,,,,,,,
9,9,9,8,,,,,,,,
Fighter_630,Fighter_003,,09/06/2000,r,UD,Judge_641,Judge_186,Judge_548
https://example.com/video
10,10,10,10,10,10,10,10,10,10,,
9,9,9,9,9,8,9,9,9,9,,
10,10,10,10,10,10,10,10,10,10,,
9,9,9,9,9,8,9,9,9,9,,
10,10,10,10,10,10,10,10,10,10,,
9,9,9,9,9,8,9,9,9,9,,
Fighter_383,Fighter_591,,09/07/2000,r,KO,Judge_539,Judge_106,Judge_145
https://example.com/video
9,10,9,10,9,9,10,10,,,,
10,8,10,9,10,10,9,8,,,,
9,10,10,10,10,9,10,10,,,,
10,8,9,9,9,10,9,8,,,,
10,10,10,10,10,10,10,10,,,,
9,9,9,9,9,9,9,8,,,,
Fighter_318,Fighter_1078,2,09/08/2000,r,UD,Judge_342,Judge_225,Judge_524
https://example.com/video
10,10,10,10,10,10,10,10,10,9,10,10
9,9,9,9,9,9,9,9,9,10,9,9
10,10,10,10,10,10,10,10,10,10,10,10
9,9,9,9,9,9,9,9,9,9,9,9
10,10,10,10,10,10,10,10,10,10,10,10
9,9,9,9,9,9,9,9,9,9,9,9
Fighter_196,Fighter_414,,09/09/2000,d,SD,Judge_342,Judge_323,Judge_363
https://example.com/video
9,9,10,10,9,10,9,9,9,10,10,10
10,10,9,9,10,9,10,10,10,9,9,9
9,9,10,9,10,9,9,9,9,10,10,10
10,10,9,10,9,10,10,10,10,9,9,9
9,9,10,10,10,9,9,9,10,10,10,10
10,10,9,9,9,10,10,10,9,9,9,9
Fighter_897,Fighter_1057,,09/10/2000,r,UD,Judge_373,Judge_577,Judge_161
https://example.com/video
9,9,10,10,9,10,10,10,10,10,10,10
10,10,8,9,10,9,9,9,9,9,9,9
10,9,10,10,9,10,10,10,10,10,10,10
9,10,8,9,10,9,9,9,9,9,9,9
9,9,10,10,9,10,9,10,10,10,10,10
10,10,8,9,10,9,10,9,9,9,9,9
Fighter_897,Fighter_024,,09/11/2000,r,UD,Judge_144,Judge_577,Judge_172
https://example.com/video
9,10,10,9,10,10,10,10,9,10,10,9
10,9,9,10,9,9,9,9,10,9,9,10
9,10,10,9,10,10,10,10,9,10,10,9
10,9,9,10,9,9,9,9,10,9,9,10
9,10,10,10,10,10,10,10,9,9,10,10
10,9,9,9,9,9,9,9,10,10,9,9
Fighter_024,Fighter_023,,09/12/2000,r,SD,Judge_577,Judge_489,Judge_529
https://example.com/video
10,9,10,10,9,10,10,9,10,10,,
9,10,9,9,10,9,9,10,9,9,,
10,9,9,9,9,9,10,9,10,9,,
9,10,10,10,10,10,9,10,9,10,,
10,9,10,9,10,10,9,10,9,10,,
9,10,9,10,9,9,10,9,10,9,,
Fighter_024,Fighter_630,,09/13/2000,d,MD,Judge_342,Judge_363,Judge_172
https://example.com/video
9,9,9,10,10,10,9,10,10,10,9,10
10,10,10,9,9,9,10,9,9,9,10,9
9,9,9,10,9,10,9,10,10,10,9,10
10,10,10,9,10,9,10,9,9,9,10,9
9,9,9,10,10,9,9,10,10,10,10,9
10,10,10,9,9,10,10,9,9,9,9,10
Fighter_306,Fighter_193,,09/14/2000,r,TKO,Judge_117,Judge_227,Judge_577
https://example.com/video
10,10,9,10,10,9,10,10,,,,
9,9,10,9,9,10,9,9,,,,
10,10,10,10,10,9,10,10,,,,
9,9,9,9,9,10,9,9,,,,
10,10,10,10,10,9,10,10,,,,
9,9,9,9,9,10,9,9,,,,
Fighter_1057,Fighter_1043,,09/15/2000,r,SD,Judge_538,Judge_323,Judge_103
https://example.com/video
10,9,10,10,10,10,10,8,9,9,10,10
9,10,9,9,9,9,9,10,10,10,9,9
9,9,10,10,9,10,10,8,10,9,9,10
10,10,9,9,10,9,9,10,9,10,10,9
10,9,9,9,10,10,10,8,10,9,10,10
9,10,10,10,9,9,9,10,9,10,9,9
Fighter_1057,Fighter_336,,09/16/2000,r,UD,Judge_252,Judge_080,Judge_282
https://example.com/video
10,10,10,10,10,10,10,10,10,10,10,10
9,9,9,9,9,9,9,9,9,9,9,9
10,10,10,9,10,9,10,10,10,9,10,9
9,9,9,10,9,10,9,9,9,10,9,10
10,10,10,10,10,10,10,10,10,10,10,10
9,9,9,9,9,9,9,9,9,9,9,9
Fighter_146,Fighter_430,,09/17/2000,r,TKO,Judge_470,Judge_272,Judge_051
https://example.com/video
10,10,10,,,,,,,,,
9,9,7,,,,,,,,,
10,10,10,,,,,,,,,
9,9,7,,,,,,,,,
10,10,10,,,,,,,,,
9,9,7,,,,,,,,,
Fighter_1057,Fighter_133,,09/18/2000,r,TKO,Judge_630,Judge_113,Judge_480
https://example.com/video
10,10,10,10,,,,,,,,
9,9,9,9,,,,,,,,
10,10,9,10,,,,,,,,
9,9,10,9,,,,,,,,
10,9,10,10,,,,,,,,
9,10,9,9,,,,,,,,
Fighter_024,Fighter_152,,09/19/2000,r,TKO,Judge_225,Judge_583,Judge_576
https://example.com/video
10,9,10,10,10,10,9,10,,,,
9,10,9,9,9,9,10,9,,,,
9,10,10,10,10,9,9,10,,,,
10,9,9,9,9,10,10,9,,,,
10,10,10,10,9,9,10,10,,,,
9,9,9,9,10,10,9,9,,,,
Fighter_542,Fighter_549,,09/20/2000,b,TKO,Judge_533,Judge_363,Judge_080
https://example.com/video
8,10,9,10,10,,,,,,,
10,8,10,9,9,,,,,,,
9,10,8,10,10,,,,,,,
10,9,10,9,9,,,,,,,
8,10,8,10,9,,,,,,,
10,9,10,9,10,,,,,,,
Fighter_686,Fighter_496,,09/21/2000,b,TKO,Judge_149,Judge_323,Judge_629
https://example.com/video
9,9,9,9,10,9,,,,,,
10,10,10,10,9,10,,,,,,
9,9,9,10,9,9,,,,,,
10,10,10,9,10,10,,,,,,
9,9,9,9,10,9,,,,,,
10,10,10,10,9,10,,,,,,
Fighter_211,Fighter_892,,09/22/2000,r,TKO,Judge_472,Judge_227,Judge_149
https://example.com/video
10,10,,,,,,,,,,
8,9,,,,,,,,,,
10,10,,,,,,,,,,
8,9,,,,,,,,,,
10,10,,,,,,,,,,
8,9,,,,,,,,,,
Fighter_306,Fighter_569,,09/23/2000,r,UD,Judge_225,Judge_149,Judge_609
https://example.com/video
10,10,10,10,10,10,10,10,10,9,9,9
9,9,9,9,9,9,9,9,9,10,10,10
9,10,10,10,10,10,10,10,10,9,10,9
10,9,9,9,9,9,9,9,9,10,9,10
10,10,10,10,10,10,9,10,10,9,10,10
9,9,9,9,9,9,10,9,9,10,9,9
Fighter_631,Fighter_914,,09/24/2000,r,RTD,Judge_384,Judge_539,Judge_186
https://example.com/video
10,10,10,10,,,,,,,,
9,9,8,8,,,,,,,,
10,10,10,10,,,,,,,,
9,9,8,8,,,,,,,,
10,10,10,10,,,,,,,,
9,9,8,8,,,,,,,,
Fighter_098,Fighter_1231,,09/25/2000,b,KO,Judge_017,Judge_539,Judge_548
https://example.com/video
10,10,10,,,,,,,,,
9,9,9,,,,,,,,,
10,10,10,,,,,,,,,
9,9,9,,,,,,,,,
10,10,10,,,,,,,,,
9,9,9,,,,,,,,,
Fighter_194,Fighter_290,,09/26/2000,r,TKO,Judge_149,Judge_485,Judge_601
https://example.com/video
10,10,,,,,,,,,,
9,9,,,,,,,,,,
10,10,,,,,,,,,,
9,9,,,,,,,,,,
10,10,,,,,,,,,,
9,9,,,,,,,,,,
Fighter_479,Fighter_708,,09/27/2000,r,TD,Judge_126,Judge_605,Judge_601
https://example.com/video
9,10,10,9,10,10,,,,,,
10,9,9,10,9,9,,,,,,
10,10,9,10,10,10,,,,,,
9,9,10,9,9,9,,,,,,
10,10,10,9,10,10,,,,,,
9,9,9,10,9,9,,,,,,
Fighter_398,Fighter_1038,,09/28/2000,b,SD,Judge_149,Judge_126,Judge_323
https://example.com/video
9,9,9,9,10,9,10,9,9,10,10,9
10,10,10,10,9,10,9,10,10,9,9,10
10,9,10,10,10,10,10,9,10,10,10,10
9,10,9,9,9,9,9,10,9,9,9,9
9,10,9,9,10,10,9,9,9,9,10,10
10,9,10,10,9,9,10,10,10,10,9,9
Fighter_496,Fighter_1322,,09/29/2000,r,TKO,Judge_117,Judge_577,Judge_162
https://example.com/video
10,10,10,10,10,10,9,10,10,10,10,
9,8,9,9,8,9,10,8,9,9,9,
10,10,10,10,10,10,9,10,10,10,10,
9,8,9,9,9,9,10,8,9,9,9,
10,10,10,10,10,10,9,10,10,10,10,
9,8,9,9,9,9,10,8,9,9,9,
Fighter_260,Fighter_638,,09/30/2000,r,UD,Judge_577,Judge_135,Judge_113
https://example.com/video
10,9,10,10,10,10,9,10,9,10,10,10
9,10,9,9,9,9,10,9,10,8,9,9
10,9,10,10,10,10,9,10,9,10,10,10
9,10,9,9,9,9,10,9,10,8,9,9
10,9,10,9,10,9,9,10,10,10,10,10
9,10,9,10,9,10,10,9,9,8,9,9
Fighter_1273,Fighter_1002,,10/01/2000,r,UD,Judge_363,Judge_113,Judge_004
https://example.com/video
10,10,10,10,,,,,,,,
9,9,9,9,,,,,,,,
10,10,10,10,,,,,,,,
9,9,9,9,,,,,,,,
10,10,10,10,,,,,,,,
9,9,9,9,,,,,,,,
Fighter_415,Fighter_1154,,10/02/2000,r,SD,Judge_373,Judge_577,Judge_508
https://example.com/video
9,9,9,9,10,10,9,9,9,9,10,10
10,10,10,10,9,9,10,10,10,10,8,9
10,9,10,9,10,10,9,10,9,10,10,10
9,10,9,10,9,9,10,9,10,9,8,9
9,9,10,9,10,10,9,10,10,10,10,10
10,10,9,10,9,9,10,9,9,9,8,9
Fighter_340,Fighter_814,2,10/03/2000,r,KO,Judge_117,Judge_577,Judge_170
https://example.com/video
9,9,9,9,9,10,,,,,,
10,10,10,10,10,9,,,,,,
9,9,9,9,9,10,,,,,,
10,10,10,10,10,9,,,,,,
10,9,9,9,9,10,,,,,,
9,10,10,10,10,9,,,,,,
Fighter_463,Fighter_573,,10/04/2000,r,UD,Judge_342,Judge_363,Judge_281
https://example.com/video
10,10,10,10,10,10,10,10,10,10,,
9,9,9,9,9,9,9,9,9,9,,
10,10,10,10,10,10,10,10,10,10,,
9,9,9,9,9,9,9,9,9,9,,
10,10,10,10,10,10,10,10,10,10,,
9,9,9,9,9,9,9,9,9,9,,
Fighter_511,Fighter_800,,10/05/2000,r,SD,Judge_144,Judge_538,Judge_363
https://example.com/video
9,9,9,9,9,9,10,10,9,10,10,9
10,10,10,10,10,10,8,9,10,9,9,10
9,10,10,10,10,9,10,10,10,10,9,9
10,9,9,9,9,10,8,9,9,9,10,10
9,10,10,9,9,9,10,9,10,10,10,10
10,9,9,10,10,10,8,10,9,9,9,9
Fighter_478,Fighter_1237,,10/06/2000,r,UD,Judge_225,Judge_323,Judge_119
https://example.com/video
10,10,10,10,9,9,9,10,10,9,10,10
9,9,9,9,10,10,10,9,9,10,9,9
10,10,10,10,9,10,9,10,9,10,10,10
9,9,9,9,10,9,10,9,10,9,9,9
10,10,10,10,10,9,10,10,9,10,10,10
9,9,9,9,9,10,9,9,10,9,9,9
Fighter_208,Fighter_010,,10/07/2000,b,TKO,Judge_440,Judge_051,Judge_121
https://example.com/video
10,10,10,10,9,10,9,10,9,,,
9,9,9,9,10,9,10,9,10,,,
10,10,10,10,9,10,9,10,10,,,
9,9,9,9,10,9,10,9,9,,,
10,10,10,10,9,10,9,10,10,,,
9,9,9,9,10,9,10,9,9,,,
Fighter_211,Fighter_1266,,10/08/2000,r,TKO,Judge_440,Judge_051,Judge_121
https://example.com/video
10,10,10,10,10,10,10,10,10,,,
9,9,9,9,9,9,9,9,9,,,
10,10,10,10,10,9,10,10,10,,,
9,9,9,9,9,10,9,9,9,,,
10,10,10,10,10,10,10,10,10,,,
9,9,9,9,9,9,9,9,9,,,
Fighter_375,Fighter_273,,10/09/2000,b,UD,Judge_224,Judge_545,Judge_279
https://example.com/video
10,9,9,9,9,9,10,10,10,9,9,10
9,10,10,10,10,10,9,9,9,10,10,9
10,9,9,9,9,9,10,10,10,9,9,9
9,10,10,10,10,10,9,9,9,10,10,10
9,9,10,9,9,9,9,10,9,9,9,9
10,10,9,10,10,10,10,9,10,10,10,10
Fighter_409,Fighter_1329,,10/10/2000,r,TKO,Judge_301,Judge_444,Judge_101
https://example.com/video
10,10,10,,,,,,,,,
9,9,9,,,,,,,,,
10,10,10,,,,,,,,,
9,9,9,,,,,,,,,
10,10,10,,,,,,,,,
9,9,9,,,,,,,,,
Fighter_1222,Fighter_622,2,10/11/2000,b,KO,Judge_384,Judge_126,Judge_594
https://example.com/video
10,8,10,9,9,9,9,9,10,10,,
9,10,9,10,10,10,10,10,9,9,,
9,8,10,9,10,9,10,9,10,9,,
10,10,9,10,9,10,9,10,9,10,,
10,8,10,9,10,10,10,9,10,9,,
9,10,9,10,9,9,9,10,9,10,,
Fighter_340,Fighter_1239,1,10/12/2000,d,SD,Judge_487,Judge_530,Judge_017
https://example.com/video
10,9,9,9,9,10,10,9,10,9,9,10
9,10,10,10,10,9,9,10,8,10,10,8
10,9,9,9,9,9,10,9,10,9,9,10
9,10,10,10,10,10,9,10,8,10,10,8
10,10,10,10,9,9,9,10,10,9,9,10
9,9,9,9,10,10,10,9,8,10,10,8
Fighter_824,Fighter_024,,10/13/2000,r,UD,Judge_225,Judge_117,Judge_594
https://example.com/video
10,10,10,9,10,9,10,9,10,9,10,10
9,9,9,10,9,10,9,10,9,10,9,9
10,10,10,9,10,10,10,10,10,9,9,10
9,9,9,10,9,9,9,9,9,10,10,9
9,10,10,10,9,10,10,9,10,9,10,10
10,9,9,9,10,9,9,10,9,10,9,9
Fighter_994,Fighter_062,,10/14/2000,b,SD,Judge_384,Judge_017,Judge_496
https://example.com/video
10,9,9,9,10,9,10,9,9,10,,
9,10,10,10,9,10,9,10,10,9,,
10,10,9,9,9,9,9,9,9,10,,
9,9,10,10,10,10,10,10,10,9,,
10,10,9,9,9,10,10,10,9,10,,
9,9,10,10,10,9,9,9,10,9,,
Fighter_814,Fighter_1029,,10/15/2000,r,KO,Judge_384,Judge_425,Judge_641
https://example.com/video
10,,,,,,,,,,,
9,,,,,,,,,,,
10,,,,,,,,,,,
9,,,,,,,,,,,
10,,,,,,,,,,,
9,,,,,,,,,,,
Fighter_340,Fighter_814,1,10/16/2000,r,TKO,Judge_225,Judge_363,Judge_080
https://example.com/video
9,10,10,9,10,10,8,9,10,,,
10,9,9,10,8,9,10,10,9,,,
9,10,9,10,10,10,8,9,10,,,
10,9,10,9,8,9,10,10,9,,,
9,10,9,10,10,10,8,9,10,,,
10,9,10,9,8,9,10,10,9,,,
Fighter_1120,Fighter_589,,10/17/2000,d,SD,Judge_321,Judge_594,Judge_371
https://example.com/video
10,10,10,9,9,10,9,10,9,9,,
9,9,9,10,10,9,10,9,10,10,,
10,10,10,9,9,10,9,9,9,9,,
9,9,9,10,10,9,10,10,10,10,,
10,10,10,9,10,10,10,10,9,10,,
9,9,9,10,9,9,9,9,10,9,,
Fighter_414,Fighter_1019,,10/18/2000,r,KO,Judge_524,Judge_577,Judge_336
https://example.com/video
10,,,,,,,,,,,
9,,,,,,,,,,,
10,,,,,,,,,,,
9,,,,,,,,,,,
10,,,,,,,,,,,
9,,,,,,,,,,,
Fighter_824,Fighter_747,,10/19/2000,r,SD,Judge_225,Judge_117,Judge_594
https://example.com/video
10,10,9,10,10,9,9,9,9,10,9,9
8,9,10,9,9,10,10,10,10,9,10,10
10,10,9,10,10,9,9,10,9,10,9,10
8,9,10,9,9,10,10,9,10,9,10,9
10,10,10,10,10,9,9,9,9,10,9,10
8,9,9,9,9,10,10,10,10,9,10,9
Fighter_1313,Fighter_959,,10/20/2000,r,UD,Judge_342,Judge_577,Judge_170
https://example.com/video
10,10,10,10,9,10,10,10,10,10,10,10
8,9,9,9,9,9,9,9,9,9,9,9
10,10,10,10,9,10,10,10,10,10,10,10
8,9,9,9,9,9,9,9,9,9,9,9
10,10,10,10,9,10,10,10,10,10,10,10
8,9,9,9,9,9,9,9,9,9,9,9
Fighter_190,Fighter_607,,10/21/2000,r,KO,Judge_631,Judge_261,Judge_228
https://example.com/video
10,10,10,,,,,,,,,
9,9,9,,,,,,,,,
10,10,10,,,,,,,,,
9,9,9,,,,,,,,,
10,10,10,,,,,,,,,
9,9,9,,,,,,,,,
Fighter_287,Fighter_1286,,10/22/2000,b,TKO,Judge_194,Judge_172,Judge_601
https://example.com/video
8,8,,,,,,,,,,
10,10,,,,,,,,,,
8,8,,,,,,,,,,
10,10,,,,,,,,,,
8,8,,,,,,,,,,
10,10,,,,,,,,,,
Fighter_017,Fighter_256,,10/23/2000,r,UD,Judge_384,Judge_149,Judge_363
https://example.com/video
10,10,10,9,10,10,10,10,10,10,9,9
9,9,9,10,9,9,9,9,9,9,10,10
10,10,10,10,10,10,9,10,10,10,10,9
9,9,9,9,9,9,10,9,9,9,9,10
10,10,10,9,10,10,9,10,10,10,10,9
9,9,9,10,9,9,10,9,9,9,9,10
Fighter_769,Fighter_1020,,10/24/2000,r,UD,Judge_495,Judge_085,Judge_024
https://example.com/video
10,10,10,10,10,9,10,10,10,9,9,10
9,9,9,9,9,10,8,9,9,10,10,9
10,10,10,10,10,10,9,10,10,9,10,10
9,9,9,9,9,9,9,9,9,10,9,9
10,10,10,10,10,10,9,10,10,10,9,10
9,9,9,9,9,9,9,9,9,9,10,9
Fighter_478,Fighter_980,,10/25/2000,r,TKO,Judge_149,Judge_323,Judge_158
https://example.com/video
10,,,,,,,,,,,
9,,,,,,,,,,,
10,,,,,,,,,,,
9,,,,,,,,,,,
10,,,,,,,,,,,
9,,,,,,,,,,,
Fighter_478,Fighter_972,,10/26/2000,r,TKO,Judge_395,Judge_444,Judge_538
https://example.com/video
10,9,10,10,10,10,,,,,,
9,10,8,9,9,9,,,,,,
10,10,10,9,10,10,,,,,,
9,9,8,10,9,9,,,,,,
10,10,10,10,10,10,,,,,,
9,9,7,9,9,9,,,,,,
Fighter_318,Fighter_1078,,10/27/2000,r,SD,Judge_117,Judge_227,Judge_003
https://example.com/video
10,10,10,10,10,9,10,10,9,10,10,9
9,9,9,9,9,10,9,9,10,9,9,10
10,9,9,10,9,9,10,9,9,9,10,8
9,10,10,9,10,10,9,10,10,10,9,10
10,10,10,10,10,10,10,9,9,10,10,8
9,9,9,9,9,9,9,10,10,9,9,10
Fighter_260,Fighter_037,,10/28/2000,r,UD,Judge_225,Judge_472,Judge_425
https://example.com/video
10,10,10,10,10,10,10,10,,,,
9,9,9,9,9,9,9,9,,,,
10,10,10,10,10,10,10,10,,,,
9,9,9,9,9,9,9,9,,,,
10,10,10,10,10,10,10,10,,,,
9,9,9,9,9,9,9,9,,,,
Fighter_247,Fighter_299,,10/29/2000,r,TKO,Judge_473,Judge_006,Judge_387
https://example.com/video
10,10,10,,,,,,,,,
9,9,9,,,,,,,,,
10,10,10,,,,,,,,,
9,10,9,,,,,,,,,
10,10,10,,,,,,,,,
9,9,9,,,,,,,,,
Fighter_208,Fighter_360,,10/30/2000,r,TKO,Judge_084,Judge_556,Judge_371
https://example.com/video
10,10,,,,,,,,,,
9,9,,,,,,,,,,
10,10,,,,,,,,,,
9,9,,,,,,,,,,
10,10,,,,,,,,,,
9,9,,,,,,,,,,
Fighter_254,Fighter_1286,,10/31/2000,r,UD,Judge_633,Judge_316,Judge_525
https://example.com/video
10,10,10,10,10,10,10,10,10,10,,
9,9,9,9,9,9,9,9,9,9,,
10,10,10,10,10,10,10,10,10,10,,
9,9,9,9,9,9,9,9,9,9,,
10,10,10,10,10,10,10,10,10,10,,
9,9,9,9,9,9,9,9,9,9,,
Fighter_190,Fighter_1312,,11/01/2000,r,RTD,Judge_017,Judge_077,Judge_641
https://example.com/video
10,10,10,10,10,10,9,10,,,,
9,9,9,9,9,9,10,9,,,,
9,10,10,9,10,9,9,10,,,,
10,9,9,10,9,10,10,9,,,,
9,10,10,10,10,10,9,10,,,,
10,9,9,9,9,9,10,9,,,,
Fighter_994,Fighter_212,,11/02/2000,nc,ND,Judge_440,Judge_298,Judge_473
https://example.com/video
10,10,,,,,,,,,,
9,9,,,,,,,,,,
10,10,,,,,,,,,,
9,9,,,,,,,,,,
10,10,,,,,,,,,,
9,9,,,,,,,,,,
Fighter_414,Fighter_595,,11/03/2000,b,SD,Judge_073,Judge_225,Judge_117
https://example.com/video
10,9,10,10,10,9,10,9,9,10,10,8
9,10,9,9,9,10,9,10,10,9,9,10
10,9,10,9,9,10,10,9,9,10,10,8
9,10,9,10,10,9,9,10,10,9,9,10
10,9,9,9,9,10,10,10,9,10,10,8
9,10,10,10,10,9,9,9,10,9,9,10
Fighter_719,Fighter_921,,11/04/2000,r,MD,Judge_472,Judge_425,Judge_170
https://example.com/video
10,10,10,9,9,9,9,9,10,9,10,10
9,9,9,10,10,10,10,10,9,10,9,9
10,9,10,9,9,10,10,10,10,10,10,10
9,10,9,10,10,9,9,9,9,9,8,9
10,9,10,9,9,10,9,10,10,10,10,10
9,10,9,10,10,9,10,9,9,9,9,9
Fighter_779,Fighter_1132,,11/05/2000,b,TKO,Judge_373,Judge_113,Judge_480
https://example.com/video
10,10,10,9,10,9,10,9,9,,,
9,9,9,10,9,10,9,10,10,,,
10,9,10,9,10,9,10,9,9,,,
9,10,9,10,9,10,9,10,10,,,
10,9,10,9,10,9,9,9,9,,,
9,10,9,10,9,10,10,10,10,,,
Fighter_380,Fighter_074,,11/06/2000,r,RTD,Judge_384,Judge_108,Judge_161
https://example.com/video
10,10,,,,,,,,,,
7,9,,,,,,,,,,
10,10,,,,,,,,,,
7,9,,,,,,,,,,
10,10,,,,,,,,,,
7,9,,,,,,,,,,
Fighter_581,Fighter_591,,11/07/2000,r,RTD,Judge_440,Judge_321,Judge_594
https://example.com/video
10,10,9,10,10,10,,,,,,
9,9,10,9,9,8,,,,,,
10,9,10,10,10,10,,,,,,
9,10,9,9,9,8,,,,,,
10,9,9,10,10,10,,,,,,
9,10,10,9,9,8,,,,,,
Fighter_107,Fighter_163,,11/08/2000,r,TD,Judge_440,Judge_341,Judge_594
https://example.com/video
10,9,10,9,10,10,10,9,9,10,,
9,10,9,10,9,9,9,10,10,9,,
9,9,9,9,9,9,10,9,9,10,,
10,10,10,10,10,10,9,10,10,9,,
10,9,10,9,10,10,10,9,9,10,,
9,10,9,10,9,9,9,10,10,9,,
Fighter_830,Fighter_615,,11/09/2000,b,TKO,Judge_321,Judge_595,Judge_371
https://example.com/video
10,10,9,9,9,9,9,9,,,,
9,9,10,10,10,10,10,10,,,,
10,9,10,9,10,9,9,9,,,,
9,10,9,10,9,10,10,10,,,,
10,10,10,10,10,9,9,9,,,,
9,9,9,9,9,10,10,10,,,,
Fighter_792,Fighter_1016,,11/10/2000,r,UD,Judge_384,Judge_425,Judge_641
https://example.com/video
10,10,10,10,10,10,10,9,10,10,10,10
9,9,9,9,9,9,9,10,9,9,9,9
10,10,10,10,10,10,10,9,10,10,10,10
9,9,9,9,9,9,9,10,9,9,9,9
10,10,10,10,9,10,10,10,10,10,10,10
9,9,9,9,10,9,9,9,9,9,9,9
Fighter_017,Fighter_491,,11/11/2000,r,TKO,Judge_225,Judge_149,Judge_281
https://example.com/video
10,,,,,,,,,,,
9,,,,,,,,,,,
10,,,,,,,,,,,
8,,,,,,,,,,,
10,,,,,,,,,,,
9,,,,,,,,,,,
Fighter_747,Fighter_700,,11/12/2000,r,MD,Judge_144,Judge_577,Judge_605
https://example.com/video
10,10,10,9,10,9,8,10,9,10,9,9
9,8,9,10,9,10,10,9,10,9,10,10
10,10,10,10,10,10,8,9,10,9,10,9
9,8,9,9,9,9,10,10,9,10,9,10
10,10,10,10,10,9,8,10,10,10,10,10
9,8,9,9,9,10,10,9,9,9,9,9
Fighter_688,Fighter_211,,11/13/2000,b,UD,Judge_384,Judge_425,Judge_641
https://example.com/video
9,8,9,8,9,9,10,9,10,10,10,10
10,10,10,10,10,10,9,10,9,9,9,9
9,8,9,8,9,10,9,9,10,10,9,10
10,10,10,10,10,9,10,10,9,9,10,9
9,8,9,8,9,10,9,9,10,10,9,10
10,10,10,10,10,9,10,10,9,9,10,9
Fighter_358,Fighter_229,,11/14/2000,r,KO,Judge_363,Judge_629,Judge_314
https://example.com/video
9,9,9,10,10,9,10,9,,,,
10,10,10,9,9,10,9,10,,,,
10,9,9,10,10,10,10,10,,,,
9,10,10,9,9,9,9,9,,,,
9,9,9,9,10,10,10,10,,,,
10,10,10,10,9,9,9,9,,,,
Fighter_622,Fighter_1222,,11/15/2000,b,UD,Judge_342,Judge_538,Judge_533
https://example.com/video
10,9,10,9,9,9,9,10,9,9,10,10
9,10,9,10,10,10,10,9,10,10,9,9
10,9,10,9,10,9,9,10,9,9,9,10
9,10,9,10,9,10,10,9,10,10,10,9
10,9,9,9,10,9,9,10,9,9,9,10
9,10,10,10,9,10,10,9,10,10,10,9
Fighter_493,Fighter_1166,,11/16/2000,b,UD,Judge_425,Judge_641,Judge_161
https://example.com/video
9,9,9,9,9,9,9,8,,,,
10,10,10,10,10,10,10,10,,,,
9,9,9,9,9,9,9,8,,,,
10,10,10,10,10,10,10,10,,,,
9,9,9,9,9,9,9,8,,,,
10,10,10,10,10,10,10,10,,,,
Fighter_647,Fighter_540,,11/17/2000,r,KO,Judge_017,Judge_322,Judge_641
https://example.com/video
10,10,10,10,,,,,,,,
9,8,8,9,,,,,,,,
10,10,10,10,,,,,,,,
9,8,8,9,,,,,,,,
10,10,10,10,,,,,,,,
9,8,8,9,,,,,,,,
Fighter_190,Fighter_972,,11/18/2000,r,KO,Judge_425,Judge_161,Judge_186
https://example.com/video
10,10,10,10,10,9,9,10,10,,,
9,9,9,9,9,10,10,9,9,,,
10,10,10,10,10,9,10,9,10,,,
9,9,9,9,9,10,9,10,9,,,
10,10,10,10,10,9,10,10,10,,,
9,9,9,9,9,10,9,9,9,,,
Fighter_1120,Fighter_126,,11/19/2000,r,TKO,Judge_473,Judge_556,Judge_387
https://example.com/video
10,10,10,,,,,,,,,
9,9,9,,,,,,,,,
10,10,10,,,,,,,,,
9,9,9,,,,,,,,,
10,10,10,,,,,,,,,
9,9,9,,,,,,,,,
Fighter_581,Fighter_822,,11/20/2000,r,KO,Judge_440,Judge_321,Judge_473
https://example.com/video
10,,,,,,,,,,,
9,,,,,,,,,,,
10,,,,,,,,,,,
9,,,,,,,,,,,
10,,,,,,,,,,,
9,,,,,,,,,,,
Fighter_348,Fighter_077,,11/21/2000,b,SD,Judge_342,Judge_149,Judge_609
https://example.com/video
9,10,10,9,9,10,9,9,10,9,9,9
10,9,8,10,10,9,10,10,9,10,10,10
9,10,10,9,9,10,9,9,10,9,9,9
10,9,8,10,10,9,10,10,9,10,10,10
10,10,10,9,9,10,9,9,10,9,10,9
9,9,8,10,10,9,10,10,9,10,9,10
Fighter_1120,Fighter_1254,,11/22/2000,r,TKO,Judge_440,Judge_321,Judge_473
https://example.com/video
10,10,9,10,,,,,,,,
9,9,10,9,,,,,,,,
10,10,10,10,,,,,,,,
9,9,9,9,,,,,,,,
10,10,9,10,,,,,,,,
9,9,10,9,,,,,,,,
Fighter_260,Fighter_159,,11/23/2000,r,RTD,Judge_440,Judge_473,Judge_371
https://example.com/video
10,10,10,10,10,10,10,,,,,
9,9,9,9,9,8,9,,,,,
10,10,10,10,10,10,10,,,,,
9,9,9,9,9,8,9,,,,,
10,10,10,10,10,10,10,,,,,
9,9,9,9,9,8,9,,,,,
Fighter_581,Fighter_010,,11/24/2000,r,MD,Judge_440,Judge_321,Judge_473
https://example.com/video
10,9,10,10,9,10,10,9,9,9,,
9,10,9,9,10,9,9,10,10,10,,
10,9,10,10,10,10,10,9,9,9,,
9,10,9,9,9,9,9,10,10,10,,
10,9,9,10,10,10,9,10,9,10,,
9,10,10,9,9,9,10,9,10,9,,
Fighter_348,Fighter_1258,,11/25/2000,d,MD,Judge_146,Judge_224,Judge_288
https://example.com/video
9,10,10,10,10,10,9,9,9,9,9,9
10,9,9,9,9,9,10,10,10,10,10,10
10,10,10,9,10,10,9,9,9,9,10,9
9,9,9,10,9,9,10,10,10,10,9,10
10,10,10,9,10,10,10,9,9,9,9,9
9,9,9,10,9,9,9,10,10,10,10,10
Fighter_1237,Fighter_519,,11/26/2000,r,UD,Judge_117,Judge_003,Judge_425
https://example.com/video
10,9,10,10,10,10,10,10,,,,
9,10,9,9,9,9,9,9,,,,
10,8,10,10,10,10,10,10,,,,
9,10,9,9,9,9,9,9,,,,
10,8,10,10,10,10,10,10,,,,
9,10,9,9,9,9,9,9,,,,
Fighter_1093,Fighter_234,,11/27/2000,r,UD,Judge_072,Judge_355,Judge_452
https://example.com/video
10,10,10,10,10,10,10,10,,,,
9,9,9,9,9,9,9,9,,,,
10,10,10,10,10,10,10,10,,,,
9,9,9,9,9,9,9,9,,,,
10,10,10,10,10,10,10,10,,,,
9,9,9,9,9,9,9,9,,,,
Fighter_837,Fighter_684,,11/28/2000,r,KO,Judge_425,Judge_496,Judge_548
https://example.com/video
10,10,10,10,10,10,,,,,,
9,9,9,9,9,9,,,,,,
10,10,10,10,10,10,,,,,,
9,9,9,9,9,9,,,,,,
10,10,10,10,10,10,,,,,,
9,9,9,9,9,9,,,,,,
Fighter_358,Fighter_571,,11/29/2000,r,KO,Judge_062,Judge_347,Judge_245
https://example.com/video
9,9,10,8,,,,,,,,
10,10,8,10,,,,,,,,
9,9,10,8,,,,,,,,
10,10,8,10,,,,,,,,
9,9,10,8,,,,,,,,
10,10,8,10,,,,,,,,
Fighter_747,Fighter_1154,,11/30/2000,r,UD,Judge_577,Judge_629,Judge_172
https://example.com/video
10,9,10,10,9,10,9,10,10,9,10,9
9,10,9,9,10,9,10,9,9,10,9,10
10,9,10,10,9,9,9,10,9,10,10,10
9,10,9,9,10,10,10,9,10,9,9,9
10,9,9,10,10,9,9,10,10,10,10,9
9,10,10,9,9,10,10,9,9,9,9,10
Fighter_211,Fighter_020,,12/01/2000,r,TKO,Judge_384,Judge_560,Judge_641
https://example.com/video
10,10,10,10,10,,,,,,,
9,9,9,9,9,,,,,,,
10,10,10,10,10,,,,,,,
9,9,9,9,9,,,,,,,
10,10,10,10,10,,,,,,,
9,9,9,9,9,,,,,,,
Fighter_496,Fighter_816,,12/02/2000,r,KO,Judge_575,Judge_515,Judge_594
https://example.com/video
10,10,10,9,10,10,9,10,,,,
9,9,9,10,9,9,10,8,,,,
10,10,10,9,10,10,10,10,,,,
9,9,9,10,9,9,9,8,,,,
10,10,10,9,10,10,10,10,,,,
9,9,9,10,9,9,9,8,,,,
Fighter_340,Fighter_652,,12/03/2000,r,TKO,Judge_353,Judge_511,Judge_339
https://example.com/video
10,10,10,10,10,10,10,10,10,10,,
9,9,9,9,9,9,9,9,9,9,,
10,10,10,9,10,10,10,10,10,10,,
9,9,9,10,8,9,9,9,9,9,,
10,10,10,9,10,10,10,10,10,10,,
9,9,9,10,9,9,9,9,9,9,,
Fighter_306,Fighter_984,,12/04/2000,r,TKO,Judge_324,Judge_051,Judge_172
https://example.com/video
9,10,10,10,10,10,9,10,,,,
10,9,9,9,9,9,10,9,,,,
10,10,10,10,10,10,9,10,,,,
9,9,9,9,9,9,10,9,,,,
10,10,10,10,10,10,9,10,,,,
9,9,9,9,9,9,10,9,,,,
Fighter_024,Fighter_1154,,12/05/2000,b,UD,Judge_117,Judge_003,Judge_170
https://example.com/video
9,10,9,9,10,9,9,10,9,9,8,10
10,9,10,10,9,10,10,9,10,10,10,8
9,9,9,9,10,9,10,10,10,9,8,10
10,10,10,10,9,10,9,9,9,10,10,8
9,9,9,9,9,9,9,9,9,9,8,10
10,10,10,10,10,10,10,10,10,10,10,8
Fighter_747,Fighter_1059,,12/06/2000,r,UD,Judge_299,Judge_117,Judge_003
https://example.com/video
10,10,9,10,10,10,10,10,10,9,10,10
9,9,10,9,9,9,9,9,7,10,9,9
10,10,9,10,10,10,10,10,10,9,10,10
9,9,10,9,9,9,9,9,8,10,9,9
10,10,10,10,10,10,10,10,10,10,10,10
9,9,9,9,9,9,9,9,8,9,9,9
Fighter_073,Fighter_255,,12/07/2000,r,UD,Judge_144,Judge_338,Judge_051
https://example.com/video
10,10,9,9,9,10,10,9,10,10,9,10
9,9,10,10,10,9,9,10,9,9,10,9
10,10,10,9,9,10,9,10,10,10,10,10
9,9,9,10,10,9,10,9,9,9,9,9
10,10,10,9,9,10,10,10,10,10,10,9
9,9,9,10,10,9,9,9,9,9,9,10
Fighter_306,Fighter_779,,12/08/2000,r,MD,Judge_144,Judge_577,Judge_363
https://example.com/video
10,10,9,10,10,10,10,9,9,9,9,9
9,9,10,9,9,9,9,10,10,10,10,10
10,10,10,10,10,10,9,9,10,9,9,9
9,9,9,9,9,9,10,10,9,10,10,10
10,10,9,10,10,10,10,9,9,10,9,9
9,9,10,9,9,9,9,10,10,9,10,10
Fighter_1154,Fighter_1119,,12/09/2000,r,UD,Judge_471,Judge_384,Judge_641
https://example.com/video
10,10,10,10,10,10,10,10,10,10,10,10
9,9,9,9,9,9,9,9,9,9,9,9
10,10,10,10,10,10,10,10,10,10,10,10
9,9,9,9,9,9,9,9,9,9,9,9
10,10,10,10,10,10,10,10,10,10,10,10
9,9,9,9,9,9,9,9,9,9,9,9
Fighter_469,Fighter_911,,12/10/2000,r,UD,Judge_321,Judge_124,Judge_228
https://example.com/video
10,8,9,9,10,10,10,10,9,10,10,10
9,10,10,10,9,9,9,9,10,9,9,9
10,8,9,10,10,10,9,9,9,10,10,10
9,10,10,9,9,9,10,10,10,9,9,9
10,8,10,9,10,10,10,10,10,10,10,10
9,10,9,10,9,9,9,9,9,9,9,9
Fighter_960,Fighter_387,,12/11/2000,r,UD,Judge_017,Judge_641,Judge_548
https://example.com/video
10,10,10,10,10,10,10,9,10,10,,
9,9,9,9,9,9,9,10,9,9,,
10,10,10,10,9,9,10,10,10,10,,
9,9,9,9,10,10,9,9,9,9,,
10,10,10,10,10,9,10,10,10,10,,
9,9,9,9,9,10,9,9,9,9,,
Fighter_1313,Fighter_924,,12/12/2000,r,TKO,Judge_212,Judge_396,Judge_507
https://example.com/video
10,,,,,,,,,,,
9,,,,,,,,,,,
10,,,,,,,,,,,
9,,,,,,,,,,,
10,,,,,,,,,,,
9,,,,,,,,,,,
Fighter_1154,Fighter_023,,12/13/2000,r,UD,Judge_327,Judge_342,Judge_363
https://example.com/video
10,10,10,10,10,9,10,10,10,10,9,9
9,9,9,9,9,10,9,9,9,9,10,10
10,10,10,10,10,9,10,10,10,10,9,9
9,9,9,9,9,10,9,9,9,9,10,10
10,10,10,10,9,10,10,10,10,10,9,9
9,9,9,9,10,9,9,9,9,9,10,10
Fighter_491,Fighter_074,,12/14/2000,d,SD,Judge_471,Judge_003,Judge_575
https://example.com/video
9,10,10,10,9,9,9,9,10,10,,
10,9,9,9,10,10,10,10,9,9,,
10,10,10,10,9,9,9,10,10,10,,
9,9,9,9,10,10,10,9,9,9,,
10,10,10,10,9,9,9,9,9,9,,
9,9,9,9,10,10,10,10,10,10,,
Fighter_622,Fighter_644,,12/15/2000,r,TKO,Judge_050,Judge_380,Judge_094
https://example.com/video
10,10,10,10,10,,,,,,,
9,9,9,9,9,,,,,,,
10,10,10,10,10,,,,,,,
9,9,9,9,9,,,,,,,
10,10,10,10,10,,,,,,,
9,9,9,9,9,,,,,,,
Fighter_786,Fighter_447,,12/16/2000,r,UD,Judge_524,Judge_331,Judge_089
https://example.com/video
10,10,10,10,10,9,10,10,10,10,10,10
9,9,9,9,9,10,9,9,9,9,9,9
9,10,10,10,9,9,10,10,9,10,10,10
10,9,9,9,10,10,9,9,10,9,9,9
9,10,10,10,10,9,10,10,10,10,10,10
10,9,9,9,9,10,9,9,9,9,9,9
Fighter_348,Fighter_004,,12/17/2000,b,UD,Judge_229,Judge_093,Judge_131
https://example.com/video
10,10,9,10,9,9,9,9,9,9,,
9,9,10,9,10,10,10,10,10,10,,
10,10,9,10,9,9,9,9,10,9,,
9,9,10,9,10,10,10,10,9,10,,
10,10,9,9,9,9,9,9,10,9,,
9,9,10,10,10,10,10,10,9,10,,
Fighter_360,Fighter_973,,12/18/2000,d,MD,Judge_227,Judge_003,Judge_594
https://example.com/video
9,10,9,9,10,10,10,10,10,10,,
10,9,10,10,9,9,9,9,9,9,,
9,10,9,9,10,10,9,9,10,10,,
10,9,10,10,9,9,10,10,9,9,,
10,9,9,9,10,9,9,10,10,10,,
9,10,10,10,9,10,10,9,9,9,,
Fighter_603,Fighter_228,,12/19/2000,r,TKO,Judge_073,Judge_472,Judge_515
https://example.com/video
10,10,10,9,10,10,9,10,10,,,
9,8,9,10,9,9,10,9,9,,,
9,10,9,9,10,10,10,10,10,,,
10,8,10,10,9,9,9,9,9,,,
9,10,10,9,9,10,10,9,10,,,
10,8,9,10,10,9,9,10,9,,,
Fighter_022,Fighter_1218,,12/20/2000,r,TKO,Judge_450,Judge_530,Judge_258
https://example.com/video
10,10,,,,,,,,,,
9,8,,,,,,,,,,
10,10,,,,,,,,,,
9,8,,,,,,,,,,
10,10,,,,,,,,,,
9,8,,,,,,,,,,
Fighter_708,Fighter_1021,,12/21/2000,r,SD,Judge_018,Judge_081,Judge_590
https://example.com/video
10,10,9,10,9,10,9,10,9,10,9,8
9,9,9,9,10,9,10,9,8,9,10,10
10,9,8,10,9,9,9,9,9,10,9,8
9,10,10,9,10,10,10,10,8,9,10,10
9,10,9,10,10,10,9,9,10,10,9,8
10,9,9,9,9,9,10,10,7,9,10,10
Fighter_296,Fighter_1139,,12/22/2000,r,TKO,Judge_144,Judge_338,Judge_425
https://example.com/video
10,,,,,,,,,,,
9,,,,,,,,,,,
9,,,,,,,,,,,
10,,,,,,,,,,,
10,,,,,,,,,,,
9,,,,,,,,,,,
Fighter_218,Fighter_041,,12/23/2000,r,UD,Judge_312,Judge_078,Judge_080
https://example.com/video
7,10,10,10,10,10,9,10,10,10,10,10
10,9,8,9,9,9,10,9,9,9,8,9
7,10,10,10,10,10,10,10,9,10,10,10
10,9,8,9,9,9,9,9,10,9,8,9
7,9,10,10,10,10,10,9,10,10,10,10
10,10,8,9,9,9,9,10,9,9,8,9
Fighter_747,Fighter_810,,12/24/2000,r,RTD,Judge_018,Judge_059,Judge_444
https://example.com/video
10,10,10,10,9,10,10,,,,,
9,9,9,9,10,9,9,,,,,
10,10,10,10,9,10,10,,,,,
9,9,9,9,10,9,9,,,,,
10,10,10,10,9,9,10,,,,,
9,9,9,9,10,10,9,,,,,
Fighter_415,Fighter_998,,12/25/2000,r,TKO,Judge_073,Judge_524,Judge_382
https://example.com/video
9,10,,,,,,,,,,
10,9,,,,,,,,,,
9,10,,,,,,,,,,
10,9,,,,,,,,,,
9,10,,,,,,,,,,
10,9,,,,,,,,,,
Fighter_024,Fighter_657,,12/26/2000,r,UD,Judge_073,Judge_472,Judge_323
https://example.com/video
10,10,10,10,10,10,10,10,10,10,10,10
9,9,9,9,9,9,9,9,9,9,9,9
10,10,10,10,10,10,10,10,10,10,10,10
9,9,9,9,9,9,9,9,9,9,9,9
10,10,9,10,9,10,10,10,10,10,10,10
9,9,10,9,10,9,9,9,9,9,9,9
Fighter_256,Fighter_286,,12/27/2000,r,UD,Judge_471,Judge_161,Judge_186
https://example.com/video
10,10,9,9,10,9,10,10,,,,
8,9,10,10,9,10,9,9,,,,
10,10,9,9,9,9,10,10,,,,
8,9,10,10,10,10,9,9,,,,
10,10,9,9,10,10,10,10,,,,
8,9,10,10,9,9,9,9,,,,
Fighter_1154,Fighter_407,,12/28/2000,r,KO,Judge_425,Judge_297,Judge_591
https://example.com/video
10,10,10,10,,,,,,,,
9,9,9,9,,,,,,,,
10,10,10,10,,,,,,,,
9,9,9,9,,,,,,,,
10,10,10,10,,,,,,,,
9,9,9,9,,,,,,,,
Fighter_096,Fighter_994,,12/29/2000,d,SD,Judge_225,Judge_234,Judge_172
https://example.com/video
8,9,9,10,9,10,10,10,10,9,10,9
10,10,10,9,10,9,8,9,9,10,9,10
8,9,8,10,9,10,10,10,10,10,10,9
10,10,10,9,10,9,8,9,9,9,9,10
8,9,8,10,9,10,10,9,10,10,10,9
10,10,10,9,10,9,8,10,9,9,9,10
Fighter_1059,Fighter_004,,12/30/2000,r,SD,Judge_425,Judge_297,Judge_161
https://example.com/video
9,9,9,8,9,10,10,10,10,10,,
10,10,10,10,10,9,9,9,9,9,,
9,10,10,8,10,10,10,10,10,10,,
10,9,9,10,9,9,9,9,9,9,,
9,9,9,8,10,10,10,10,10,10,,
10,10,10,10,9,9,9,9,9,9,,
Fighter_378,Fighter_280,,12/31/2000,r,TKO,Judge_273,Judge_320,Judge_358
https://example.com/video
10,10,,,,,,,,,,
9,9,,,,,,,,,,
10,10,,,,,,,,,,
9,9,,,,,,,,,,
10,10,,,,,,,,,,
9,9,,,,,,,,,,
Fighter_584,Fighter_078,,01/01/2001,r,UD,Judge_256,Judge_107,Judge_012
https://example.com/video
10,10,9,10,10,10,9,9,9,9,10,9
9,7,10,9,9,9,10,10,10,10,9,10
10,10,9,10,10,10,9,9,9,9,9,10
9,7,10,9,9,9,10,10,10,10,10,9
10,10,10,10,10,10,9,9,10,9,10,10
9,7,9,9,9,9,10,10,9,10,9,9
Fighter_347,Fighter_1252,,01/02/2001,r,UD,Judge_117,Judge_126,Judge_594
https://example.com/video
10,9,9,10,10,9,10,10,10,10,9,10
9,10,10,9,9,10,9,9,9,9,10,9
10,9,9,10,10,10,10,9,10,9,9,10
9,10,10,9,9,9,9,10,9,10,10,9
10,9,10,10,10,10,9,9,10,9,9,10
9,10,9,9,9,9,10,10,9,10,10,9
Fighter_918,Fighter_756,,01/03/2001,r,KO,Judge_180,Judge_617,Judge_333
https://example.com/video
8,10,9,,,,,,,,,
10,8,10,,,,,,,,,
8,10,10,,,,,,,,,
10,8,9,,,,,,,,,
8,10,9,,,,,,,,,
10,8,10,,,,,,,,,
Fighter_1239,Fighter_265,,01/04/2001,r,RTD,Judge_586,Judge_439,Judge_195
https://example.com/video
10,10,10,10,10,10,10,10,,,,
9,9,9,9,8,9,9,9,,,,
10,10,10,10,10,10,10,10,,,,
9,9,9,9,8,9,9,9,,,,
10,10,10,10,10,10,10,10,,,,
9,9,9,9,8,9,9,9,,,,
Fighter_646,Fighter_261,,01/05/2001,r,UD,Judge_118,Judge_478,Judge_544
https://example.com/video
10,10,10,10,10,10,9,9,10,10,10,10
8,9,9,9,9,10,10,10,9,8,9,9
10,10,9,10,10,9,9,9,10,10,10,10
8,9,10,9,9,10,10,10,9,9,9,9
10,10,10,10,10,10,9,9,10,10,10,10
8,9,9,10,9,10,10,10,9,8,9,9
Fighter_958,Fighter_459,,01/06/2001,b,UD,Judge_397,Judge_501,Judge_454
https://example.com/video
9,9,9,10,9,10,9,10,9,10,9,10
10,10,10,9,10,9,10,9,10,9,10,9
9,9,9,9,10,9,9,9,9,10,10,9
10,10,10,10,9,10,10,10,10,9,9,10
8,9,9,10,10,9,9,9,9,9,10,10
10,10,10,9,10,10,10,10,10,10,9,9
Fighter_646,Fighter_993,,01/07/2001,r,TKO,Judge_246,Judge_028,Judge_333
https://example.com/video
10,10,,,,,,,,,,
9,9,,,,,,,,,,
10,10,,,,,,,,,,
9,9,,,,,,,,,,
10,10,,,,,,,,,,
9,9,,,,,,,,,,
Fighter_090,Fighter_073,,01/08/2001,b,UD,Judge_291,Judge_468,Judge_340
https://example.com/video
9,9,10,9,10,9,9,9,10,9,9,9
10,10,9,10,9,10,10,10,10,10,10,10
9,9,9,10,10,9,9,9,9,9,10,9
10,10,10,9,10,10,10,10,10,10,9,10
9,9,9,9,9,9,9,9,9,9,9,9
10,10,10,10,10,10,10,10,10,10,10,10
Fighter_1189,Fighter_489,,01/09/2001,b,SD,Judge_225,Judge_194,Judge_149
https://example.com/video
9,9,9,9,9,9,9,10,10,10,9,10
10,10,10,10,10,10,10,9,9,8,10,9
8,9,10,9,9,9,10,9,10,10,9,9
10,10,9,10,10,10,9,10,9,8,10,10
9,10,9,9,9,9,10,10,10,10,9,10
10,9,10,10,10,10,9,9,9,8,10,9
Fighter_955,Fighter_1221,,01/10/2001,r,TKO,Judge_016,Judge_574,Judge_639
https://example.com/video
9,9,9,10,9,9,10,,,,,
10,10,10,9,10,10,9,,,,,
9,9,9,10,10,9,10,,,,,
10,10,10,9,9,10,9,,,,,
9,9,9,10,10,10,10,,,,,
10,10,10,9,9,10,9,,,,,
Fighter_296,Fighter_1141,,01/11/2001,r,SD,Judge_342,Judge_577,Judge_605
https://example.com/video
10,9,10,10,9,9,9,9,10,10,9,9
8,10,9,9,10,10,10,10,9,9,10,10
10,9,10,10,9,9,10,10,10,9,10,9
8,10,9,9,10,10,9,9,9,10,9,10
10,9,10,10,9,10,9,10,10,9,10,9
8,10,9,9,10,9,10,9,9,10,9,10
Fighter_331,Fighter_145,,01/12/2001,r,TKO,Judge_609,Judge_363,Judge_026
https://example.com/video
10,10,10,10,10,10,10,10,9,10,10,
9,9,9,9,9,9,9,9,10,9,9,
10,10,10,10,10,10,10,10,9,10,10,
9,9,9,9,9,9,9,9,10,9,9,
10,10,9,10,10,10,10,10,9,10,10,
9,9,10,9,9,9,9,9,10,9,9,
Fighter_749,Fighter_590,,01/13/2001,r,UD,Judge_519,Judge_122,Judge_039
https://example.com/video
10,10,10,8,,,,,,,,
9,9,9,10,,,,,,,,
10,10,10,8,,,,,,,,
9,9,9,10,,,,,,,,
10,10,10,8,,,,,,,,
9,9,9,10,,,,,,,,
Fighter_758,Fighter_675,,01/14/2001,r,UD,Judge_519,Judge_122,Judge_039
https://example.com/video
10,10,10,10,10,10,,,,,,
9,9,9,9,9,9,,,,,,
10,10,10,10,10,10,,,,,,
9,9,9,9,9,9,,,,,,
10,10,10,10,10,10,,,,,,
9,9,9,9,9,9,,,,,,
Fighter_347,Fighter_696,,01/15/2001,r,UD,Judge_117,Judge_425,Judge_594
https://example.com/video
10,10,10,9,10,10,9,10,9,10,10,10
9,9,9,10,9,9,10,9,10,9,9,9
10,10,10,9,10,10,9,10,10,10,10,9
9,9,9,10,9,9,10,9,9,9,9,10
10,10,10,9,10,10,9,10,9,10,10,9
9,9,9,10,9,9,10,9,10,9,9,10
Fighter_347,Fighter_1322,,01/16/2001,r,UD,Judge_444,Judge_433,Judge_184
https://example.com/video
10,10,10,10,10,10,10,10,10,10,10,10
9,9,9,9,9,9,9,9,9,9,8,9
10,10,10,10,10,10,10,10,10,10,10,10
9,9,9,9,9,9,9,9,9,9,8,9
10,10,10,10,10,9,10,9,10,10,10,10
9,9,9,9,9,10,9,10,9,9,8,9
Fighter_788,Fighter_866,,01/17/2001,r,TKO,Judge_065,Judge_379,Judge_236
https://example.com/video
8,9,9,10,9,10,10,9,9,10,10,
10,10,10,9,10,9,9,10,10,9,8,
8,9,9,9,10,9,9,10,9,10,10,
10,10,10,10,9,10,10,9,10,9,8,
8,9,9,10,9,9,10,10,9,10,10,
10,10,10,9,10,10,9,9,10,9,8,
Fighter_354,Fighter_500,,01/18/2001,r,UD,Judge_569,Judge_483,Judge_294
https://example.com/video
10,9,10,10,10,10,10,9,10,9,10,10
9,10,9,9,9,9,9,10,9,10,9,9
10,10,10,10,10,10,9,9,10,9,10,10
9,9,9,9,9,9,10,10,9,10,9,9
10,10,10,10,10,9,10,10,10,9,10,10
9,9,9,9,9,10,9,9,9,10,9,9
Fighter_1113,Fighter_163,,01/19/2001,r,RTD,Judge_117,Judge_444,Judge_433
https://example.com/video
10,10,10,,,,,,,,,
9,9,8,,,,,,,,,
10,10,10,,,,,,,,,
9,9,8,,,,,,,,,
10,10,10,,,,,,,,,
9,9,8,,,,,,,,,
Fighter_748,Fighter_415,,01/20/2001,b,KO,Judge_118,Judge_003,Judge_016
https://example.com/video
10,10,9,10,9,10,10,9,9,8,,
9,9,10,9,10,9,9,10,10,10,,
9,10,9,10,10,9,9,9,9,8,,
10,9,10,9,9,10,10,10,10,10,,
10,10,10,9,10,9,9,9,9,8,,
9,9,9,10,9,10,10,10,10,10,,
Fighter_951,Fighter_1217,,01/21/2001,b,UD,Judge_312,Judge_495,Judge_531
https://example.com/video
10,9,9,9,10,9,,,,,,
9,9,10,10,9,10,,,,,,
10,10,9,9,9,9,,,,,,
9,8,10,10,10,10,,,,,,
10,9,9,9,9,10,,,,,,
9,9,10,10,10,9,,,,,,
Fighter_1092,Fighter_603,,01/22/2001,r,KO,Judge_204,Judge_508,Judge_641
https://example.com/video
10,10,10,10,10,,,,,,,
9,9,9,8,8,,,,,,,
10,10,10,10,10,,,,,,,
9,9,9,8,8,,,,,,,
10,10,10,10,10,,,,,,,
9,9,9,8,8,,,,,,,
Fighter_110,Fighter_1300,,01/23/2001,r,TKO,Judge_577,Judge_453,Judge_149
https://example.com/video
10,10,9,9,10,8,9,9,10,9,,
9,9,10,10,8,10,10,10,9,10,,
10,10,10,10,10,8,9,9,10,9,,
9,9,9,9,8,10,10,10,9,10,,
10,10,10,10,10,8,9,9,10,10,,
9,9,9,9,9,10,10,10,9,9,,
Fighter_073,Fighter_831,,01/24/2001,r,UD,Judge_299,Judge_227,Judge_075
https://example.com/video
10,10,9,10,10,9,9,10,10,8,9,10
8,9,10,9,8,10,10,9,9,10,10,9
10,10,9,10,10,9,9,10,10,8,9,9
8,9,10,9,8,10,10,9,9,10,10,10
10,10,9,10,10,10,9,10,10,8,9,9
8,9,10,9,8,9,10,9,9,10,10,10
Fighter_451,Fighter_1258,,01/25/2001,r,KO,Judge_299,Judge_227,Judge_003
https://example.com/video
9,10,10,,,,,,,,,
10,9,9,,,,,,,,,
10,10,10,,,,,,,,,
9,9,9,,,,,,,,,
10,10,10,,,,,,,,,
9,9,9,,,,,,,,,
Fighter_097,Fighter_110,1,01/26/2001,b,UD,Judge_225,Judge_574,Judge_051
https://example.com/video
9,9,9,10,9,9,9,10,9,9,9,9
10,10,10,9,10,10,10,9,10,10,10,10
9,9,9,9,9,9,9,10,9,9,9,9
10,10,10,10,10,10,10,9,10,10,10,10
9,9,9,9,9,10,9,10,9,9,9,9
10,10,10,10,10,9,10,9,10,10,10,10
Fighter_701,Fighter_1032,,01/27/2001,r,MD,Judge_051,Judge_423,Judge_024
https://example.com/video
9,9,10,9,10,10,10,9,10,10,9,9
10,10,9,10,9,9,9,10,9,9,10,10
10,9,10,10,9,10,10,10,10,10,10,9
9,10,9,9,10,9,9,10,9,9,9,10
9,10,9,9,10,10,10,9,10,10,9,10
10,9,10,10,9,9,9,10,9,9,10,9
Fighter_451,Fighter_1050,,01/28/2001,r,TKO,Judge_073,Judge_117,Judge_477
https://example.com/video
10,10,10,10,9,10,10,10,10,,,
9,9,9,9,10,8,9,9,9,,,
10,10,10,10,9,10,10,10,10,,,
9,9,9,9,10,8,9,9,9,,,
10,10,9,10,9,10,10,10,10,,,
9,9,10,9,10,8,9,9,9,,,
Fighter_451,Fighter_970,,01/29/2001,r,SD,Judge_602,Judge_299,Judge_095
https://example.com/video
10,9,9,9,10,10,9,9,10,9,10,9
9,10,10,10,9,9,10,10,9,10,9,10
10,9,9,9,10,10,9,10,9,10,10,10
9,10,10,10,9,9,10,9,10,9,9,9
10,9,10,9,10,10,9,10,10,10,10,9
9,10,9,10,9,9,10,9,9,9,9,10
Fighter_451,Fighter_1149,,01/30/2001,r,UD,Judge_117,Judge_524,Judge_003
https://example.com/video
10,9,10,10,10,10,10,10,10,10,10,10
9,10,9,9,9,9,9,9,9,9,9,9
9,9,10,10,10,10,10,10,10,10,10,10
10,10,9,9,9,9,9,9,9,9,9,9
10,9,10,10,10,10,10,10,10,10,10,10
9,10,9,9,9,9,9,9,9,9,9,9
Fighter_110,Fighter_233,,01/31/2001,r,TKO,Judge_430,Judge_483,Judge_538
https://example.com/video
10,10,10,10,10,10,9,10,10,,,
9,9,9,8,9,9,10,9,9,,,
10,10,10,10,10,10,10,10,9,,,
9,9,9,8,9,9,9,9,10,,,
10,10,10,10,10,10,10,10,10,,,
9,9,9,8,9,9,9,9,9,,,
Fighter_451,Fighter_1113,,02/01/2001,r,MD,Judge_117,Judge_075,Judge_102
https://example.com/video
10,10,9,10,10,10,10,10,9,10,9,9
9,9,10,9,9,9,9,9,10,9,10,10
9,10,9,10,10,10,10,9,9,10,9,9
10,9,10,9,9,9,9,10,10,9,10,10
10,9,10,10,10,10,10,10,10,9,10,9
9,10,9,9,9,9,9,9,9,10,9,10
Fighter_181,Fighter_646,,02/02/2001,b,SD,Judge_095,Judge_003,Judge_585
https://example.com/video
10,10,9,9,9,9,9,9,9,9,10,9
8,9,10,10,10,10,10,10,10,10,9,10
10,10,9,9,10,10,9,9,9,10,10,9
8,9,10,10,9,9,10,10,10,9,9,10
10,9,10,10,9,9,9,9,9,9,10,9
8,10,9,9,10,10,10,10,10,10,9,10
Fighter_1113,Fighter_486,3,02/03/2001,r,UD,Judge_117,Judge_577,Judge_126
https://example.com/video
10,10,10,10,10,9,10,9,10,9,10,9
9,9,9,9,9,10,9,10,9,10,9,10
9,10,10,10,10,10,10,9,10,9,9,9
10,9,9,9,9,9,9,10,9,10,10,10
9,10,10,10,10,10,10,9,9,10,9,9
10,9,9,9,9,9,9,10,10,9,10,10
Fighter_486,Fighter_1098,,02/04/2001,r,TKO,Judge_225,Judge_018,Judge_524
https://example.com/video
10,9,9,10,10,10,10,10,,,,
9,10,10,9,9,9,9,9,,,,
10,9,9,10,9,10,10,10,,,,
9,10,10,9,10,9,9,9,,,,
10,10,9,10,10,10,10,10,,,,
9,9,10,9,9,9,9,9,,,,
Fighter_1113,Fighter_486,2,02/05/2001,r,MD,Judge_225,Judge_117,Judge_577
https://example.com/video
9,10,10,9,10,10,10,10,9,9,9,9
10,9,9,10,9,9,9,9,10,10,10,10
9,10,10,9,10,10,9,10,10,9,9,10
10,9,9,10,9,9,10,9,9,10,10,9
9,10,10,9,10,10,10,9,10,9,9,10
10,9,9,10,9,9,9,10,9,10,10,9
Fighter_1255,Fighter_187,,02/06/2001,r,KO,Judge_471,Judge_425,Judge_641
https://example.com/video
10,10,10,10,,,,,,,,
9,9,9,8,,,,,,,,
10,10,10,10,,,,,,,,
9,9,9,8,,,,,,,,
10,10,10,10,,,,,,,,
9,9,9,8,,,,,,,,
Fighter_1113,Fighter_296,,02/07/2001,r,UD,Judge_225,Judge_117,Judge_577
https://example.com/video
10,10,10,10,10,9,9,10,9,9,10,10
9,9,9,9,9,10,10,9,10,10,9,9
9,10,10,10,10,9,10,10,9,10,9,9
10,9,9,9,9,10,9,9,10,9,10,10
9,10,10,10,10,9,10,10,9,10,9,9
10,9,9,9,9,10,9,9,10,9,10,10
Fighter_1113,Fighter_1130,,02/08/2001,r,KO,Judge_342,Judge_117,Judge_149
https://example.com/video
9,10,9,10,10,10,10,9,10,9,,
10,9,10,9,9,9,9,10,9,10,,
10,10,9,10,10,10,10,9,9,9,,
9,9,10,9,9,9,9,10,10,10,,
9,9,9,10,10,10,10,9,9,10,,
10,10,10,9,9,9,9,10,10,9,,
Fighter_486,Fighter_748,,02/09/2001,r,TKO,Judge_234,Judge_051,Judge_102
https://example.com/video
9,9,10,10,,,,,,,,
10,10,9,9,,,,,,,,
9,9,10,9,,,,,,,,
10,10,9,10,,,,,,,,
10,9,10,9,,,,,,,,
9,10,9,10,,,,,,,,
Fighter_183,Fighter_828,,02/10/2001,r,KO,Judge_472,Judge_384,Judge_533
https://example.com/video
10,9,9,10,9,9,9,10,10,9,,
9,10,10,9,10,10,10,9,9,10,,
10,10,10,10,10,9,9,10,9,9,,
9,9,9,9,9,10,10,9,10,10,,
10,9,10,10,10,9,9,10,10,9,,
9,10,9,9,9,10,10,9,9,10,,
Fighter_347,Fighter_064,,02/11/2001,r,UD,Judge_017,Judge_641,Judge_347
https://example.com/video
10,10,10,10,10,10,10,10,10,10,10,10
9,9,9,9,8,9,9,9,9,9,9,9
10,10,10,10,10,10,10,10,10,10,10,10
9,9,9,9,8,9,9,9,9,9,9,9
10,10,10,10,10,10,10,10,10,10,10,10
9,9,9,9,8,9,9,9,9,9,9,9
Fighter_760,Fighter_1074,,02/12/2001,b,TKO,Judge_117,Judge_495,Judge_631
https://example.com/video
9,9,10,10,9,10,9,8,,,,
10,10,9,9,10,9,10,10,,,,
9,9,9,9,9,9,9,8,,,,
10,10,10,10,10,10,10,10,,,,
9,9,10,10,9,9,9,8,,,,
10,10,9,9,10,10,10,10,,,,
Fighter_824,Fighter_716,2,02/13/2001,r,SD,Judge_299,Judge_153,Judge_604
https://example.com/video
10,9,10,10,9,9,9,9,9,10,9,9
9,10,8,9,10,10,10,10,10,9,10,10
10,9,10,10,9,10,9,9,10,10,9,10
9,10,8,9,10,9,10,10,9,9,10,9
10,9,10,10,9,10,9,9,10,10,9,9
9,10,8,9,10,9,10,10,9,9,10,10
Fighter_970,Fighter_524,,02/14/2001,r,UD,Judge_319,Judge_095,Judge_033
https://example.com/video
10,10,10,10,10,10,10,10,10,10,10,10
9,9,9,9,9,9,9,9,8,9,9,8
10,10,10,10,10,10,10,10,10,10,10,10
9,9,9,9,9,9,9,9,8,8,9,8
10,9,10,9,10,10,10,10,10,10,10,10
9,10,9,10,9,9,9,9,8,9,9,8
Fighter_1113,Fighter_723,,02/15/2001,r,UD,Judge_225,Judge_117,Judge_003
https://example.com/video
10,10,10,10,10,10,10,10,10,10,10,10
9,9,9,9,9,9,9,9,9,9,9,9
10,10,10,10,10,10,10,10,10,10,10,10
9,9,9,9,9,9,9,9,9,9,9,9
10,10,10,10,10,10,10,10,10,10,10,10
9,9,9,9,9,9,9,9,9,9,9,9
Fighter_563,Fighter_040,,02/16/2001,r,TKO,Judge_225,Judge_323,Judge_533
https://example.com/video
10,10,10,10,,,,,,,,
8,9,9,9,,,,,,,,
10,10,10,10,,,,,,,,
8,9,9,9,,,,,,,,
10,10,10,10,,,,,,,,
8,9,9,9,,,,,,,,
Fighter_1113,Fighter_073,,02/17/2001,r,KO,Judge_225,Judge_227,Judge_003
https://example.com/video
9,9,10,10,10,,,,,,,
10,10,9,9,9,,,,,,,
10,9,10,10,10,,,,,,,
9,10,9,9,9,,,,,,,
9,9,9,10,10,,,,,,,
10,10,10,9,9,,,,,,,
Fighter_984,Fighter_024,,02/18/2001,b,SD,Judge_225,Judge_604,Judge_605
https://example.com/video
10,10,9,10,9,9,9,10,9,9,9,10
9,9,10,9,10,10,10,9,10,10,10,9
10,10,9,10,10,10,10,9,9,10,9,9
9,9,10,9,9,9,9,10,10,9,10,10
10,10,9,10,9,9,9,9,9,9,9,9
9,9,10,9,10,10,10,10,10,10,10,10
Fighter_160,Fighter_1113,,02/19/2001,b,UD,Judge_569,Judge_508,Judge_466
https://example.com/video
9,9,9,9,9,9,8,9,9,10,9,10
10,10,10,10,10,10,10,10,10,9,10,9
9,9,10,10,10,9,8,10,9,10,9,9
10,10,9,9,9,10,10,9,10,9,10,10
9,9,9,9,10,10,8,9,9,10,9,10
10,10,10,10,9,9,10,10,10,9,10,9
Fighter_451,Fighter_886,,02/20/2001,r,UD,Judge_472,Judge_117,Judge_524
https://example.com/video
10,10,10,10,9,9,10,9,10,10,10,10
9,9,9,9,10,10,9,10,9,9,9,9
10,10,9,10,10,9,10,9,10,10,10,10
9,9,10,9,9,10,9,10,9,9,9,9
10,10,10,10,10,9,10,9,10,10,10,10
9,9,9,9,9,10,9,10,9,9,9,9
Fighter_910,Fighter_955,,02/21/2001,b,UD,Judge_490,Judge_424,Judge_533
https://example.com/video
9,10,9,9,9,9,9,9,9,9,9,9
10,9,10,10,10,10,10,10,10,10,10,10
9,9,9,10,9,9,9,9,9,9,9,9
10,10,10,9,10,10,10,10,10,10,10,10
9,9,9,9,9,9,9,9,9,9,9,9
10,10,10,10,10,10,10,10,10,10,10,10
Fighter_1299,Fighter_710,2,02/22/2001,b,UD,Judge_214,Judge_017,Judge_102
https://example.com/video
9,9,9,10,9,10,9,9,10,10,10,9
10,10,10,9,10,9,10,10,9,9,9,10
9,9,9,9,9,9,9,9,10,10,10,10
10,10,10,10,10,10,10,10,9,9,9,9
9,9,9,9,10,10,9,9,10,10,9,10
10,10,10,10,9,9,10,10,9,9,10,9
Fighter_970,Fighter_722,,02/23/2001,r,RTD,Judge_111,Judge_319,Judge_033
https://example.com/video
9,10,10,10,10,10,10,9,,,,
10,9,9,9,10,9,9,10,,,,
10,9,10,10,10,9,10,10,,,,
9,10,9,9,10,10,9,9,,,,
10,10,9,10,10,10,10,10,,,,
9,9,10,9,9,9,9,9,,,,
Fighter_486,Fighter_296,,02/24/2001,r,UD,Judge_577,Judge_425,Judge_149
https://example.com/video
10,10,9,10,10,9,10,10,10,9,9,9
9,9,10,8,9,10,9,9,9,10,10,10
10,9,10,10,10,9,9,10,10,9,9,9
9,10,9,8,9,10,10,9,9,10,10,10
10,9,10,10,10,9,9,10,10,9,9,10
9,10,9,8,9,10,10,9,9,10,10,9
Fighter_451,Fighter_716,,02/25/2001,r,UD,Judge_073,Judge_117,Judge_057
https://example.com/video
10,10,10,10,10,10,10,10,10,10,10,10
9,8,9,9,9,9,9,9,9,9,9,9
10,10,10,10,10,10,10,9,10,10,10,10
9,8,9,9,9,9,9,10,9,9,9,9
10,10,9,10,10,10,10,9,10,10,10,10
9,8,10,9,9,9,9,10,9,9,9,9
Fighter_301,Fighter_1180,,02/26/2001,r,MD,Judge_425,Judge_641,Judge_161
https://example.com/video
9,10,10,9,10,10,9,9,10,10,10,10
10,8,9,10,9,9,10,10,9,9,8,9
9,10,9,10,10,10,9,10,10,10,10,9
10,8,10,9,9,9,10,9,9,9,8,10
9,10,9,9,9,9,9,10,10,10,10,9
10,8,10,10,10,10,10,9,9,9,8,10
Fighter_486,Fighter_1141,,02/27/2001,r,UD,Judge_194,Judge_363,Judge_172
https://example.com/video
10,10,9,9,9,9,10,10,10,10,9,10
8,9,10,10,10,10,9,9,9,9,10,9
10,9,10,10,9,9,10,10,9,9,9,10
8,10,9,9,10,10,9,9,10,10,10,9
10,10,9,9,9,10,10,9,10,9,10,10
8,9,10,10,10,9,9,10,9,10,9,9
Fighter_917,Fighter_941,,02/28/2001,r,TKO,Judge_126,Judge_473,Judge_294
https://example.com/video
10,,,,,,,,,,,
8,,,,,,,,,,,
10,,,,,,,,,,,
8,,,,,,,,,,,
10,,,,,,,,,,,
8,,,,,,,,,,,
Fighter_110,Fighter_051,,03/01/2001,r,TKO,Judge_081,Judge_423,Judge_294
https://example.com/video
10,10,10,10,9,10,,,,,,
9,9,9,9,10,9,,,,,,
10,9,10,10,9,10,,,,,,
9,10,9,9,10,9,,,,,,
10,10,10,10,9,9,,,,,,
9,9,9,9,10,10,,,,,,
Fighter_1032,Fighter_769,,03/02/2001,r,TKO,Judge_072,Judge_081,Judge_296
https://example.com/video
10,10,10,10,10,,,,,,,
8,9,9,9,9,,,,,,,
10,10,10,10,10,,,,,,,
8,9,9,9,9,,,,,,,
10,10,10,10,10,,,,,,,
8,9,9,9,9,,,,,,,
Fighter_1113,Fighter_886,,03/03/2001,r,UD,Judge_073,Judge_117,Judge_323
https://example.com/video
10,9,10,10,10,10,10,10,9,10,10,10
9,10,9,9,9,9,9,9,10,9,9,9
10,10,10,9,10,10,10,10,10,10,10,10
9,9,9,10,9,9,9,9,9,9,9,9
9,10,10,9,10,9,10,10,10,10,10,10
10,9,9,10,9,10,9,9,9,9,9,9
Fighter_486,Fighter_1113,1,03/04/2001,d,SD,Judge_117,Judge_003,Judge_149
https://example.com/video
9,9,10,10,10,10,10,10,10,9,9,9
10,10,9,9,9,9,9,9,9,10,10,10
9,9,9,10,9,9,10,9,9,9,9,9
10,10,10,9,10,10,9,10,10,10,10,10
9,9,10,10,10,10,9,10,10,9,9,9
10,10,9,9,9,9,10,9,9,10,10,10
Fighter_486,Fighter_322,,03/05/2001,r,TKO,Judge_342,Judge_225,Judge_577
https://example.com/video
10,10,10,10,10,10,10,,,,,
9,9,9,9,8,9,9,,,,,
10,10,10,10,10,10,10,,,,,
9,9,9,9,8,9,9,,,,,
10,10,10,10,10,10,10,,,,,
9,9,9,9,8,9,9,,,,,
Fighter_1256,Fighter_1149,1,03/06/2001,r,UD,Judge_602,Judge_342,Judge_429
https://example.com/video
9,10,10,10,9,10,10,9,10,10,9,9
10,7,9,9,10,9,9,10,9,8,10,10
9,10,10,10,10,10,10,10,10,10,10,9
10,7,9,9,9,9,9,9,9,9,9,10
9,10,10,10,10,10,10,10,10,10,9,9
10,7,9,9,9,9,9,9,9,8,10,10
Fighter_886,Fighter_1326,,03/07/2001,r,TKO,Judge_453,Judge_323,Judge_605
https://example.com/video
9,10,9,10,10,10,9,10,10,10,,
10,9,9,9,9,9,10,9,8,9,,
9,10,9,10,10,10,9,10,10,10,,
10,9,9,9,9,9,10,9,8,9,,
9,10,9,10,10,10,9,10,10,10,,
10,9,9,9,9,9,10,9,8,9,,
Fighter_042,Fighter_839,,03/08/2001,b,UD,Judge_471,Judge_418,Judge_242
https://example.com/video
9,9,9,8,9,9,9,8,10,9,9,9
10,10,10,10,10,10,10,10,9,10,10,10
9,9,9,8,10,9,9,8,10,9,9,9
10,10,10,10,9,10,10,10,9,10,10,10
9,9,9,9,9,9,9,8,10,9,9,9
10,10,10,9,10,10,10,10,9,10,10,10
Fighter_447,Fighter_681,,03/09/2001,r,UD,Judge_168,Judge_152,Judge_044
https://example.com/video
10,9,10,10,10,10,10,10,8,9,10,10
9,10,9,8,9,9,9,9,10,10,9,9
10,9,10,10,10,10,10,10,10,9,10,10
9,10,9,8,9,9,9,9,10,10,9,9
10,9,9,10,10,10,10,10,9,9,10,10
9,10,10,8,9,9,9,9,10,10,9,9
Fighter_661,Fighter_826,,03/10/2001,r,MD,Judge_207,Judge_429,Judge_609
https://example.com/video
10,10,9,10,10,9,10,9,9,9,10,10
9,9,10,9,9,10,9,10,10,10,9,9
10,10,9,9,10,9,10,9,10,10,9,9
9,9,10,10,9,10,9,10,9,9,10,10
10,9,9,10,10,9,10,9,10,10,10,9
9,10,10,9,9,10,9,10,9,9,9,10
Fighter_620,Fighter_063,,03/11/2001,r,UD,Judge_146,Judge_310,Judge_628
https://example.com/video
10,10,10,10,10,10,10,10,10,10,10,10
9,9,9,9,9,9,9,9,9,9,9,9
10,10,10,10,10,10,10,10,10,10,10,10
9,9,9,9,9,9,9,9,9,9,9,9
10,10,10,10,10,10,10,10,10,10,10,10
9,9,9,9,9,9,9,9,9,9,9,9
Fighter_1283,Fighter_984,,03/12/2001,b,TKO,Judge_293,Judge_189,Judge_236
https://example.com/video
10,10,10,10,9,10,9,9,,,,
9,9,9,9,10,9,10,10,,,,
9,10,9,10,9,10,9,9,,,,
10,9,10,9,10,9,10,10,,,,
9,9,9,10,10,10,9,9,,,,
10,10,10,9,9,9,10,10,,,,
Fighter_460,Fighter_940,,03/13/2001,r,UD,Judge_342,Judge_533,Judge_363
https://example.com/video
10,10,10,10,,,,,,,,
9,9,9,9,,,,,,,,
10,10,10,10,,,,,,,,
9,9,9,9,,,,,,,,
10,10,10,10,,,,,,,,
9,9,9,9,,,,,,,,
Fighter_077,Fighter_695,,03/14/2001,r,UD,Judge_194,Judge_573,Judge_149
https://example.com/video
10,10,10,10,,,,,,,,
8,9,9,9,,,,,,,,
10,10,10,10,,,,,,,,
8,9,9,9,,,,,,,,
10,10,10,10,,,,,,,,
8,9,9,9,,,,,,,,
Fighter_378,Fighter_1292,,03/15/2001,r,UD,Judge_225,Judge_099,Judge_485
https://example.com/video
10,10,10,10,10,10,10,10,10,10,,
9,9,9,9,9,9,9,9,9,9,,
10,10,10,10,10,10,10,10,10,10,,
9,9,9,9,9,9,9,9,9,9,,
10,10,10,10,10,10,10,10,10,10,,
9,9,9,9,9,9,9,9,9,9,,
Fighter_883,Fighter_462,,03/16/2001,b,UD,Judge_117,Judge_577,Judge_594
https://example.com/video
10,9,10,9,9,9,8,9,9,10,9,9
9,10,9,10,10,10,10,10,10,9,10,10
9,9,9,10,9,9,8,9,9,10,9,9
10,10,10,9,10,10,10,10,10,9,10,10
9,9,9,9,9,9,8,9,9,9,9,9
10,10,10,10,10,10,10,10,10,10,10,10
Fighter_747,Fighter_637,,03/17/2001,r,TKO,Judge_146,Judge_024,Judge_286
https://example.com/video
10,10,9,10,10,10,10,10,,,,
9,9,10,9,8,9,9,9,,,,
10,10,9,10,10,10,10,9,,,,
9,9,10,9,8,9,9,10,,,,
10,10,10,10,10,10,10,10,,,,
9,9,9,9,8,9,9,9,,,,
Fighter_306,Fighter_854,,03/18/2001,r,MD,Judge_239,Judge_017,Judge_078
https://example.com/video
10,9,10,9,9,10,9,9,9,10,10,10
9,10,9,10,10,9,10,10,10,9,9,9
10,10,10,9,10,10,9,10,9,10,10,9
9,9,9,10,9,9,10,9,10,9,9,10
10,10,10,10,9,10,9,9,10,10,10,9
9,9,9,9,10,9,10,10,9,9,9,10
Fighter_578,Fighter_659,,03/19/2001,r,TKO,Judge_287,Judge_131,Judge_364
https://example.com/video
10,10,9,10,10,9,10,10,,,,
9,8,10,8,9,10,9,9,,,,
10,10,10,10,10,10,10,10,,,,
9,8,9,8,9,9,9,9,,,,
10,10,10,10,10,9,9,10,,,,
9,8,9,8,9,10,10,9,,,,
Fighter_1070,Fighter_1034,1,03/20/2001,b,KO,Judge_471,Judge_641,Judge_186
https://example.com/video
9,9,9,9,9,9,,,,,,
10,10,10,10,10,10,,,,,,
9,9,9,9,9,9,,,,,,
10,10,10,10,10,10,,,,,,
9,9,9,9,9,9,,,,,,
10,10,10,10,10,10,,,,,,
Fighter_1255,Fighter_853,,03/21/2001,r,KO,Judge_301,Judge_406,Judge_167
https://example.com/video
10,10,9,10,10,10,,,,,,
9,9,10,9,9,8,,,,,,
10,10,9,9,10,10,,,,,,
9,9,10,10,9,8,,,,,,
10,10,10,10,10,10,,,,,,
9,9,9,9,9,8,,,,,,
Fighter_671,Fighter_1252,,03/22/2001,b,TKO,Judge_342,Judge_577,Judge_533
https://example.com/video
10,9,9,9,9,10,10,9,10,,,
9,10,10,10,10,8,9,10,9,,,
9,10,9,9,9,10,10,9,9,,,
10,9,10,10,10,8,9,10,10,,,
10,9,9,10,9,10,10,9,10,,,
9,10,10,9,10,8,9,10,9,,,
Fighter_671,Fighter_864,,03/23/2001,r,UD,Judge_425,Judge_178,Judge_161
https://example.com/video
10,9,10,10,10,10,10,10,10,10,10,9
9,10,9,9,9,9,9,9,9,9,9,10
10,10,10,10,10,9,10,10,10,10,10,9
9,9,9,9,9,10,9,9,9,9,9,10
9,9,10,10,10,10,10,10,10,10,10,9
10,10,9,9,9,9,9,9,9,9,9,10
Fighter_1255,Fighter_874,,03/24/2001,r,TKO,Judge_575,Judge_560,Judge_286
https://example.com/video
9,10,10,10,10,9,10,10,,,,
10,9,9,9,9,10,9,8,,,,
10,10,10,10,10,10,10,10,,,,
9,9,9,9,9,9,9,8,,,,
10,10,10,10,10,10,10,10,,,,
9,9,9,9,9,9,9,8,,,,
Fighter_306,Fighter_411,,03/25/2001,r,KO,Judge_577,Judge_425,Judge_605
https://example.com/video
10,10,10,,,,,,,,,
9,9,9,,,,,,,,,
10,10,10,,,,,,,,,
9,9,9,,,,,,,,,
10,10,10,,,,,,,,,
9,9,9,,,,,,,,,
Fighter_1255,Fighter_382,,03/26/2001,r,TKO,Judge_301,Judge_089,Judge_286
https://example.com/video
10,9,10,10,10,10,10,,,,,
9,10,8,9,9,9,9,,,,,
10,9,10,10,10,10,10,,,,,
9,10,8,9,9,9,9,,,,,
9,9,10,10,10,10,10,,,,,
10,10,8,9,9,9,9,,,,,
Fighter_181,Fighter_175,,03/27/2001,r,SD,Judge_299,Judge_117,Judge_239
https://example.com/video
9,9,10,10,10,10,10,10,9,9,10,10
10,10,9,9,9,9,9,9,10,10,8,9
9,9,10,10,10,10,10,10,9,9,10,10
10,10,9,9,9,9,9,9,10,10,8,9
9,9,9,10,10,9,10,9,9,9,10,10
10,10,10,9,9,10,9,10,10,10,8,9
Fighter_347,Fighter_671,,03/28/2001,r,UD,Judge_472,Judge_117,Judge_577
https://example.com/video
10,10,10,9,10,10,10,10,9,10,9,9
9,9,9,10,9,9,9,9,10,9,10,10
10,10,10,9,10,10,10,10,9,9,9,9
9,9,9,10,9,9,9,9,10,10,10,10
10,10,10,10,10,10,10,10,9,9,9,9
9,9,9,9,9,9,9,9,10,10,10,10
Fighter_655,Fighter_970,,03/29/2001,b,UD,Judge_299,Judge_095,Judge_325
https://example.com/video
8,9,9,9,10,10,9,10,9,10,9,9
10,10,10,10,9,9,10,9,10,9,10,10
8,9,9,9,10,10,9,10,9,9,9,9
10,10,10,10,9,9,10,9,10,10,10,10
8,9,9,9,10,10,9,10,9,10,9,9
10,10,10,10,9,9,10,9,10,9,10,10
Fighter_970,Fighter_602,,03/30/2001,r,UD,Judge_319,Judge_095,Judge_033
https://example.com/video
10,10,10,10,10,10,10,10,10,9,10,10
9,9,9,9,9,9,9,9,9,10,9,8
10,10,10,10,10,10,10,10,10,9,10,10
9,9,9,9,9,9,9,9,9,10,9,8
10,10,10,10,10,10,10,10,10,9,10,10
9,9,9,9,9,9,9,9,9,10,9,8
Fighter_578,Fighter_189,,03/31/2001,r,TKO,Judge_073,Judge_342,Judge_323
https://example.com/video
10,10,,,,,,,,,,
9,9,,,,,,,,,,
10,10,,,,,,,,,,
9,9,,,,,,,,,,
10,10,,,,,,,,,,
8,9,,,,,,,,,,
Fighter_1113,Fighter_062,,04/01/2001,r,TKO,Judge_299,Judge_117,Judge_102
https://example.com/video
10,10,10,10,10,10,9,9,10,,,
9,9,9,9,9,9,10,10,9,,,
10,10,10,10,10,10,10,9,10,,,
9,9,9,9,9,9,9,10,9,,,
10,10,10,10,10,10,10,9,10,,,
9,9,9,9,9,9,9,10,9,,,
Fighter_1149,Fighter_448,2,04/02/2001,r,TKO,Judge_299,Judge_117,Judge_003
https://example.com/video
10,10,10,10,10,,,,,,,
9,9,9,9,9,,,,,,,
10,10,10,10,10,,,,,,,
9,9,9,9,9,,,,,,,
10,10,10,10,10,,,,,,,
9,9,9,9,9,,,,,,,
Fighter_716,Fighter_829,,04/03/2001,r,UD,Judge_472,Judge_152,Judge_477
https://example.com/video
10,10,9,9,10,9,10,10,9,10,10,10
9,9,10,10,9,10,8,9,10,9,9,9
10,10,9,10,10,10,10,9,10,10,10,10
9,9,10,9,9,9,8,10,9,9,9,9
10,9,9,10,10,10,10,9,9,10,10,10
9,10,10,9,9,9,8,10,10,9,9,9
Fighter_1126,Fighter_282,,04/04/2001,r,UD,Judge_384,Judge_500,Judge_641
https://example.com/video
10,10,9,10,10,10,,,,,,
9,9,9,9,9,9,,,,,,
10,10,8,10,10,10,,,,,,
9,9,9,9,9,9,,,,,,
10,10,9,10,10,10,,,,,,
9,9,9,9,9,9,,,,,,
Fighter_696,Fighter_1296,,04/05/2001,b,UD,Judge_077,Judge_641,Judge_186
https://example.com/video
9,9,9,9,9,10,9,9,9,9,9,9
10,10,10,10,10,9,10,10,10,10,10,10
9,9,9,9,9,10,9,9,9,9,9,9
10,10,10,10,10,9,10,10,10,10,10,10
9,9,9,9,9,10,9,9,9,9,9,10
10,10,10,10,10,9,10,10,10,10,10,9
Fighter_181,Fighter_620,,04/06/2001,b,SD,Judge_299,Judge_153,Judge_477
https://example.com/video
9,9,10,10,10,9,10,9,10,10,10,10
10,10,9,9,9,10,9,10,9,9,9,9
9,9,9,10,9,9,10,9,10,10,10,9
10,10,10,9,10,10,9,10,9,9,9,10
9,9,9,9,9,9,10,9,10,10,10,10
10,10,10,10,10,10,9,10,9,9,9,9
Fighter_578,Fighter_339,,04/07/2001,r,MD,Judge_514,Judge_629,Judge_534
https://example.com/video
9,9,10,10,10,10,9,9,10,9,9,10
10,10,9,9,9,9,10,10,9,10,10,9
10,10,10,9,10,10,10,9,10,9,9,10
9,9,9,10,9,9,9,10,9,10,10,9
10,9,10,9,10,10,10,9,9,9,10,10
9,10,9,10,9,9,9,10,10,10,9,9
Fighter_1113,Fighter_700,,04/08/2001,r,TKO,Judge_073,Judge_137,Judge_227
https://example.com/video
10,10,10,10,,,,,,,,
9,8,8,7,,,,,,,,
10,10,10,10,,,,,,,,
9,8,8,8,,,,,,,,
10,10,10,10,,,,,,,,
9,8,8,8,,,,,,,,
Fighter_409,Fighter_669,,04/09/2001,r,TKO,Judge_194,Judge_014,Judge_605
https://example.com/video
10,10,10,,,,,,,,,
9,9,9,,,,,,,,,
10,10,10,,,,,,,,,
9,9,9,,,,,,,,,
10,9,10,,,,,,,,,
9,10,9,,,,,,,,,
Fighter_451,Fighter_831,2,04/10/2001,r,UD,Judge_234,Judge_117,Judge_323
https://example.com/video
10,10,10,9,10,9,10,10,9,9,10,9
9,9,9,10,9,10,9,9,10,9,9,10
10,10,10,10,10,9,10,10,10,9,9,9
9,9,9,9,9,10,9,9,9,9,10,10
10,10,10,9,10,10,10,10,9,9,10,9
9,9,9,10,9,9,9,9,10,9,9,10
Fighter_831,Fighter_700,,04/11/2001,r,TKO,Judge_425,Judge_297,Judge_077
https://example.com/video
10,10,9,9,10,,,,,,,
9,9,10,10,9,,,,,,,
9,10,9,9,10,,,,,,,
10,9,10,10,9,,,,,,,
9,10,9,9,10,,,,,,,
10,9,10,10,9,,,,,,,
Fighter_885,Fighter_617,,04/12/2001,b,RTD,Judge_117,Judge_577,Judge_594
https://example.com/video
9,9,8,9,9,9,,,,,,
10,10,10,10,10,10,,,,,,
9,9,8,9,9,9,,,,,,
10,10,10,10,10,10,,,,,,
9,9,8,9,9,9,,,,,,
10,10,10,10,10,10,,,,,,
Fighter_1130,Fighter_181,,04/13/2001,r,UD,Judge_099,Judge_374,Judge_080
https://example.com/video
10,10,10,10,10,10,10,10,10,10,10,10
8,9,9,9,9,9,9,9,9,9,9,9
10,10,10,10,10,10,10,10,10,10,10,10
8,9,9,9,9,9,9,9,9,9,9,8
10,10,10,10,10,10,10,10,10,10,10,10
8,9,9,9,9,9,9,9,9,9,9,9
Fighter_080,Fighter_1130,1,04/14/2001,r,UD,Judge_073,Judge_227,Judge_323
https://example.com/video
9,8,9,9,10,10,10,10,10,10,10,9
10,10,10,10,9,9,9,9,9,9,9,10
9,8,10,9,9,9,10,10,10,10,10,10
10,10,9,10,10,10,9,9,9,9,9,9
9,8,9,9,10,9,10,10,10,10,10,10
10,10,10,10,9,10,9,9,9,9,9,9
Fighter_322,Fighter_472,,04/15/2001,r,TKO,Judge_342,Judge_144,Judge_363
https://example.com/video
10,10,10,10,10,10,10,9,10,,,
9,9,8,9,9,9,9,10,9,,,
10,10,10,10,10,10,10,9,9,,,
9,9,8,9,9,9,9,10,10,,,
10,10,10,10,10,10,10,10,10,,,
9,9,8,9,9,9,9,9,9,,,
Fighter_215,Fighter_314,,04/16/2001,r,TKO,Judge_609,Judge_533,Judge_601
https://example.com/video
10,10,10,10,9,10,10,10,,,,
9,9,9,9,10,9,9,9,,,,
10,10,10,10,9,9,10,10,,,,
9,9,9,9,10,10,9,9,,,,
10,10,10,10,10,10,10,10,,,,
9,9,9,9,9,9,9,9,,,,
Fighter_1181,Fighter_1284,,04/17/2001,d,MD,Judge_552,Judge_581,Judge_416
https://example.com/video
10,9,10,9,9,10,10,9,10,9,10,9
9,10,9,10,10,9,9,10,9,10,9,10
10,9,10,9,9,10,10,10,9,9,10,9
9,10,9,10,10,9,9,9,10,10,9,10
10,10,9,9,10,10,10,9,10,9,10,9
9,9,10,10,9,9,9,10,9,10,9,10
Fighter_199,Fighter_1142,,04/18/2001,b,UD,Judge_225,Judge_577,Judge_149
https://example.com/video
10,9,9,9,9,9,9,9,9,9,10,9
9,10,10,10,10,10,10,10,10,10,9,10
10,10,9,9,9,9,9,9,9,9,10,9
9,9,10,10,10,10,10,10,10,10,9,10
10,9,9,10,9,9,9,9,9,9,10,9
9,10,10,9,10,10,10,10,10,10,9,10
Fighter_1073,Fighter_555,,04/19/2001,b,TKO,Judge_472,Judge_425,Judge_089
https://example.com/video
9,10,10,9,8,9,9,,,,,
10,9,9,10,10,10,10,,,,,
9,9,10,9,8,9,9,,,,,
10,10,9,10,10,10,10,,,,,
8,10,10,10,9,10,9,,,,,
10,9,9,9,9,9,10,,,,,
Fighter_414,Fighter_880,,04/20/2001,r,KO,Judge_117,Judge_170,Judge_090
https://example.com/video
10,,,,,,,,,,,
9,,,,,,,,,,,
10,,,,,,,,,,,
9,,,,,,,,,,,
10,,,,,,,,,,,
9,,,,,,,,,,,
Fighter_649,Fighter_1253,,04/21/2001,r,UD,Judge_278,Judge_164,Judge_562
https://example.com/video
10,10,10,10,9,10,10,9,,,,
9,9,9,9,10,9,9,9,,,,
10,10,9,10,10,10,10,9,,,,
9,9,10,9,9,9,9,9,,,,
10,10,9,10,10,10,10,9,,,,
9,9,10,9,9,9,9,9,,,,
Fighter_806,Fighter_381,,04/22/2001,b,TKO,Judge_278,Judge_599,Judge_562
https://example.com/video
10,10,9,9,,,,,,,,
9,9,10,10,,,,,,,,
10,10,9,9,,,,,,,,
9,9,10,10,,,,,,,,
10,10,9,9,,,,,,,,
9,9,10,10,,,,,,,,
Fighter_1037,Fighter_929,,04/23/2001,d,SD,Judge_422,Judge_508,Judge_345
https://example.com/video
10,10,10,10,10,9,9,8,10,10,8,10
9,9,9,9,9,10,10,10,9,9,10,9
10,10,10,10,10,10,9,8,9,10,8,9
9,9,9,9,9,9,10,10,10,9,10,10
10,9,10,10,10,9,9,8,9,9,8,9
9,10,9,9,9,10,10,10,10,10,10,10
Fighter_753,Fighter_222,,04/24/2001,r,MD,Judge_465,Judge_345,Judge_296
https://example.com/video
9,10,8,9,10,10,10,10,9,9,10,10
10,8,10,10,9,9,9,9,10,10,9,9
9,10,8,10,10,10,9,10,9,9,10,10
10,8,10,9,9,9,10,9,10,10,9,9
9,10,8,10,10,9,10,9,10,9,10,9
10,8,10,9,9,10,9,10,9,10,9,10
Fighter_141,Fighter_1123,,04/25/2001,b,UD,Judge_392,Judge_500,Judge_296
https://example.com/video
9,9,9,9,9,10,9,9,10,9,9,10
10,10,10,10,10,9,10,10,9,10,10,9
9,9,9,10,10,9,9,9,10,9,9,10
10,10,10,9,9,10,10,10,9,10,10,9
9,9,9,9,10,9,9,9,9,9,9,9
10,10,10,10,9,10,10,10,10,10,10,10
Fighter_268,Fighter_1136,,04/26/2001,r,UD,Judge_511,Judge_456,Judge_240
https://example.com/video
10,10,9,10,10,10,10,10,,,,
9,9,10,9,9,9,9,9,,,,
10,10,10,10,9,10,10,10,,,,
9,9,9,9,10,9,9,9,,,,
9,10,10,10,9,10,10,10,,,,
10,9,9,9,10,9,9,9,,,,
Fighter_789,Fighter_391,,04/27/2001,r,UD,Judge_404,Judge_127,Judge_240
https://example.com/video
10,10,10,10,10,10,9,9,,,,
9,9,9,9,9,9,10,10,,,,
10,10,10,10,9,10,9,9,,,,
9,9,9,9,10,9,10,10,,,,
10,10,10,10,10,10,9,9,,,,
9,9,9,9,9,9,10,10,,,,
Fighter_598,Fighter_1115,,04/28/2001,r,MD,Judge_511,Judge_292,Judge_510
https://example.com/video
10,10,9,10,10,10,10,10,9,9,10,9
9,9,10,9,9,9,9,9,10,10,9,10
9,10,9,10,10,9,10,9,9,9,10,10
10,9,10,9,9,10,9,10,10,10,9,9
9,10,9,10,10,10,10,10,9,9,10,10
10,9,10,9,9,9,9,9,10,10,9,9
Fighter_146,Fighter_214,,04/29/2001,r,TKO,Judge_051,Judge_409,Judge_216
https://example.com/video
10,10,10,10,9,10,,,,,,
9,9,9,9,10,9,,,,,,
10,9,10,10,10,9,,,,,,
9,10,9,9,9,10,,,,,,
10,9,10,10,10,9,,,,,,
9,10,9,9,9,10,,,,,,
Fighter_743,Fighter_673,,04/30/2001,r,KO,Judge_439,Judge_183,Judge_493
https://example.com/video
10,9,10,10,10,10,,,,,,
9,10,9,9,7,9,,,,,,
10,9,10,9,10,10,,,,,,
9,10,9,10,7,9,,,,,,
10,9,10,10,10,10,,,,,,
9,10,9,9,7,9,,,,,,
Fighter_749,Fighter_271,,05/01/2001,r,UD,Judge_069,Judge_311,Judge_632
https://example.com/video
10,10,10,9,9,10,10,10,,,,
9,9,9,10,8,9,9,9,,,,
10,10,10,10,9,10,10,10,,,,
9,9,9,9,8,9,9,9,,,,
10,10,10,10,9,10,10,10,,,,
9,9,9,9,8,9,9,9,,,,
Fighter_1167,Fighter_888,,05/02/2001,r,UD,Judge_456,Judge_510,Judge_240
https://example.com/video
10,9,10,10,10,10,10,10,10,10,,
9,10,9,9,9,9,9,9,9,9,,
9,10,10,10,10,10,10,10,10,9,,
10,9,9,9,9,9,9,9,9,10,,
10,10,10,10,10,10,10,10,9,10,,
9,9,9,9,9,9,9,9,10,9,,
Fighter_575,Fighter_1174,,05/03/2001,r,UD,Judge_117,Judge_121,Judge_170
https://example.com/video
10,10,10,10,10,10,,,,,,
9,9,8,9,9,9,,,,,,
10,10,10,10,10,10,,,,,,
9,9,8,9,9,9,,,,,,
10,10,10,10,10,10,,,,,,
9,9,8,9,9,9,,,,,,
Fighter_395,Fighter_1065,,05/04/2001,d,MD,Judge_425,Judge_149,Judge_089
https://example.com/video
9,9,9,10,9,10,10,9,9,10,10,9
10,10,10,8,10,9,8,10,10,9,9,10
9,9,9,10,10,10,10,9,9,10,10,9
10,10,10,8,9,9,8,10,10,9,9,10
9,9,9,10,9,10,10,9,9,10,10,9
10,10,10,8,10,9,8,10,10,9,9,10
Fighter_1147,Fighter_377,,05/05/2001,r,UD,Judge_577,Judge_126,Judge_594
https://example.com/video
10,9,10,9,9,10,10,10,10,10,10,9
9,10,9,10,10,9,9,9,9,9,9,10
9,9,10,9,9,10,10,10,10,10,10,9
10,10,9,10,10,9,9,9,9,9,9,10
10,9,9,9,9,10,10,10,10,10,10,10
9,10,10,10,10,9,9,9,9,9,9,9
Fighter_789,Fighter_419,,05/06/2001,r,UD,Judge_580,Judge_456,Judge_240
https://example.com/video
10,10,10,10,10,10,10,10,,,,
9,9,9,9,9,9,9,9,,,,
10,10,10,10,10,10,10,10,,,,
9,9,9,9,9,9,9,9,,,,
10,10,10,10,10,10,10,10,,,,
9,9,9,9,9,9,9,9,,,,
Fighter_979,Fighter_1327,,05/07/2001,r,TKO,Judge_129,Judge_590,Judge_632
https://example.com/video
9,10,10,9,9,,,,,,,
10,9,9,10,10,,,,,,,
10,10,10,9,9,,,,,,,
9,9,9,10,10,,,,,,,
10,10,10,9,9,,,,,,,
9,9,9,10,10,,,,,,,
Fighter_910,Fighter_976,,05/08/2001,b,SD,Judge_464,Judge_423,Judge_219
https://example.com/video
9,9,10,9,10,9,9,10,9,9,10,10
10,10,9,10,9,10,10,9,10,10,9,9
9,10,10,9,10,9,10,10,10,10,10,10
10,9,9,10,9,10,9,9,9,9,9,9
9,9,10,9,10,9,9,10,9,9,10,10
10,10,9,10,9,10,10,9,10,10,9,9
Fighter_567,Fighter_728,,05/09/2001,r,RTD,Judge_019,Judge_620,Judge_264
https://example.com/video
10,,,,,,,,,,,
9,,,,,,,,,,,
10,,,,,,,,,,,
9,,,,,,,,,,,
10,,,,,,,,,,,
9,,,,,,,,,,,
Fighter_730,Fighter_134,,05/10/2001,r,UD,Judge_395,Judge_394,Judge_164
https://example.com/video
10,10,10,10,10,9,10,10,10,10,9,10
9,9,9,9,7,10,9,9,8,9,10,9
10,10,10,10,10,9,10,10,10,10,10,10
9,9,9,9,7,10,9,9,8,9,9,9
10,10,10,10,10,9,10,10,10,10,10,10
9,9,9,9,7,10,9,9,8,9,9,9
Fighter_015,Fighter_129,,05/11/2001,r,UD,Judge_400,Judge_574,Judge_506
https://example.com/video
10,10,10,10,10,10,10,10,10,10,,
9,9,9,9,9,9,9,9,9,9,,
10,10,9,9,10,10,10,10,10,10,,
9,9,10,10,9,9,9,9,9,9,,
10,10,10,9,10,10,10,10,10,10,,
9,9,9,10,9,9,9,9,9,9,,
Fighter_329,Fighter_665,,05/12/2001,r,UD,Judge_115,Judge_608,Judge_040
https://example.com/video
10,10,10,10,10,10,10,10,,,,
9,9,9,9,9,9,9,9,,,,
10,10,10,10,10,10,10,10,,,,
9,9,9,9,9,9,9,9,,,,
10,10,10,10,10,10,10,10,,,,
9,9,9,9,9,9,9,9,,,,
Fighter_511,Fighter_249,,05/13/2001,r,KO,Judge_325,Judge_365,Judge_107
https://example.com/video
10,10,10,10,10,9,,,,,,
9,9,9,9,9,10,,,,,,
10,10,10,10,10,10,,,,,,
9,9,9,9,9,9,,,,,,
10,10,10,10,9,10,,,,,,
9,9,9,9,10,9,,,,,,
Fighter_789,Fighter_783,,05/14/2001,r,UD,Judge_470,Judge_511,Judge_404
https://example.com/video
10,10,10,10,10,10,,,,,,
9,9,9,9,9,9,,,,,,
10,10,10,10,10,10,,,,,,
9,9,9,9,9,9,,,,,,
10,10,10,10,10,10,,,,,,
9,9,9,9,9,9,,,,,,
Fighter_1290,Fighter_680,,05/15/2001,r,UD,Judge_580,Judge_051,Judge_404
https://example.com/video
10,10,10,10,,,,,,,,
9,9,9,9,,,,,,,,
10,10,10,10,,,,,,,,
9,9,9,9,,,,,,,,
10,10,10,10,,,,,,,,
9,9,9,9,,,,,,,,
Fighter_974,Fighter_018,,05/16/2001,r,UD,Judge_425,Judge_149,Judge_051
https://example.com/video
10,10,10,9,10,9,10,10,10,10,,
9,9,9,10,9,10,9,9,9,9,,
10,10,10,9,9,10,10,9,10,10,,
9,9,9,10,10,9,9,10,9,9,,
10,10,10,10,9,10,10,9,10,10,,
9,9,9,9,10,9,9,10,9,8,,
Fighter_730,Fighter_087,,05/17/2001,r,KO,Judge_472,Judge_425,Judge_051
https://example.com/video
10,10,10,10,10,9,9,10,10,10,10,
9,8,9,9,9,10,10,9,9,9,8,
10,10,10,10,9,9,10,10,10,10,10,
9,8,9,9,10,10,9,9,9,9,8,
10,10,10,9,10,9,9,10,10,10,10,
9,8,9,10,9,10,10,9,9,9,8,
Fighter_007,Fighter_346,,05/18/2001,r,TKO,Judge_225,Judge_126,Judge_594
https://example.com/video
10,10,10,10,10,,,,,,,
9,9,9,9,9,,,,,,,
10,10,10,10,10,,,,,,,
9,9,9,9,9,,,,,,,
10,10,10,10,10,,,,,,,
9,9,9,9,9,,,,,,,
Fighter_397,Fighter_1014,,05/19/2001,r,KO,Judge_425,Judge_149,Judge_170
https://example.com/video
10,,,,,,,,,,,
9,,,,,,,,,,,
10,,,,,,,,,,,
9,,,,,,,,,,,
10,,,,,,,,,,,
9,,,,,,,,,,,
Fighter_210,Fighter_606,,05/20/2001,r,UD,Judge_384,Judge_077,Judge_641
https://example.com/video
10,10,10,10,10,10,10,10,10,10,,
9,9,9,9,9,9,9,9,9,9,,
10,10,10,10,10,10,10,10,10,10,,
9,9,9,9,9,9,9,9,9,9,,
10,10,10,10,10,10,10,10,10,10,,
9,9,9,9,9,9,9,9,9,9,,
Fighter_1126,Fighter_1311,,05/21/2001,r,UD,Judge_575,Judge_131,Judge_533
https://example.com/video
10,10,10,10,9,10,10,9,9,10,,
9,9,9,9,10,9,9,10,10,9,,
10,10,10,9,9,10,10,10,10,9,,
9,9,9,10,10,9,9,9,9,10,,
10,10,10,10,9,9,9,10,10,10,,
9,9,9,9,10,10,10,9,9,9,,
Fighter_974,Fighter_799,,05/22/2001,r,TKO,Judge_471,Judge_051,Judge_089
https://example.com/video
9,9,10,10,9,10,,,,,,
10,10,9,9,10,9,,,,,,
10,10,10,10,10,10,,,,,,
9,9,9,9,9,9,,,,,,
9,10,10,10,10,10,,,,,,
10,9,9,9,9,9,,,,,,
Fighter_397,Fighter_923,,05/23/2001,r,UD,Judge_178,Judge_131,Judge_533
https://example.com/video
10,10,10,10,10,10,,,,,,
9,9,9,9,9,9,,,,,,
10,10,10,10,10,10,,,,,,
9,9,9,9,9,9,,,,,,
10,10,10,10,10,10,,,,,,
9,9,9,9,9,9,,,,,,
Fighter_1246,Fighter_728,,05/24/2001,r,UD,Judge_446,Judge_558,Judge_621
https://example.com/video
10,10,10,10,10,10,,,,,,
9,9,9,9,9,9,,,,,,
10,10,10,10,10,10,,,,,,
9,9,9,9,9,9,,,,,,
10,10,10,10,10,10,,,,,,
9,9,9,9,9,9,,,,,,
Fighter_057,Fighter_730,,05/25/2001,b,TKO,Judge_013,Judge_313,Judge_184
https://example.com/video
9,9,9,9,9,,,,,,,
10,10,10,10,10,,,,,,,
9,9,9,9,9,,,,,,,
10,10,10,10,10,,,,,,,
9,9,9,9,9,,,,,,,
10,10,10,10,10,,,,,,,
Fighter_1183,Fighter_625,,05/26/2001,r,KO,Judge_018,Judge_388,Judge_074
https://example.com/video
9,9,10,9,10,10,10,10,,,,
10,10,9,10,9,9,9,9,,,,
10,9,10,9,10,10,10,10,,,,
9,10,9,10,9,9,9,9,,,,
10,9,10,10,10,10,9,10,,,,
9,10,9,9,9,9,10,9,,,,
Fighter_943,Fighter_014,,05/27/2001,r,SD,Judge_323,Judge_363,Judge_407
https://example.com/video
10,9,10,9,9,10,9,9,10,9,9,10
9,10,9,10,10,9,10,10,9,10,10,8
10,9,10,9,9,10,10,10,10,10,9,10
9,10,9,10,10,9,9,9,9,9,10,8
10,9,10,9,10,10,9,10,10,9,9,10
9,10,9,10,9,9,10,9,9,10,10,8
Fighter_266,Fighter_333,,05/28/2001,r,KO,Judge_470,Judge_577,Judge_296
https://example.com/video
10,10,10,,,,,,,,,
8,8,9,,,,,,,,,
10,10,10,,,,,,,,,
8,8,9,,,,,,,,,
10,10,10,,,,,,,,,
8,8,9,,,,,,,,,
Fighter_203,Fighter_180,,05/29/2001,r,KO,Judge_425,Judge_629,Judge_026
https://example.com/video
10,10,10,,,,,,,,,
9,9,9,,,,,,,,,
10,10,10,,,,,,,,,
9,9,9,,,,,,,,,
10,9,10,,,,,,,,,
9,10,9,,,,,,,,,
Fighter_250,Fighter_006,,05/30/2001,r,UD,Judge_225,Judge_577,Judge_170
https://example.com/video
10,10,10,10,10,10,10,10,,,,
9,9,9,9,9,9,9,9,,,,
10,10,10,10,10,10,10,10,,,,
9,9,9,9,9,9,9,9,,,,
10,10,10,10,10,10,10,10,,,,
9,9,9,9,9,9,9,9,,,,
Fighter_1263,Fighter_1034,,05/31/2001,r,UD,Judge_267,Judge_557,Judge_265
https://example.com/video
9,10,9,10,9,9,10,10,10,10,,
10,9,10,9,10,10,9,9,9,9,,
10,10,10,10,10,9,10,10,10,10,,
9,9,9,9,9,10,9,9,9,9,,
9,10,9,10,10,9,10,10,10,10,,
10,9,10,9,9,10,9,9,9,9,,
Fighter_663,Fighter_461,,06/01/2001,r,UD,Judge_129,Judge_444,Judge_562
https://example.com/video
10,10,10,10,8,9,9,10,,,,
9,8,9,9,8,10,10,9,,,,
10,10,10,10,8,9,10,10,,,,
9,8,9,9,9,10,9,9,,,,
10,10,9,10,8,10,9,10,,,,
9,8,10,9,8,9,10,9,,,,
Fighter_844,Fighter_434,,06/02/2001,r,UD,Judge_535,Judge_542,Judge_562
https://example.com/video
10,10,9,10,10,10,10,9,,,,
9,9,10,9,9,9,9,10,,,,
9,10,10,9,9,10,10,10,,,,
10,9,9,10,10,9,9,9,,,,
9,10,10,9,10,10,10,10,,,,
10,9,9,10,9,9,9,9,,,,
Fighter_295,Fighter_499,,06/03/2001,r,UD,Judge_384,Judge_077,Judge_641
https://example.com/video
10,10,10,10,10,10,,,,,,
9,9,9,9,9,9,,,,,,
10,10,10,10,10,10,,,,,,
9,9,9,9,9,9,,,,,,
10,10,10,10,10,10,,,,,,
9,9,9,9,9,9,,,,,,
Fighter_1158,Fighter_1121,,06/04/2001,r,UD,Judge_638,Judge_008,Judge_435
https://example.com/video
9,10,10,9,10,10,9,9,10,10,,
10,9,8,10,9,9,10,10,9,9,,
9,9,10,9,9,10,9,10,10,10,,
10,10,8,10,10,9,10,9,9,9,,
9,10,10,9,10,10,9,9,10,10,,
10,9,8,10,9,9,10,10,9,9,,
Fighter_808,Fighter_650,,06/05/2001,r,UD,Judge_524,Judge_577,Judge_545
https://example.com/video
10,10,10,9,10,10,10,10,9,10,10,10
9,9,9,10,9,9,9,9,10,9,9,9
10,10,10,9,10,10,10,10,10,9,9,10
9,9,9,10,9,9,9,9,9,10,10,9
10,10,10,9,10,10,10,10,9,10,9,9
9,9,9,10,9,9,9,9,10,9,10,10
Fighter_309,Fighter_1294,,06/06/2001,d,MD,Judge_472,Judge_117,Judge_515
https://example.com/video
10,9,10,10,9,9,,,,,,
9,10,9,9,10,10,,,,,,
10,9,10,10,9,9,,,,,,
9,10,9,9,10,10,,,,,,
10,10,9,9,9,9,,,,,,
9,9,10,10,10,10,,,,,,
Fighter_083,Fighter_1302,,06/07/2001,r,RTD,Judge_472,Judge_126,Judge_594
https://example.com/video
10,10,9,9,10,9,10,,,,,
9,9,10,10,9,10,9,,,,,
10,10,9,9,9,9,10,,,,,
9,9,10,10,10,10,9,,,,,
10,10,9,10,9,10,10,,,,,
9,9,10,9,10,9,9,,,,,
Fighter_1126,Fighter_795,,06/08/2001,r,UD,Judge_577,Judge_425,Judge_090
https://example.com/video
10,10,10,10,10,9,9,9,10,10,,
9,9,9,9,9,10,10,10,9,9,,
10,9,10,10,10,10,10,9,10,9,,
9,10,9,9,9,9,9,10,9,10,,
10,9,10,10,10,10,10,9,10,9,,
9,10,9,9,9,9,9,10,9,10,,
Fighter_221,Fighter_913,,06/09/2001,b,MD,Judge_117,Judge_382,Judge_090
https://example.com/video
9,9,10,10,9,9,9,10,,,,
10,10,9,9,10,10,10,9,,,,
9,10,9,10,9,10,9,9,,,,
10,9,10,9,10,9,10,10,,,,
9,9,10,10,10,10,9,9,,,,
10,10,9,9,9,9,10,10,,,,
Fighter_749,Fighter_345,,06/10/2001,r,KO,Judge_069,Judge_599,Judge_067
https://example.com/video
10,10,10,,,,,,,,,
9,8,8,,,,,,,,,
10,10,10,,,,,,,,,
9,8,9,,,,,,,,,
10,10,10,,,,,,,,,
9,8,9,,,,,,,,,
Fighter_975,Fighter_1070,,06/11/2001,r,RTD,Judge_444,Judge_433,Judge_278
https://example.com/video
10,8,10,10,9,10,10,10,,,,
9,10,9,9,10,9,9,7,,,,
10,8,10,10,10,10,10,10,,,,
9,10,9,9,9,9,9,7,,,,
10,8,10,10,10,10,10,10,,,,
9,10,9,9,9,9,9,7,,,,
Fighter_395,Fighter_974,,06/12/2001,r,UD,Judge_093,Judge_382,Judge_641
https://example.com/video
10,10,10,10,10,9,10,10,9,10,10,10
9,9,9,9,9,10,9,9,10,9,9,9
10,9,10,10,10,10,10,10,10,10,10,10
9,10,9,9,9,9,9,9,9,9,9,9
10,9,10,10,9,9,10,10,9,10,10,10
9,10,9,9,10,10,9,9,10,9,9,9
Fighter_1055,Fighter_1112,,06/13/2001,r,TKO,Judge_400,Judge_336,Judge_510
https://example.com/video
10,10,10,10,,,,,,,,
9,9,9,9,,,,,,,,
10,10,10,10,,,,,,,,
9,9,9,9,,,,,,,,
10,10,10,10,,,,,,,,
9,9,9,9,,,,,,,,
Fighter_703,Fighter_743,,06/14/2001,b,UD,Judge_221,Judge_483,Judge_236
https://example.com/video
9,9,9,10,9,9,10,10,9,9,10,9
10,10,10,9,10,10,9,9,10,10,9,10
9,10,9,10,9,9,10,10,9,10,9,9
10,9,10,9,10,10,9,9,10,9,10,10
10,9,10,9,9,10,9,10,9,9,9,9
9,10,9,10,10,9,10,9,10,10,10,10
Fighter_1164,Fighter_957,,06/15/2001,d,SD,Judge_228,Judge_034,Judge_427
https://example.com/video
10,9,9,9,9,9,9,9,10,9,,
9,10,10,10,10,10,10,10,9,10,,
9,10,10,9,10,9,10,10,10,10,,
10,9,9,10,9,10,9,9,9,9,,
10,9,9,9,9,10,10,10,9,10,,
9,10,10,10,10,9,9,9,10,9,,
Fighter_701,Fighter_1189,,06/16/2001,b,UD,Judge_338,Judge_574,Judge_051
https://example.com/video
10,10,10,9,9,10,9,9,9,10,9,9
9,9,9,10,10,9,10,10,10,9,10,10
10,10,10,9,9,9,10,9,9,10,9,9
9,9,9,10,10,10,9,10,10,9,10,10
10,9,9,9,9,9,10,9,9,10,9,9
9,10,10,10,10,10,9,10,10,9,10,10
Fighter_598,Fighter_1265,,06/17/2001,r,MD,Judge_524,Judge_601,Judge_641
https://example.com/video
10,10,9,10,10,9,10,9,9,10,10,9
9,9,10,9,9,10,9,10,10,9,9,10
9,10,9,10,10,10,10,9,9,9,10,9
10,9,10,9,9,9,9,10,10,10,9,10
10,10,10,10,10,9,10,9,9,10,10,9
9,9,9,9,9,10,9,10,10,9,9,10
Fighter_753,Fighter_527,,06/18/2001,r,TKO,Judge_499,Judge_335,Judge_313
https://example.com/video
10,10,10,10,10,10,10,10,,,,
9,9,9,9,9,9,9,9,,,,
10,10,10,10,10,10,9,10,,,,
9,9,9,9,9,9,10,9,,,,
10,10,10,10,10,10,9,10,,,,
9,9,9,9,9,9,10,9,,,,
Fighter_753,Fighter_111,,06/19/2001,r,TKO,Judge_460,Judge_255,Judge_126
https://example.com/video
10,10,10,10,10,10,10,10,,,,
9,9,8,9,9,9,9,9,,,,
10,10,10,10,10,10,10,9,,,,
9,9,8,9,9,9,9,10,,,,
10,10,10,10,10,10,10,9,,,,
9,9,8,9,9,9,9,10,,,,
Fighter_1183,Fighter_800,,06/20/2001,r,UD,Judge_524,Judge_577,Judge_294
https://example.com/video
9,10,10,10,10,9,10,10,10,9,10,10
10,9,9,9,9,10,9,9,9,10,9,9
9,10,10,9,10,9,10,10,10,9,10,10
10,9,9,10,9,10,9,9,9,10,9,9
10,10,10,9,10,9,10,10,10,10,10,10
9,9,9,10,9,10,9,9,9,9,9,9
Fighter_235,Fighter_076,,06/21/2001,r,UD,Judge_580,Judge_051,Judge_240
https://example.com/video
10,10,10,10,9,10,,,,,,
9,9,9,9,10,9,,,,,,
10,10,10,10,10,10,,,,,,
9,9,9,9,9,9,,,,,,
10,9,10,10,10,10,,,,,,
9,10,9,9,9,9,,,,,,
Fighter_797,Fighter_949,,06/22/2001,b,KO,Judge_430,Judge_400,Judge_388
https://example.com/video
9,10,9,9,10,9,9,9,,,,
10,9,10,10,9,10,10,10,,,,
10,9,9,9,10,9,9,10,,,,
9,10,10,10,9,10,10,9,,,,
9,9,9,9,10,9,9,10,,,,
10,10,10,10,9,10,10,9,,,,
Fighter_329,Fighter_061,,06/23/2001,r,UD,Judge_337,Judge_251,Judge_126
https://example.com/video
10,10,10,10,10,10,10,10,,,,
9,9,9,9,9,9,9,9,,,,
10,10,10,10,10,10,10,10,,,,
9,9,9,9,9,9,9,9,,,,
10,10,10,10,10,10,10,10,,,,
9,9,9,9,9,9,9,9,,,,
Fighter_1055,Fighter_556,,06/24/2001,r,UD,Judge_337,Judge_126,Judge_089
https://example.com/video
10,10,10,10,9,10,10,10,10,10,10,10
9,9,9,9,10,9,9,9,9,9,9,8
10,10,10,10,9,9,10,10,10,10,9,10
9,9,9,9,10,10,9,9,9,9,10,8
9,10,10,10,10,10,9,10,10,10,10,10
10,9,9,9,9,9,10,9,9,9,9,8
Fighter_1126,Fighter_1212,,06/25/2001,r,UD,Judge_297,Judge_508,Judge_641
https://example.com/video
10,10,10,10,10,10,10,10,10,10,,
9,9,9,9,9,9,9,9,9,9,,
10,10,10,10,10,10,10,10,10,10,,
9,9,9,9,9,9,9,9,9,9,,
10,10,10,10,10,10,10,10,10,10,,
9,9,9,9,9,9,9,9,9,9,,
Fighter_844,Fighter_597,,06/26/2001,r,UD,Judge_278,Judge_598,Judge_562
https://example.com/video
10,10,10,10,10,10,,,,,,
9,9,9,9,9,9,,,,,,
10,10,10,9,10,10,,,,,,
9,9,9,10,9,9,,,,,,
10,10,10,10,10,10,,,,,,
9,9,9,9,9,9,,,,,,
Fighter_1123,Fighter_610,,06/27/2001,r,UD,Judge_435,Judge_564,Judge_367
https://example.com/video
10,10,10,10,10,10,10,10,10,10,,
9,9,9,9,9,9,9,9,9,9,,
10,10,10,10,10,10,10,10,10,10,,
9,9,9,9,9,9,9,9,9,9,,
10,10,10,10,10,10,10,10,10,10,,
9,9,9,9,9,9,9,9,9,9,,
Fighter_1142,Fighter_921,,06/28/2001,r,KO,Judge_560,Judge_641,Judge_125
https://example.com/video
9,10,10,10,10,,,,,,,
10,9,9,9,9,,,,,,,
9,10,10,10,10,,,,,,,
10,9,9,9,9,,,,,,,
9,10,10,10,10,,,,,,,
10,9,9,9,9,,,,,,,
Fighter_235,Fighter_418,,06/29/2001,r,UD,Judge_470,Judge_580,Judge_510
https://example.com/video
10,10,10,10,10,10,,,,,,
9,9,9,9,9,9,,,,,,
10,10,10,10,10,10,,,,,,
9,9,9,9,9,9,,,,,,
10,10,10,10,10,10,,,,,,
9,9,9,9,9,9,,,,,,
Fighter_1331,Fighter_671,,06/30/2001,r,UD,Judge_620,Judge_537,Judge_265
https://example.com/video
10,10,10,9,10,10,10,9,10,10,,
9,9,9,10,9,9,9,10,9,9,,
10,10,10,10,10,10,10,10,9,10,,
9,9,9,9,9,9,9,9,10,9,,
10,10,9,9,10,10,10,9,10,9,,
9,9,10,10,9,9,9,10,9,10,,
Fighter_758,Fighter_707,,07/01/2001,r,UD,Judge_528,Judge_172,Judge_601
https://example.com/video
10,10,10,10,10,10,10,10,,,,
9,9,9,9,9,9,9,9,,,,
10,10,10,10,10,10,10,10,,,,
9,9,9,9,9,9,9,9,,,,
10,10,10,10,10,10,10,10,,,,
9,9,9,9,9,9,9,9,,,,
Fighter_329,Fighter_894,,07/02/2001,r,TKO,Judge_144,Judge_528,Judge_363
https://example.com/video
10,10,10,10,,,,,,,,
9,9,9,9,,,,,,,,
10,10,10,10,,,,,,,,
9,9,9,9,,,,,,,,
10,10,10,10,,,,,,,,
9,9,9,9,,,,,,,,
Fighter_690,Fighter_1032,,07/03/2001,b,KO,Judge_013,Judge_384,Judge_313
https://example.com/video
10,9,9,10,9,9,9,10,9,9,,
9,10,10,9,10,10,10,9,10,10,,
10,9,9,9,9,10,9,9,9,9,,
9,10,10,10,10,9,10,10,10,10,,
10,9,9,9,9,10,9,9,9,9,,
9,10,10,10,10,9,10,10,10,10,,
Fighter_841,Fighter_1034,,07/04/2001,r,UD,Judge_537,Judge_557,Judge_142
https://example.com/video
10,10,10,10,10,10,10,9,10,10,,
9,9,9,9,9,9,9,10,9,9,,
10,10,10,10,10,10,10,9,10,10,,
9,9,9,9,9,9,9,10,9,9,,
10,10,10,9,10,10,10,9,10,9,,
9,9,9,10,9,9,9,10,9,10,,
Fighter_761,Fighter_728,,07/05/2001,r,KO,Judge_620,Judge_265,Judge_264
https://example.com/video
10,10,,,,,,,,,,
9,9,,,,,,,,,,
10,10,,,,,,,,,,
9,9,,,,,,,,,,
10,10,,,,,,,,,,
9,9,,,,,,,,,,
Fighter_1190,Fighter_317,,07/06/2001,r,KO,Judge_337,Judge_204,Judge_473
https://example.com/video
10,10,10,10,10,,,,,,,
9,9,9,9,9,,,,,,,
10,10,10,10,10,,,,,,,
9,9,9,9,9,,,,,,,
10,10,10,10,10,,,,,,,
9,9,9,9,9,,,,,,,
Fighter_1189,Fighter_1106,,07/07/2001,r,SD,Judge_470,Judge_234,Judge_425
https://example.com/video
10,8,10,10,10,10,9,10,10,10,,
9,10,9,9,9,9,10,9,9,9,,
10,8,10,10,10,9,9,9,9,10,,
9,10,9,9,9,10,10,10,10,9,,
10,8,10,10,9,10,9,10,10,10,,
9,10,9,9,10,9,10,9,9,9,,
Fighter_1126,Fighter_611,,07/08/2001,r,UD,Judge_472,Judge_425,Judge_090
https://example.com/video
10,10,10,10,10,10,10,10,10,10,,
9,9,9,9,9,9,9,9,9,9,,
10,10,10,10,10,10,10,10,10,10,,
9,9,9,9,9,9,9,9,9,9,,
10,10,10,10,10,10,10,10,10,10,,
9,9,9,9,9,9,9,9,9,9,,
Fighter_221,Fighter_417,,07/09/2001,r,TKO,Judge_577,Judge_089,Judge_382
https://example.com/video
10,10,10,10,10,10,10,,,,,
8,9,9,9,9,9,9,,,,,
10,10,10,10,10,10,10,,,,,
8,9,9,9,9,9,9,,,,,
10,10,10,10,10,10,10,,,,,
8,9,9,9,9,9,9,,,,,
Fighter_1047,Fighter_027,,07/10/2001,r,TKO,Judge_225,Judge_304,Judge_533
https://example.com/video
10,10,,,,,,,,,,
8,8,,,,,,,,,,
10,10,,,,,,,,,,
8,8,,,,,,,,,,
10,10,,,,,,,,,,
8,8,,,,,,,,,,
Fighter_1055,Fighter_685,,07/11/2001,r,TKO,Judge_149,Judge_538,Judge_609
https://example.com/video
10,10,10,10,10,10,10,10,,,,
8,9,9,9,9,9,9,9,,,,
10,10,10,10,10,10,10,10,,,,
8,9,9,9,9,9,9,9,,,,
10,10,10,10,10,10,10,10,,,,
8,9,9,9,9,9,9,9,,,,
Fighter_329,Fighter_416,,07/12/2001,r,UD,Judge_149,Judge_538,Judge_609
https://example.com/video
10,10,10,10,10,10,,,,,,
9,9,9,9,9,9,,,,,,
10,10,10,10,10,10,,,,,,
9,9,9,9,9,9,,,,,,
10,10,10,10,10,10,,,,,,
9,9,9,9,9,9,,,,,,
Fighter_139,Fighter_233,,07/13/2001,r,UD,Judge_511,Judge_404,Judge_240
https://example.com/video
10,10,10,9,9,9,10,10,10,9,,
8,9,9,10,10,10,8,9,9,10,,
10,10,9,9,9,10,10,10,10,9,,
8,9,10,10,10,9,8,9,9,10,,
10,10,9,10,9,10,10,10,10,9,,
8,9,10,9,10,9,8,9,9,10,,
Fighter_110,Fighter_698,,07/14/2001,r,UD,Judge_577,Judge_574,Judge_260
https://example.com/video
10,10,10,10,10,10,9,10,9,10,10,10
9,9,9,9,9,9,10,9,10,9,9,9
9,9,10,10,10,10,10,10,10,10,10,10
10,10,9,9,9,9,9,9,9,9,9,9
10,10,9,10,10,10,10,10,10,10,10,10
9,9,10,9,9,9,9,9,9,9,9,9
Fighter_110,Fighter_358,,07/15/2001,r,TKO,Judge_118,Judge_470,Judge_533
https://example.com/video
10,10,10,10,10,10,,,,,,
9,9,9,9,9,9,,,,,,
10,10,10,10,10,10,,,,,,
9,9,9,9,9,9,,,,,,
10,10,10,10,10,10,,,,,,
9,9,9,9,9,9,,,,,,
Fighter_1075,Fighter_1252,,07/16/2001,b,KO,Judge_149,Judge_533,Judge_080
https://example.com/video
9,9,9,9,,,,,,,,
10,10,10,10,,,,,,,,
9,9,9,9,,,,,,,,
10,10,10,10,,,,,,,,
9,9,9,9,,,,,,,,
10,10,10,10,,,,,,,,
Fighter_1300,Fighter_1239,,07/17/2001,b,UD,Judge_500,Judge_085,Judge_497
https://example.com/video
9,9,9,10,9,9,10,9,10,9,9,10
10,10,10,9,10,10,9,10,9,10,9,9
10,9,10,9,9,9,9,10,9,9,9,10
9,10,9,10,10,10,10,9,10,10,9,9
9,10,9,10,9,9,10,9,9,9,9,9
10,9,10,9,10,10,9,10,10,10,9,10
Fighter_1300,Fighter_776,,07/18/2001,r,KO,Judge_225,Judge_298,Judge_338
https://example.com/video
10,10,10,10,,,,,,,,
7,9,8,9,,,,,,,,
10,10,10,10,,,,,,,,
7,9,8,9,,,,,,,,
10,10,10,10,,,,,,,,
7,9,8,9,,,,,,,,
Fighter_296,Fighter_596,,07/19/2001,r,TKO,Judge_225,Judge_003,Judge_453
https://example.com/video
10,10,10,10,,,,,,,,
7,9,9,9,,,,,,,,
10,10,10,10,,,,,,,,
7,9,9,9,,,,,,,,
10,9,10,10,,,,,,,,
8,10,9,9,,,,,,,,
Fighter_1130,Fighter_239,,07/20/2001,r,KO,Judge_327,Judge_342,Judge_014
https://example.com/video
10,10,10,10,10,10,,,,,,
9,8,9,9,9,8,,,,,,
10,10,10,10,10,10,,,,,,
9,8,9,9,9,8,,,,,,
10,10,10,10,10,10,,,,,,
9,8,9,9,9,8,,,,,,
Fighter_723,Fighter_201,2,07/21/2001,r,UD,Judge_425,Judge_126,Judge_545
https://example.com/video
10,9,10,10,10,10,10,10,9,10,10,9
9,10,9,9,9,9,9,8,10,9,9,10
10,9,9,10,9,10,10,10,9,10,9,9
9,10,10,9,10,9,9,8,10,9,10,10
9,9,10,10,10,10,10,10,10,10,10,9
10,10,9,9,9,9,9,8,9,9,9,10
Fighter_886,Fighter_872,,07/22/2001,r,TKO,Judge_225,Judge_577,Judge_080
https://example.com/video
10,10,10,10,,,,,,,,
9,9,9,7,,,,,,,,
10,10,10,10,,,,,,,,
9,9,9,7,,,,,,,,
10,10,10,10,,,,,,,,
9,9,9,7,,,,,,,,
Fighter_970,Fighter_1039,,07/23/2001,r,TKO,Judge_153,Judge_234,Judge_477
https://example.com/video
10,10,10,10,10,,,,,,,
8,9,9,9,9,,,,,,,
10,10,9,10,10,,,,,,,
8,9,10,9,9,,,,,,,
10,10,9,10,10,,,,,,,
8,9,10,9,9,,,,,,,
Fighter_1300,Fighter_044,,07/24/2001,r,TKO,Judge_225,Judge_132,Judge_644
https://example.com/video
10,10,10,10,,,,,,,,
8,9,9,9,,,,,,,,
10,10,10,10,,,,,,,,
8,9,9,9,,,,,,,,
10,10,10,10,,,,,,,,
8,9,9,9,,,,,,,,
Fighter_831,Fighter_1258,,07/25/2001,r,TKO,Judge_417,Judge_123,Judge_085
https://example.com/video
10,7,9,9,10,,,,,,,
9,10,10,10,9,,,,,,,
10,7,9,9,10,,,,,,,
9,10,10,10,9,,,,,,,
9,7,9,10,10,,,,,,,
10,10,10,9,9,,,,,,,
Fighter_306,Fighter_073,,07/26/2001,r,TKO,Judge_073,Judge_003,Judge_604
https://example.com/video
9,9,10,,,,,,,,,
10,10,8,,,,,,,,,
9,9,10,,,,,,,,,
10,10,8,,,,,,,,,
9,9,10,,,,,,,,,
10,10,8,,,,,,,,,
Fighter_080,Fighter_219,,07/27/2001,r,UD,Judge_327,Judge_319,Judge_102
https://example.com/video
9,10,9,9,9,10,10,10,10,9,10,10
10,9,10,10,10,9,9,9,9,10,9,9
10,10,10,10,9,10,10,10,10,10,9,10
9,9,9,9,10,9,9,9,9,9,10,9
10,10,9,10,9,10,10,10,9,10,9,9
9,9,10,9,10,9,9,9,10,9,10,10
Fighter_080,Fighter_378,,07/28/2001,r,UD,Judge_425,Judge_297,Judge_575
https://example.com/video
10,10,10,8,10,10,10,10,10,10,10,10
9,9,9,7,9,9,9,9,9,9,9,9
10,10,10,8,10,10,10,10,10,10,9,10
9,9,9,7,9,9,9,9,9,9,10,9
9,10,10,8,10,10,10,10,10,10,9,10
10,9,9,7,9,9,9,9,9,9,10,9
Fighter_824,Fighter_193,,07/29/2001,r,UD,Judge_398,Judge_432,Judge_382
https://example.com/video
10,10,9,10,10,10,10,9,10,10,10,10
9,9,10,9,9,9,9,10,9,9,9,9
10,10,10,10,10,10,10,10,10,10,10,10
9,9,9,9,9,9,9,9,9,9,9,9
10,10,10,10,10,10,10,9,10,10,10,10
9,9,9,9,9,9,9,10,9,9,9,9
Fighter_824,Fighter_716,3,07/30/2001,r,MD,Judge_117,Judge_227,Judge_524
https://example.com/video
10,9,10,9,9,10,9,10,10,10,9,10
9,10,9,10,10,9,10,9,9,9,10,9
10,10,10,9,9,10,9,10,10,10,10,9
9,9,9,10,10,9,10,9,9,9,9,10
10,10,10,9,9,10,9,9,9,9,10,10
9,9,9,10,10,9,10,10,10,10,9,9
Fighter_080,Fighter_144,,07/31/2001,r,UD,Judge_569,Judge_280,Judge_266
https://example.com/video
10,10,10,10,10,10,10,10,10,10,10,10
9,9,9,9,9,9,9,9,9,9,9,9
10,10,9,10,10,10,10,10,10,10,10,9
10,9,10,9,9,9,9,9,9,9,9,10
9,10,10,10,10,10,10,10,10,10,10,9
10,9,9,9,9,9,9,9,9,9,9,10
Fighter_1113,Fighter_851,,08/01/2001,r,UD,Judge_271,Judge_500,Judge_313
https://example.com/video
10,10,10,10,10,10,9,10,10,10,10,10
9,9,9,9,9,9,9,9,9,9,9,9
10,10,10,10,10,10,9,10,10,10,10,10
9,9,9,9,9,9,9,9,9,9,9,9
10,10,10,10,10,10,9,10,10,10,10,10
9,9,9,9,9,9,9,9,9,9,9,9
Fighter_824,Fighter_1149,,08/02/2001,r,UD,Judge_153,Judge_117,Judge_227
https://example.com/video
10,10,10,10,10,10,10,10,10,10,10,10
9,9,8,9,9,9,9,9,9,9,9,9
10,10,10,10,10,10,10,10,10,10,10,10
9,9,8,9,9,9,9,9,9,10,9,9
10,10,10,10,10,10,10,10,10,9,10,10
9,9,8,9,9,9,9,9,9,10,9,9
Fighter_886,Fighter_1039,,08/03/2001,r,TKO,Judge_299,Judge_153,Judge_093
https://example.com/video
10,10,10,9,10,10,9,10,9,10,10,
9,9,9,10,9,9,10,9,10,9,9,
10,10,10,10,10,10,9,10,9,10,9,
9,9,9,9,9,9,10,9,10,9,10,
10,10,10,10,10,10,9,10,9,9,10,
9,9,9,9,9,9,10,9,10,10,9,
Fighter_080,Fighter_069,,08/04/2001,r,UD,Judge_225,Judge_418,Judge_024
https://example.com/video
10,10,10,10,10,10,10,10,10,10,10,10
9,9,9,9,9,9,9,9,9,9,9,9
10,10,10,10,10,10,10,10,10,10,10,10
9,9,9,9,9,9,9,9,9,9,9,9
10,10,10,10,10,10,10,10,10,10,10,10
9,9,9,9,9,9,9,9,9,9,9,9
Fighter_181,Fighter_533,,08/05/2001,r,UD,Judge_357,Judge_383,Judge_111
https://example.com/video
10,9,10,10,9,10,10,9,10,10,9,10
9,10,9,9,10,9,9,10,9,9,10,9
10,10,10,10,9,10,10,10,10,10,10,10
10,9,9,9,10,9,9,9,9,9,9,9
10,10,9,10,10,10,9,10,10,9,10,10
9,9,10,9,9,9,10,9,9,10,9,9
Fighter_496,Fighter_555,,08/06/2001,r,UD,Judge_425,Judge_077,Judge_641
https://example.com/video
9,10,10,9,10,10,10,9,10,9,9,10
10,9,9,10,9,9,9,10,9,10,10,9
9,10,10,10,10,10,10,10,9,9,9,9
10,9,9,9,9,9,9,9,10,10,10,10
9,10,10,9,10,10,10,9,10,9,10,10
10,9,9,10,9,9,9,10,9,10,9,9
Fighter_1190,Fighter_079,,08/07/2001,r,KO,Judge_117,Judge_524,Judge_382
https://example.com/video
10,10,10,10,,,,,,,,
9,9,9,8,,,,,,,,
10,10,10,10,,,,,,,,
9,9,9,8,,,,,,,,
10,9,10,10,,,,,,,,
9,10,9,8,,,,,,,,
Fighter_1113,Fighter_183,,08/08/2001,r,RTD,Judge_225,Judge_425,Judge_594
https://example.com/video
9,10,10,10,9,10,10,10,,,,
10,9,9,9,10,9,9,9,,,,
9,10,10,10,9,10,10,10,,,,
10,9,9,9,10,9,9,9,,,,
9,10,10,10,9,10,9,10,,,,
10,9,9,9,10,9,10,9,,,,
Fighter_354,Fighter_1113,,08/09/2001,r,UD,Judge_117,Judge_577,Judge_594
https://example.com/video
9,9,9,9,10,10,10,10,9,10,10,10
10,10,10,10,9,9,9,9,10,9,9,9
9,9,9,9,10,10,10,10,9,10,10,10
10,10,10,10,9,9,9,9,10,9,9,9
9,9,9,9,10,10,10,10,9,10,10,10
10,10,10,10,9,9,9,9,10,9,9,9
Fighter_1113,Fighter_414,,08/10/2001,r,SD,Judge_299,Judge_117,Judge_380
https://example.com/video
9,9,9,10,9,9,10,10,10,9,9,10
10,10,10,9,10,10,9,9,9,10,10,9
9,9,9,10,10,10,9,10,10,9,10,10
10,10,10,9,9,9,10,9,9,10,9,9
9,10,9,10,10,10,10,10,10,10,10,9
10,9,10,9,9,9,9,9,9,9,9,10
Fighter_917,Fighter_843,,08/11/2001,r,KO,Judge_499,Judge_102,Judge_533
https://example.com/video
10,10,10,10,10,10,9,9,10,,,
9,9,9,8,9,9,10,10,9,,,
10,10,10,10,10,10,10,10,10,,,
9,9,9,8,9,9,9,9,9,,,
10,10,10,10,10,10,9,10,10,,,
9,9,9,8,9,9,10,9,9,,,
Fighter_489,Fighter_347,,08/12/2001,b,UD,Judge_483,Judge_051,Judge_644
https://example.com/video
9,9,9,10,9,9,9,9,9,10,9,9
10,10,10,9,10,10,10,10,10,9,10,10
9,9,9,9,10,10,9,9,9,10,9,10
10,10,10,10,9,9,10,10,10,9,10,9
9,10,9,9,10,10,9,9,9,10,9,9
10,9,10,10,9,9,10,10,10,9,10,10
Fighter_1147,Fighter_1065,,08/13/2001,r,UD,Judge_395,Judge_577,Judge_326
https://example.com/video
10,10,10,10,10,10,10,9,8,10,10,10
9,9,9,8,9,9,9,10,10,9,9,9
9,10,10,10,10,10,10,10,8,10,10,10
10,9,9,8,9,9,9,9,10,9,9,9
10,10,9,10,10,10,10,10,9,10,10,10
9,9,10,8,9,9,9,9,9,9,9,9
Fighter_1147,Fighter_1213,,08/14/2001,r,UD,Judge_117,Judge_149,Judge_382
https://example.com/video
10,10,10,10,10,10,10,10,10,10,,
9,9,9,9,9,9,9,9,9,9,,
10,10,10,10,10,10,10,10,10,10,,
9,9,9,9,9,9,9,9,9,9,,
10,10,10,10,10,10,10,10,10,10,,
9,9,9,9,9,9,9,9,9,9,,
Fighter_1147,Fighter_441,,08/15/2001,r,KO,Judge_117,Judge_577,Judge_594
https://example.com/video
10,10,10,10,10,,,,,,,
8,9,9,9,9,,,,,,,
10,10,10,10,10,,,,,,,
8,9,9,9,9,,,,,,,
10,10,10,10,10,,,,,,,
8,8,9,9,9,,,,,,,
Fighter_1147,Fighter_617,,08/16/2001,r,UD,Judge_117,Judge_425,Judge_382
https://example.com/video
10,10,10,10,10,10,10,10,10,10,10,10
9,9,9,8,9,9,9,9,9,9,9,9
10,10,10,10,10,10,10,10,10,10,10,10
9,9,9,8,9,9,9,9,9,9,9,9
10,10,10,10,10,10,10,10,10,10,10,10
9,9,9,8,9,9,9,9,9,9,9,9
Fighter_1147,Fighter_232,,08/17/2001,r,UD,Judge_577,Judge_491,Judge_009
https://example.com/video
10,10,10,10,10,10,10,10,,,,
9,9,9,9,9,9,9,9,,,,
10,10,10,10,10,10,10,10,,,,
9,9,9,9,9,9,9,9,,,,
10,10,10,10,10,10,10,10,,,,
9,9,9,9,9,9,9,9,,,,
Fighter_788,Fighter_855,,08/18/2001,b,TKO,Judge_256,Judge_236,Judge_464
https://example.com/video
9,9,10,10,10,10,,,,,,
10,10,9,9,9,9,,,,,,
9,9,10,10,10,10,,,,,,
10,10,9,9,9,9,,,,,,
10,9,10,10,10,10,,,,,,
9,10,9,9,9,9,,,,,,
Fighter_217,Fighter_788,,08/19/2001,b,TKO,Judge_065,Judge_499,Judge_524
https://example.com/video
9,9,9,9,10,9,9,9,9,10,10,
10,10,10,10,9,10,10,10,10,9,9,
10,9,10,9,9,9,9,9,9,10,9,
9,10,9,10,10,10,10,10,10,9,10,
10,9,10,9,10,9,9,9,9,10,9,
9,10,9,10,9,10,10,10,10,9,10,
Fighter_1189,Fighter_989,,08/20/2001,r,TKO,Judge_472,Judge_117,Judge_594
https://example.com/video
10,10,10,10,10,10,,,,,,
9,9,9,9,9,9,,,,,,
10,10,10,10,10,10,,,,,,
9,9,9,9,9,9,,,,,,
10,10,10,10,10,10,,,,,,
9,9,9,9,9,9,,,,,,
Fighter_1189,Fighter_1295,,08/21/2001,r,TKO,Judge_355,Judge_372,Judge_361
https://example.com/video
10,10,10,10,10,,,,,,,
8,9,9,9,8,,,,,,,
10,10,10,10,10,,,,,,,
8,9,9,9,8,,,,,,,
10,10,10,10,10,,,,,,,
8,9,9,9,8,,,,,,,
Fighter_1252,Fighter_601,,08/22/2001,r,RTD,Judge_317,Judge_538,Judge_480
https://example.com/video
10,10,9,10,10,10,10,10,10,,,
9,9,10,9,9,9,9,9,9,,,
9,10,10,10,10,10,10,10,10,,,
10,9,9,9,9,9,9,9,9,,,
10,10,10,10,10,10,10,10,10,,,
9,9,9,9,9,9,9,9,9,,,
Fighter_1252,Fighter_1043,,08/23/2001,r,UD,Judge_609,Judge_605,Judge_172
https://example.com/video
9,10,10,10,9,10,10,10,9,10,10,10
10,9,9,9,10,9,8,9,10,9,9,9
9,10,10,10,10,10,10,10,10,10,10,10
10,9,9,9,9,9,8,9,9,9,9,9
10,10,10,10,10,10,10,10,9,10,10,10
9,9,9,9,9,9,8,9,10,9,9,9
Fighter_1252,Fighter_928,,08/24/2001,r,RTD,Judge_073,Judge_227,Judge_003
https://example.com/video
10,10,10,10,10,10,10,,,,,
9,9,9,9,9,9,9,,,,,
9,10,10,10,10,10,10,,,,,
10,9,9,9,9,9,9,,,,,
10,10,10,10,10,9,10,,,,,
9,9,9,9,9,10,9,,,,,
Fighter_1252,Fighter_478,,08/25/2001,r,MD,Judge_471,Judge_425,Judge_382
https://example.com/video
10,10,9,10,10,9,10,9,9,10,10,10
9,9,10,9,9,10,9,10,10,9,9,9
9,10,10,10,10,9,10,9,9,10,10,10
10,9,9,9,9,10,9,10,10,9,9,9
9,9,9,9,10,10,9,9,10,10,10,10
10,10,10,10,9,9,10,10,9,9,9,9
Fighter_679,Fighter_1260,,08/26/2001,r,MD,Judge_117,Judge_577,Judge_594
https://example.com/video
9,9,9,10,9,10,10,10,9,10,9,10
10,10,10,9,10,9,9,9,10,9,10,9
10,9,9,10,9,10,10,10,9,10,10,10
9,10,10,9,10,9,9,9,10,9,9,9
9,9,9,10,9,10,10,10,9,10,10,10
10,10,10,9,10,9,9,9,10,9,9,9
Fighter_701,Fighter_679,,08/27/2001,r,UD,Judge_117,Judge_577,Judge_594
https://example.com/video
10,9,9,10,9,10,10,10,9,10,9,9
9,10,10,9,10,8,8,9,10,9,10,10
10,9,9,9,10,10,10,10,9,9,9,10
9,10,10,10,9,8,8,9,10,10,10,9
10,10,9,10,9,10,10,10,9,9,9,9
9,9,10,9,10,8,8,9,10,10,10,10
Fighter_451,Fighter_831,,08/28/2001,r,MD,Judge_073,Judge_117,Judge_432
https://example.com/video
9,10,10,10,9,10,10,10,10,10,9,10
10,9,9,9,10,9,9,9,9,9,10,9
9,10,10,10,9,10,10,9,10,10,10,9
10,9,9,9,10,9,9,10,9,9,9,10
9,10,9,9,9,10,10,9,10,10,10,9
10,9,10,10,10,9,9,10,9,9,9,10
Fighter_073,Fighter_1326,,08/29/2001,r,KO,Judge_073,Judge_432,Judge_524
https://example.com/video
10,10,10,10,,,,,,,,
9,9,9,9,,,,,,,,
10,10,10,10,,,,,,,,
9,9,9,9,,,,,,,,
10,10,10,10,,,,,,,,
9,9,9,9,,,,,,,,
Fighter_260,Fighter_689,,08/30/2001,b,KO,Judge_450,Judge_571,Judge_594
https://example.com/video
8,9,9,9,9,,,,,,,
10,10,10,10,10,,,,,,,
7,9,10,9,9,,,,,,,
10,10,9,10,10,,,,,,,
8,9,9,9,9,,,,,,,
10,10,10,10,10,,,,,,,
Fighter_468,Fighter_693,,08/31/2001,r,UD,Judge_472,Judge_117,Judge_577
https://example.com/video
10,10,10,10,10,10,10,10,10,10,,
9,8,9,9,9,9,9,9,9,9,,
10,10,10,10,10,10,10,10,10,10,,
9,8,9,9,9,9,9,9,9,9,,
10,10,10,10,10,10,10,10,10,10,,
9,8,9,9,9,9,9,9,9,9,,
Fighter_1239,Fighter_976,,09/01/2001,r,UD,Judge_149,Judge_170,Judge_594
https://example.com/video
10,10,9,10,9,9,10,10,10,10,10,9
9,9,10,9,10,10,9,9,9,9,9,10
9,9,10,10,10,10,10,10,10,10,10,9
10,10,9,9,9,9,9,9,9,9,9,10
10,10,10,10,10,9,10,10,10,10,10,9
9,9,9,9,9,10,9,9,9,9,9,10
Fighter_1130,Fighter_113,,09/02/2001,r,TKO,Judge_343,Judge_132,Judge_644
https://example.com/video
9,10,10,10,10,10,9,9,10,10,,
10,9,9,9,10,9,10,10,9,9,,
10,10,10,10,10,10,9,9,10,10,,
9,9,9,9,9,9,10,10,9,9,,
10,10,10,10,9,10,9,8,10,10,,
9,9,9,9,10,9,10,10,9,9,,
Fighter_1055,Fighter_019,,09/03/2001,r,UD,Judge_117,Judge_227,Judge_425
https://example.com/video
10,10,10,10,10,10,,,,,,
9,9,9,9,9,9,,,,,,
10,10,10,10,10,10,,,,,,
9,9,9,9,9,9,,,,,,
10,10,10,10,10,10,,,,,,
9,9,9,9,9,9,,,,,,
Fighter_331,Fighter_818,,09/04/2001,r,UD,Judge_225,Judge_149,Judge_533
https://example.com/video
10,10,10,10,10,10,10,10,10,10,10,10
8,9,9,9,9,9,9,9,9,9,9,9
10,10,10,10,10,10,10,10,10,10,10,10
8,9,9,9,9,9,9,9,9,9,9,9
10,10,10,10,10,10,10,10,10,10,10,10
8,9,9,9,9,9,9,9,9,9,9,9
Fighter_1066,Fighter_1113,,09/05/2001,b,TKO,Judge_323,Judge_363,Judge_172
https://example.com/video
8,8,,,,,,,,,,
10,10,,,,,,,,,,
8,8,,,,,,,,,,
10,10,,,,,,,,,,
8,8,,,,,,,,,,
10,10,,,,,,,,,,
Fighter_918,Fighter_1281,,09/06/2001,r,KO,Judge_118,Judge_336,Judge_249
https://example.com/video
10,10,10,,,,,,,,,
9,9,9,,,,,,,,,
10,10,10,,,,,,,,,
9,9,9,,,,,,,,,
10,10,10,,,,,,,,,
9,9,9,,,,,,,,,
Fighter_941,Fighter_1022,,09/07/2001,r,TKO,Judge_329,Judge_373,Judge_448
https://example.com/video
10,10,10,,,,,,,,,
7,9,8,,,,,,,,,
10,10,10,,,,,,,,,
7,9,8,,,,,,,,,
10,10,10,,,,,,,,,
7,9,8,,,,,,,,,
Fighter_918,Fighter_1289,,09/08/2001,r,TKO,Judge_118,Judge_192,Judge_478
https://example.com/video
10,10,10,10,9,10,,,,,,
9,9,8,9,10,8,,,,,,
10,10,10,9,9,10,,,,,,
9,9,8,10,10,8,,,,,,
10,10,10,10,9,9,,,,,,
9,9,8,9,10,10,,,,,,
Fighter_1071,Fighter_722,2,09/09/2001,b,RTD,Judge_096,Judge_584,Judge_198
https://example.com/video
10,9,8,8,9,10,9,9,9,9,,
9,10,10,10,10,9,10,10,10,10,,
10,9,8,8,9,9,9,10,9,9,,
9,10,10,10,10,10,10,9,10,10,,
9,9,8,9,9,9,9,10,9,9,,
10,10,10,10,10,10,10,9,10,10,,
Fighter_1084,Fighter_1045,,09/10/2001,r,TKO,Judge_120,Judge_203,Judge_017
https://example.com/video
10,10,10,10,10,10,10,10,10,10,,
7,8,9,9,9,8,9,9,9,9,,
10,10,10,10,10,10,10,10,10,10,,
7,9,9,9,9,9,9,9,9,9,,
10,10,10,10,10,10,10,10,10,10,,
7,9,9,9,9,9,9,9,9,9,,
Fighter_1252,Fighter_1179,,09/11/2001,r,UD,Judge_432,Judge_551,Judge_473
https://example.com/video
10,10,10,10,10,10,10,10,10,10,10,10
9,9,9,8,9,9,9,9,9,9,9,9
10,10,10,10,10,10,10,10,10,10,10,10
9,9,9,8,9,9,9,9,9,9,9,9
10,10,10,10,10,10,10,10,10,10,10,10
9,9,9,8,9,9,9,9,9,9,9,9
Fighter_791,Fighter_328,,09/12/2001,r,UD,Judge_299,Judge_095,Judge_117
https://example.com/video
10,9,9,9,10,10,10,10,10,10,10,10
9,10,10,10,9,9,9,9,9,9,9,9
10,10,9,9,10,10,10,10,10,10,10,10
9,9,10,10,9,9,9,9,9,9,9,9
10,10,9,10,10,10,10,10,10,10,10,10
9,9,10,9,9,9,9,9,9,9,9,9
Fighter_886,Fighter_230,,09/13/2001,r,RTD,Judge_208,Judge_225,Judge_429
https://example.com/video
10,10,9,9,10,,,,,,,
9,9,10,10,7,,,,,,,
9,10,9,10,10,,,,,,,
10,9,10,9,7,,,,,,,
10,9,9,10,10,,,,,,,
9,10,10,9,7,,,,,,,
Fighter_896,Fighter_782,,09/14/2001,r,TKO,Judge_088,Judge_455,Judge_550
https://example.com/video
10,10,9,,,,,,,,,
9,9,10,,,,,,,,,
10,10,10,,,,,,,,,
9,9,9,,,,,,,,,
10,10,9,,,,,,,,,
9,9,10,,,,,,,,,
Fighter_722,Fighter_379,,09/15/2001,r,TKO,Judge_299,Judge_064,Judge_015
https://example.com/video
10,10,9,10,10,9,10,10,10,10,,
9,9,10,9,9,10,9,9,9,9,,
9,10,10,10,10,10,10,10,10,10,,
10,9,9,9,9,9,9,9,9,9,,
10,10,10,10,10,10,10,10,10,10,,
9,9,10,9,9,9,10,9,9,9,,
Fighter_1084,Fighter_327,,09/16/2001,r,UD,Judge_393,Judge_429,Judge_566
https://example.com/video
10,10,10,10,10,10,10,10,10,10,10,10
9,9,9,9,9,9,9,9,9,9,9,9
10,10,10,10,10,10,10,10,10,10,10,10
9,9,9,9,9,9,9,9,9,9,9,9
10,10,10,10,10,10,10,10,10,10,10,10
9,9,9,9,9,9,9,9,9,9,8,8
Fighter_918,Fighter_158,,09/17/2001,r,TKO,Judge_634,Judge_099,Judge_392
https://example.com/video
10,9,10,,,,,,,,,
9,10,9,,,,,,,,,
10,9,10,,,,,,,,,
9,10,9,,,,,,,,,
10,9,10,,,,,,,,,
9,10,9,,,,,,,,,
Fighter_1084,Fighter_205,,09/18/2001,r,TKO,Judge_144,Judge_147,Judge_311
https://example.com/video
10,,,,,,,,,,,
8,,,,,,,,,,,
10,,,,,,,,,,,
8,,,,,,,,,,,
10,,,,,,,,,,,
8,,,,,,,,,,,
Fighter_829,Fighter_918,,09/19/2001,r,UD,Judge_153,Judge_095,Judge_472
https://example.com/video
10,9,10,10,9,9,10,10,10,9,10,9
9,10,9,9,10,10,9,9,9,10,9,9
10,10,9,10,9,10,10,10,10,9,10,9
9,9,10,9,10,9,9,9,9,10,9,9
10,10,9,10,9,10,10,9,10,9,10,9
9,9,10,9,10,9,9,10,9,10,9,9
Fighter_791,Fighter_1270,,09/20/2001,r,TKO,Judge_602,Judge_280,Judge_471
https://example.com/video
9,9,10,9,9,,,,,,,
10,10,9,10,10,,,,,,,
9,9,9,9,10,,,,,,,
10,10,10,10,9,,,,,,,
9,9,10,9,9,,,,,,,
10,10,9,10,10,,,,,,,
Fighter_1202,Fighter_1001,,09/21/2001,r,TKO,Judge_569,Judge_532,Judge_640
https://example.com/video
10,,,,,,,,,,,
9,,,,,,,,,,,
10,,,,,,,,,,,
9,,,,,,,,,,,
10,,,,,,,,,,,
9,,,,,,,,,,,
Fighter_918,Fighter_294,,09/22/2001,r,TKO,Judge_494,Judge_617,Judge_222
https://example.com/video
8,,,,,,,,,,,
10,,,,,,,,,,,
8,,,,,,,,,,,
10,,,,,,,,,,,
9,,,,,,,,,,,
10,,,,,,,,,,,
Fighter_791,Fighter_421,2,09/23/2001,r,UD,Judge_299,Judge_095,Judge_055
https://example.com/video
10,10,9,10,10,9,9,9,10,10,10,9
9,9,10,9,9,10,10,10,9,9,9,10
10,10,10,10,9,9,9,10,9,10,10,10
9,9,9,9,10,10,10,9,10,9,9,9
10,10,10,10,9,9,9,10,10,10,10,10
9,9,9,9,10,10,10,9,9,9,9,9
Fighter_782,Fighter_421,,09/24/2001,b,UD,Judge_082,Judge_223,Judge_095
https://example.com/video
9,9,9,10,9,9,10,9,9,10,10,9
10,10,10,9,10,10,9,10,10,9,9,10
9,9,9,9,9,9,9,10,9,9,10,10
10,10,10,10,10,10,10,9,10,10,9,9
9,10,9,10,9,9,9,9,9,9,10,10
10,9,10,9,10,10,10,10,10,10,9,9
Fighter_983,Fighter_918,,09/25/2001,b,TKO,Judge_315,Judge_544,Judge_432
https://example.com/video
8,9,9,10,9,8,9,9,10,10,,
10,10,10,10,10,10,10,10,9,9,,
8,9,9,9,9,8,10,9,10,10,,
10,10,10,10,10,10,10,10,9,9,,
8,9,9,9,9,8,9,9,10,10,,
10,10,10,10,10,10,10,10,9,9,,
Fighter_1152,Fighter_791,,09/26/2001,b,TKO,Judge_586,Judge_327,Judge_033
https://example.com/video
10,9,9,7,,,,,,,,
9,10,10,10,,,,,,,,
10,10,9,7,,,,,,,,
9,9,10,10,,,,,,,,
10,9,9,7,,,,,,,,
9,10,10,10,,,,,,,,
Fighter_1293,Fighter_1062,,09/27/2001,r,TKO,Judge_153,Judge_133,Judge_085
https://example.com/video
10,10,,,,,,,,,,
9,9,,,,,,,,,,
10,10,,,,,,,,,,
9,9,,,,,,,,,,
10,10,,,,,,,,,,
9,9,,,,,,,,,,
Fighter_1214,Fighter_918,,09/28/2001,b,TKO,Judge_443,Judge_010,Judge_617
https://example.com/video
9,9,9,9,9,10,9,,,,,
10,10,10,10,10,9,10,,,,,
9,9,9,9,9,10,8,,,,,
10,10,10,10,10,9,10,,,,,
9,9,9,9,10,10,9,,,,,
10,10,10,10,10,9,10,,,,,
Fighter_588,Fighter_1206,,09/29/2001,r,TKO,Judge_203,Judge_481,Judge_201
https://example.com/video
9,10,10,,,,,,,,,
10,9,8,,,,,,,,,
9,9,10,,,,,,,,,
10,10,8,,,,,,,,,
9,10,10,,,,,,,,,
10,9,8,,,,,,,,,
Fighter_918,Fighter_242,,09/30/2001,r,UD,Judge_441,Judge_096,Judge_112
https://example.com/video
10,9,10,9,8,10,10,10,10,9,10,10
9,10,9,9,10,9,9,8,9,10,9,9
10,9,10,9,8,9,10,10,10,10,10,10
9,10,9,9,10,10,9,8,9,9,9,9
10,10,10,8,9,10,10,10,10,10,9,10
9,9,9,10,9,9,9,8,9,9,10,9
Fighter_1287,Fighter_918,,10/01/2001,b,UD,Judge_327,Judge_099,Judge_453
https://example.com/video
9,9,9,9,10,9,9,9,9,9,9,10
10,10,10,10,9,10,10,10,10,10,10,9
9,10,9,10,10,9,9,9,10,9,9,9
10,9,10,9,9,10,10,10,9,10,10,10
9,9,9,9,10,9,9,10,9,9,9,10
10,10,10,10,9,10,10,9,10,10,10,9
Fighter_1219,Fighter_488,,10/02/2001,r,UD,Judge_104,Judge_299,Judge_472
https://example.com/video
10,10,10,10,9,10,9,9,10,10,10,10
9,9,9,9,10,9,10,10,9,8,9,9
10,10,10,10,10,10,10,10,10,9,10,9
9,9,9,9,9,9,9,9,9,9,9,10
10,10,10,9,10,10,10,10,10,9,10,9
9,9,9,10,9,9,9,9,9,9,9,10
Fighter_354,Fighter_554,,10/03/2001,r,UD,Judge_208,Judge_252,Judge_538
https://example.com/video
10,10,10,10,10,10,10,9,9,10,9,9
9,9,9,9,9,9,9,10,10,9,10,10
10,10,10,10,10,10,10,10,10,10,10,10
9,9,9,9,9,9,9,9,9,9,9,9
10,10,10,10,10,10,10,10,10,10,10,10
9,9,9,9,9,9,9,9,9,9,9,9
Fighter_1264,Fighter_774,,10/04/2001,r,TKO,Judge_128,Judge_429,Judge_134
https://example.com/video
9,9,10,9,9,9,10,10,10,,,
10,10,9,10,10,10,8,9,9,,,
9,9,10,9,9,9,10,10,10,,,
10,10,9,10,10,10,9,9,9,,,
9,10,10,9,10,9,10,10,10,,,
10,9,9,10,9,10,10,9,9,,,
Fighter_646,Fighter_1049,,10/05/2001,r,TKO,Judge_118,Judge_215,Judge_315
https://example.com/video
10,9,10,10,10,10,9,9,10,,,
9,10,9,9,10,9,10,10,8,,,
10,9,10,10,10,9,10,9,10,,,
9,10,10,9,9,10,9,10,8,,,
10,9,10,10,10,10,10,9,10,,,
9,10,9,9,9,9,10,10,8,,,
Fighter_251,Fighter_824,,10/06/2001,b,KO,Judge_070,Judge_421,Judge_616
https://example.com/video
10,10,10,10,10,10,10,,,,,
9,9,9,10,9,9,9,,,,,
10,10,10,9,10,10,10,,,,,
9,9,9,10,9,9,9,,,,,
10,10,10,9,10,10,9,,,,,
9,9,9,10,9,9,10,,,,,
Fighter_248,Fighter_588,,10/07/2001,b,KO,Judge_441,Judge_578,Judge_044
https://example.com/video
10,9,10,9,10,9,9,10,9,9,9,
9,10,9,10,9,10,10,8,10,10,10,
10,9,9,10,10,9,9,9,9,9,9,
9,10,10,9,9,10,10,9,10,10,10,
10,9,9,10,10,9,9,9,9,9,9,
9,10,10,9,9,10,10,9,10,10,10,
Fighter_661,Fighter_668,,10/08/2001,r,TKO,Judge_522,Judge_546,Judge_011
https://example.com/video
10,10,,,,,,,,,,
9,9,,,,,,,,,,
10,10,,,,,,,,,,
9,9,,,,,,,,,,
10,10,,,,,,,,,,
9,9,,,,,,,,,,
Fighter_791,Fighter_522,2,10/09/2001,r,KO,Judge_104,Judge_472,Judge_117
https://example.com/video
10,10,10,,,,,,,,,
9,9,9,,,,,,,,,
10,10,10,,,,,,,,,
9,9,9,,,,,,,,,
10,10,10,,,,,,,,,
9,9,9,,,,,,,,,
Fighter_124,Fighter_1084,,10/10/2001,r,TKO,Judge_299,Judge_153,Judge_117
https://example.com/video
9,,,,,,,,,,,
10,,,,,,,,,,,
9,,,,,,,,,,,
10,,,,,,,,,,,
9,,,,,,,,,,,
10,,,,,,,,,,,
Fighter_366,Fighter_421,,10/11/2001,b,KO,Judge_192,Judge_252,Judge_488
https://example.com/video
9,9,10,,,,,,,,,
10,10,9,,,,,,,,,
9,9,9,,,,,,,,,
10,10,10,,,,,,,,,
9,9,10,,,,,,,,,
10,10,9,,,,,,,,,
Fighter_1084,Fighter_1004,,10/12/2001,r,UD,Judge_395,Judge_380,Judge_209
https://example.com/video
9,10,10,10,10,10,10,10,10,10,10,10
10,9,9,9,9,9,7,8,9,9,9,9
9,10,10,10,10,10,10,10,10,10,10,10
10,9,9,9,9,9,7,8,9,9,9,9
9,10,10,10,10,10,10,10,10,10,10,10
10,9,9,9,9,9,7,8,9,9,9,9
Fighter_521,Fighter_1080,,10/13/2001,r,MD,Judge_342,Judge_400,Judge_045
https://example.com/video
10,10,10,10,9,9,9,10,10,9,9,10
9,9,9,9,10,10,10,9,9,10,10,9
10,10,9,9,9,9,10,9,10,10,9,10
9,9,10,10,10,10,9,10,9,9,10,9
10,10,10,9,9,10,10,10,10,9,10,10
9,9,9,10,10,10,9,9,9,10,10,9
Fighter_896,Fighter_1223,,10/14/2001,r,TKO,Judge_357,Judge_376,Judge_421
https://example.com/video
10,,,,,,,,,,,
10,,,,,,,,,,,
9,,,,,,,,,,,
10,,,,,,,,,,,
10,,,,,,,,,,,
9,,,,,,,,,,,
Fighter_1268,Fighter_1084,,10/15/2001,b,TKO,Judge_348,Judge_191,Judge_305
https://example.com/video
9,9,9,9,9,,,,,,,
10,10,10,10,10,,,,,,,
9,9,9,9,9,,,,,,,
10,10,10,10,10,,,,,,,
9,10,9,9,9,,,,,,,
10,9,10,10,10,,,,,,,
Fighter_120,Fighter_117,,10/16/2001,r,TKO,Judge_299,Judge_117,Judge_099
https://example.com/video
10,9,10,10,9,9,10,10,10,,,
9,10,9,9,10,10,9,9,9,,,
10,9,10,9,9,9,10,10,10,,,
9,10,9,10,10,10,9,9,9,,,
10,9,10,10,10,9,10,10,9,,,
9,10,9,9,9,10,9,9,10,,,
Fighter_896,Fighter_1224,,10/17/2001,r,UD,Judge_055,Judge_344,Judge_488
https://example.com/video
10,10,9,10,10,10,10,9,10,9,10,9
9,9,10,9,9,9,9,10,9,10,9,10
10,10,9,10,10,10,10,10,10,9,10,10
9,9,10,9,10,9,9,10,9,10,10,9
10,10,10,10,10,10,10,10,10,9,10,10
9,9,10,9,9,9,9,9,9,10,9,10
Fighter_588,Fighter_315,,10/18/2001,r,SD,Judge_193,Judge_057,Judge_191
https://example.com/video
10,9,9,10,9,10,10,9,10,10,9,10
9,10,10,9,10,8,9,10,9,9,10,9
10,9,9,10,9,10,10,9,10,10,9,10
9,10,10,9,10,8,9,10,9,9,10,9
10,9,9,9,9,10,9,9,9,10,9,9
9,10,10,10,10,8,10,10,10,10,10,10
Fighter_918,Fighter_825,,10/19/2001,r,UD,Judge_544,Judge_325,Judge_534
https://example.com/video
10,10,10,10,10,10,10,10,10,10,10,10
9,9,9,9,10,9,9,9,10,9,9,9
10,10,10,10,9,10,10,10,10,10,10,10
9,9,9,9,10,9,9,9,9,9,9,9
10,10,10,10,9,10,10,10,10,10,10,10
9,9,9,9,10,9,9,9,9,9,9,9
Fighter_774,Fighter_722,,10/20/2001,r,TKO,Judge_417,Judge_096,Judge_213
https://example.com/video
10,10,10,10,10,,,,,,,
9,9,9,9,9,,,,,,,
10,10,9,10,10,,,,,,,
9,9,10,9,9,,,,,,,
10,9,9,10,10,,,,,,,
9,10,10,9,9,,,,,,,
Fighter_791,Fighter_870,,10/21/2001,r,KO,Judge_033,Judge_429,Judge_577
https://example.com/video
10,,,,,,,,,,,
6,,,,,,,,,,,
10,,,,,,,,,,,
7,,,,,,,,,,,
10,,,,,,,,,,,
6,,,,,,,,,,,
Fighter_1142,Fighter_188,,10/22/2001,b,TKO,Judge_577,Judge_089,Judge_394
https://example.com/video
9,10,9,10,10,10,10,,,,,
10,9,9,9,9,9,9,,,,,
9,10,10,9,10,10,10,,,,,
10,9,8,10,9,9,9,,,,,
9,10,10,10,10,10,10,,,,,
10,9,8,9,9,9,9,,,,,
Fighter_722,Fighter_713,,10/23/2001,r,UD,Judge_565,Judge_063,Judge_375
https://example.com/video
9,10,9,10,10,10,10,10,9,10,10,10
10,9,10,10,9,9,9,9,9,9,10,9
9,10,9,9,10,10,10,10,8,10,10,9
10,9,10,10,9,9,9,9,10,9,9,10
9,10,9,9,10,10,10,10,9,10,10,9
10,9,10,10,9,9,9,10,10,9,9,10
Fighter_1269,Fighter_1202,,10/24/2001,b,UD,Judge_299,Judge_095,Judge_044
https://example.com/video
10,9,9,10,10,9,9,9,9,10,9,10
9,10,10,9,9,10,10,10,10,9,10,9
10,9,9,10,9,9,9,9,9,10,9,10
9,10,10,9,10,10,10,10,10,9,10,9
10,9,9,10,10,9,9,9,9,10,9,10
9,10,10,9,9,10,10,10,10,9,10,9
Fighter_1071,Fighter_722,1,10/25/2001,b,TKO,Judge_565,Judge_442,Judge_139
https://example.com/video
10,,,,,,,,,,,
9,,,,,,,,,,,
10,,,,,,,,,,,
9,,,,,,,,,,,
10,,,,,,,,,,,
9,,,,,,,,,,,
Fighter_1202,Fighter_550,2,10/26/2001,b,SD,Judge_299,Judge_095,Judge_385
https://example.com/video
9,10,9,8,10,9,9,10,9,10,10,10
10,9,10,10,9,10,10,9,10,9,9,9
10,10,9,9,9,10,9,10,10,9,9,9
9,9,10,10,10,9,10,9,9,10,10,10
10,10,9,8,9,9,9,10,10,10,10,10
9,9,10,10,10,10,10,9,9,9,9,9
Fighter_1084,Fighter_588,,10/27/2001,r,UD,Judge_327,Judge_223,Judge_299
https://example.com/video
10,10,10,10,10,9,10,10,10,10,10,10
9,9,8,9,9,10,9,9,9,9,9,9
10,10,10,9,10,10,10,10,9,9,10,10
9,9,8,10,9,9,9,9,10,10,9,9
10,10,10,10,10,9,10,10,9,10,10,10
9,9,8,9,9,10,9,9,10,9,9,9
Fighter_672,Fighter_970,,10/28/2001,b,KO,Judge_327,Judge_299,Judge_095
https://example.com/video
9,,,,,,,,,,,
10,,,,,,,,,,,
9,,,,,,,,,,,
10,,,,,,,,,,,
9,,,,,,,,,,,
10,,,,,,,,,,,
Fighter_1031,Fighter_1084,,10/29/2001,b,UD,Judge_302,Judge_096,Judge_476
https://example.com/video
8,9,7,9,9,9,9,10,9,9,9,9
10,10,10,10,10,10,10,10,10,10,10,10
8,9,8,9,9,9,9,9,9,9,9,9
10,10,10,10,10,10,10,10,10,10,10,10
8,9,8,9,9,9,9,9,9,9,9,9
10,10,10,10,10,10,10,10,10,10,10,10
Fighter_743,Fighter_773,,10/30/2001,r,TKO,Judge_460,Judge_638,Judge_420
https://example.com/video
10,10,9,9,10,10,10,,,,,
9,9,10,10,8,8,9,,,,,
10,9,9,10,10,10,10,,,,,
9,10,10,9,8,8,9,,,,,
10,10,9,10,10,10,10,,,,,
9,9,10,9,8,8,9,,,,,
Fighter_1080,Fighter_1058,,10/31/2001,r,UD,Judge_332,Judge_471,Judge_384
https://example.com/video
10,10,10,10,10,10,9,10,10,10,10,10
8,9,9,9,9,9,10,9,9,9,9,9
10,10,10,10,10,10,10,9,10,10,10,10
8,9,9,9,9,9,9,10,9,9,9,9
10,10,10,10,10,10,10,10,10,10,10,10
8,9,9,9,9,9,9,9,9,9,9,9
Fighter_722,Fighter_465,1,11/01/2001,b,SD,Judge_095,Judge_002,Judge_035
https://example.com/video
9,9,9,10,10,10,9,9,9,9,8,10
10,10,10,9,9,10,9,10,10,10,10,9
10,9,9,10,10,10,9,9,10,10,8,10
9,10,10,9,9,9,9,10,9,9,10,10
9,10,9,10,10,10,9,9,10,10,7,10
10,9,10,9,9,10,9,10,9,9,10,10
Fighter_886,Fighter_950,,11/02/2001,r,TKO,Judge_241,Judge_453,Judge_238
https://example.com/video
10,10,10,10,9,10,9,9,10,10,,
9,9,9,9,10,9,9,10,9,9,,
10,10,10,10,9,10,10,9,10,10,,
9,9,9,9,10,9,8,10,9,9,,
10,10,10,10,10,10,10,10,10,10,,
9,9,9,9,9,9,8,9,9,9,,
Fighter_722,Fighter_036,,11/03/2001,r,TKO,Judge_082,Judge_550,Judge_043
https://example.com/video
10,10,,,,,,,,,,
9,9,,,,,,,,,,
10,10,,,,,,,,,,
9,9,,,,,,,,,,
10,10,,,,,,,,,,
9,9,,,,,,,,,,
Fighter_791,Fighter_958,2,11/04/2001,r,TKO,Judge_104,Judge_033,Judge_375
https://example.com/video
10,10,10,10,,,,,,,,
9,9,9,8,,,,,,,,
10,10,10,10,,,,,,,,
9,9,9,9,,,,,,,,
10,9,10,10,,,,,,,,
9,10,9,8,,,,,,,,
Fighter_181,Fighter_653,,11/05/2001,r,TKO,Judge_049,Judge_453,Judge_467
https://example.com/video
9,10,10,10,10,10,,,,,,
10,9,9,9,9,8,,,,,,
9,10,10,10,10,10,,,,,,
10,9,9,9,9,8,,,,,,
9,9,10,10,10,10,,,,,,
10,10,9,9,9,8,,,,,,
Fighter_120,Fighter_307,,11/06/2001,r,UD,Judge_332,Judge_471,Judge_384
https://example.com/video
10,10,10,10,10,10,10,10,10,10,10,10
9,9,9,9,9,9,9,9,9,9,9,9
9,10,10,10,10,10,10,10,10,10,10,9
10,9,9,9,9,9,9,9,9,9,9,10
10,10,10,10,10,10,10,10,10,10,10,10
9,9,9,9,9,9,9,9,9,9,9,9
Fighter_722,Fighter_803,,11/07/2001,r,UD,Judge_117,Judge_584,Judge_247
https://example.com/video
10,10,10,10,10,10,10,10,9,10,10,10
9,9,9,9,8,9,9,9,10,9,8,9
10,9,10,10,10,10,10,10,9,10,10,10
9,10,9,9,8,9,9,9,10,9,9,9
10,9,10,10,10,10,10,10,9,10,10,10
9,10,9,9,8,8,9,9,10,8,8,9
Fighter_1084,Fighter_181,,11/08/2001,r,UD,Judge_010,Judge_252,Judge_395
https://example.com/video
10,10,9,10,10,9,10,10,10,10,9,9
9,9,10,9,9,10,9,9,9,9,10,10
9,10,10,10,10,9,10,9,10,10,9,10
10,9,9,9,9,10,9,10,9,9,10,9
10,9,10,10,10,9,10,10,10,10,9,9
9,10,9,9,9,10,9,9,9,9,10,10
Fighter_774,Fighter_178,,11/09/2001,r,UD,Judge_153,Judge_095,Judge_055
https://example.com/video
10,10,10,10,10,10,10,10,10,10,9,10
9,9,9,9,9,9,9,9,9,9,10,9
10,10,10,10,10,10,10,10,10,10,10,10
9,9,9,9,9,9,9,9,9,9,9,9
10,10,10,10,10,10,10,10,10,10,10,10
9,9,9,9,9,9,9,9,9,9,9,9
Fighter_421,Fighter_225,,11/10/2001,r,TKO,Judge_104,Judge_375,Judge_064
https://example.com/video
9,10,10,10,10,10,10,,,,,
10,9,9,9,9,9,9,,,,,
10,10,10,10,10,10,10,,,,,
9,9,9,9,8,8,9,,,,,
10,10,10,10,10,10,10,,,,,
9,9,9,9,9,9,9,,,,,
Fighter_884,Fighter_722,,11/11/2001,d,SD,Judge_587,Judge_096,Judge_375
https://example.com/video
10,9,9,10,9,9,10,9,10,10,9,10
9,10,10,9,10,10,9,10,10,9,10,9
10,10,9,10,10,10,9,9,9,10,9,10
9,9,10,10,9,10,10,10,10,9,10,9
10,10,9,10,10,10,9,9,10,10,9,10
9,10,10,9,9,9,10,10,10,9,10,9
Fighter_1080,Fighter_202,,11/12/2001,r,DQ,Judge_303,Judge_231,Judge_061
https://example.com/video
10,9,10,10,10,10,10,,,,,
9,10,9,9,9,7,8,,,,,
10,9,10,10,10,10,9,,,,,
9,10,9,9,9,7,9,,,,,
10,10,10,10,10,9,9,,,,,
9,9,9,9,9,8,9,,,,,
Fighter_073,Fighter_476,,11/13/2001,r,UD,Judge_118,Judge_436,Judge_408
https://example.com/video
10,10,10,10,10,10,10,10,10,10,10,10
9,9,9,9,9,9,9,9,9,9,9,9
10,10,10,10,10,10,10,10,10,10,10,10
9,9,9,9,9,9,9,9,9,9,9,9
10,10,10,10,10,10,10,10,10,10,10,10
9,9,9,9,9,9,9,9,9,9,9,9
Fighter_1080,Fighter_448,,11/14/2001,b,MD,Judge_128,Judge_116,Judge_303
https://example.com/video
9,10,9,9,10,9,9,10,10,9,9,9
10,9,10,10,9,10,10,9,9,10,10,10
9,10,9,9,10,10,9,10,9,10,10,9
10,9,10,10,9,9,10,9,10,9,9,10
9,10,10,9,9,10,9,10,9,9,10,9
10,9,9,10,10,9,10,9,10,10,9,10
Fighter_791,Fighter_459,,11/15/2001,r,TKO,Judge_606,Judge_299,Judge_007
https://example.com/video
10,9,9,9,10,10,,,,,,
9,10,10,10,9,9,,,,,,
10,9,9,10,9,10,,,,,,
9,10,10,9,10,9,,,,,,
10,9,9,9,9,9,,,,,,
9,10,10,10,10,10,,,,,,
Fighter_1202,Fighter_877,,11/16/2001,r,UD,Judge_553,Judge_623,Judge_085
https://example.com/video
10,10,10,10,10,10,10,10,10,10,10,10
9,9,9,8,9,9,9,9,8,10,9,9
10,10,10,10,10,10,9,10,10,10,10,10
9,9,9,8,9,9,10,9,8,9,9,9
10,10,10,10,10,10,10,10,10,9,10,10
10,9,9,8,9,9,9,9,9,10,9,10
Fighter_876,Fighter_550,,11/17/2001,r,MD,Judge_223,Judge_354,Judge_044
https://example.com/video
10,9,10,9,10,10,9,10,10,9,9,10
9,10,9,10,9,9,10,9,9,10,10,9
10,9,9,9,10,10,9,10,10,9,9,10
9,10,10,10,9,9,10,9,9,10,10,9
10,10,9,9,10,10,9,10,10,10,9,10
9,9,10,10,9,9,10,9,9,10,10,9
Fighter_918,Fighter_711,,11/18/2001,r,TKO,Judge_244,Judge_327,Judge_105
https://example.com/video
10,,,,,,,,,,,
9,,,,,,,,,,,
10,,,,,,,,,,,
9,,,,,,,,,,,
10,,,,,,,,,,,
9,,,,,,,,,,,
Fighter_896,Fighter_587,,11/19/2001,r,UD,Judge_104,Judge_334,Judge_385
https://example.com/video
10,10,10,10,10,10,10,10,10,10,10,9
9,8,9,9,9,9,9,8,9,9,9,10
10,10,10,10,10,10,10,10,10,10,10,9
9,8,9,9,9,9,9,8,9,9,9,10
10,10,10,10,10,10,10,10,10,10,10,10
9,8,9,9,9,9,9,8,9,9,9,9
Fighter_876,Fighter_588,,11/20/2001,b,TKO,Judge_104,Judge_203,Judge_064
https://example.com/video
10,10,10,10,10,9,10,10,9,10,,
9,9,9,9,9,10,9,9,10,9,,
10,10,9,10,10,9,10,10,9,10,,
9,9,10,9,9,10,9,9,10,9,,
10,10,10,10,10,10,10,9,10,10,,
9,9,9,9,9,9,9,10,9,9,,
Fighter_1084,Fighter_344,,11/21/2001,r,RTD,Judge_036,Judge_432,Judge_202
https://example.com/video
10,10,10,10,10,10,10,10,10,10,,
9,9,9,9,9,9,9,9,9,9,,
10,10,10,10,10,10,10,10,10,10,,
9,9,9,9,9,9,9,9,9,9,,
10,10,10,10,10,10,10,10,10,10,,
9,9,9,9,9,9,9,9,9,9,,
Fighter_1149,Fighter_1151,,11/22/2001,r,RTD,Judge_063,Judge_299,Judge_375
https://example.com/video
10,10,10,10,10,,,,,,,
8,9,9,8,9,,,,,,,
10,10,10,10,10,,,,,,,
8,9,9,8,9,,,,,,,
10,10,10,10,10,,,,,,,
8,9,9,8,8,,,,,,,
Fighter_1080,Fighter_599,,11/23/2001,r,TKO,Judge_509,Judge_325,Judge_049
https://example.com/video
10,10,10,10,,,,,,,,
9,9,9,9,,,,,,,,
10,9,10,10,,,,,,,,
9,10,9,9,,,,,,,,
10,10,10,10,,,,,,,,
9,9,9,9,,,,,,,,
Fighter_588,Fighter_893,2,11/24/2001,r,MD,Judge_603,Judge_152,Judge_488
https://example.com/video
10,9,10,10,10,10,10,9,10,10,10,9
9,10,9,9,9,9,9,9,9,9,9,10
10,9,10,10,10,10,10,9,10,10,10,9
9,10,9,9,9,9,9,9,9,9,9,10
10,10,10,10,9,10,10,9,9,9,9,9
9,9,9,10,10,9,9,9,10,10,10,10
Fighter_774,Fighter_1071,,11/25/2001,r,UD,Judge_481,Judge_469,Judge_086
https://example.com/video
10,10,10,10,9,10,10,10,10,10,10,10
9,9,9,9,10,9,9,9,9,9,9,9
10,10,10,10,10,9,10,9,10,10,10,10
9,9,9,9,9,10,9,10,9,9,9,9
10,9,10,10,10,9,10,10,10,10,10,10
9,10,9,9,9,10,9,9,9,9,9,9
Fighter_999,Fighter_1149,,11/26/2001,b,UD,Judge_527,Judge_526,Judge_100
https://example.com/video
9,9,9,9,10,9,10,10,10,10,9,9
10,10,10,10,9,10,9,9,9,10,10,10
9,9,9,10,9,9,10,9,9,10,9,9
10,10,10,9,10,10,9,10,10,9,10,10
9,9,9,10,10,10,10,10,9,9,9,10
10,10,10,9,9,9,9,9,10,10,10,10
Fighter_1270,Fighter_369,,11/27/2001,r,TKO,Judge_046,Judge_392,Judge_386
https://example.com/video
10,10,,,,,,,,,,
9,9,,,,,,,,,,
10,10,,,,,,,,,,
9,9,,,,,,,,,,
10,10,,,,,,,,,,
9,9,,,,,,,,,,
Fighter_051,Fighter_1088,,11/28/2001,r,UD,Judge_478,Judge_291,Judge_225
https://example.com/video
10,10,10,10,9,9,10,10,10,10,9,10
9,9,9,9,10,10,10,9,9,9,10,10
10,10,10,9,10,9,10,10,10,10,9,10
9,9,9,10,9,10,10,9,9,9,10,10
10,10,10,10,10,9,9,10,10,10,9,9
9,9,9,9,9,10,10,9,9,9,10,10
Fighter_918,Fighter_677,,11/29/2001,r,TKO,Judge_373,Judge_578,Judge_617
https://example.com/video
10,10,10,10,10,10,,,,,,
9,9,9,9,9,9,,,,,,
10,10,10,10,10,10,,,,,,
9,9,9,9,9,9,,,,,,
10,10,10,10,10,10,,,,,,
9,9,9,8,9,9,,,,,,
Fighter_1090,Fighter_255,,11/30/2001,b,SD,Judge_425,Judge_149,Judge_605
https://example.com/video
10,10,10,9,9,10,9,10,10,10,10,10
7,9,9,10,10,9,10,9,9,9,9,9
10,9,9,9,9,9,9,9,9,10,10,10
7,10,10,10,10,10,10,10,10,9,9,9
10,9,9,9,9,10,9,9,10,9,10,9
7,10,10,10,10,9,10,10,9,10,9,10
Fighter_722,Fighter_304,,12/01/2001,r,UD,Judge_622,Judge_587,Judge_299
https://example.com/video
10,10,10,10,10,10,10,10,10,10,10,10
8,9,9,9,9,8,9,9,9,9,9,8
10,10,10,10,10,10,10,10,10,10,10,10
8,8,9,9,8,8,9,9,9,8,9,8
10,10,10,10,10,10,10,10,10,10,10,10
8,8,9,9,8,8,8,9,9,9,9,8
Fighter_451,Fighter_634,,12/02/2001,r,RTD,Judge_383,Judge_602,Judge_418
https://example.com/video
10,10,10,10,10,9,10,10,10,,,
9,9,9,9,9,10,9,9,9,,,
10,9,10,10,9,9,10,10,10,,,
9,10,9,9,10,10,9,9,9,,,
10,9,10,10,10,9,10,10,10,,,
9,10,9,9,9,10,9,9,9,,,
Fighter_722,Fighter_683,,12/03/2001,r,TD,Judge_549,Judge_044,Judge_385
https://example.com/video
9,9,10,10,10,10,10,10,9,9,,
10,10,9,9,9,9,9,10,10,9,,
9,10,10,10,10,10,10,10,10,9,,
10,9,10,9,9,8,9,9,9,9,,
10,9,9,10,10,10,10,9,10,8,,
9,10,10,8,9,9,9,10,9,10,,
Fighter_451,Fighter_507,,12/04/2001,r,UD,Judge_111,Judge_319,Judge_095
https://example.com/video
10,10,10,10,10,10,9,10,10,10,10,10
9,9,9,9,9,8,10,9,9,9,9,9
10,10,10,10,10,10,10,10,10,9,10,10
9,9,9,9,9,8,9,9,9,10,9,9
10,10,10,10,10,10,10,10,9,9,10,10
9,9,9,9,9,8,9,9,10,10,9,9
Fighter_876,Fighter_842,,12/05/2001,r,MD,Judge_223,Judge_203,Judge_044
https://example.com/video
9,10,10,10,10,10,10,10,9,10,10,10
10,9,9,9,9,9,9,9,10,9,9,9
9,9,10,9,10,10,10,9,9,10,10,9
10,10,9,10,9,9,9,10,10,9,9,10
9,10,10,9,10,10,10,10,9,10,10,10
10,9,9,10,9,9,9,9,10,9,9,9
Fighter_722,Fighter_095,,12/06/2001,r,RTD,Judge_104,Judge_096,Judge_457
https://example.com/video
10,10,10,10,10,,,,,,,
9,9,9,9,9,,,,,,,
10,10,10,10,10,,,,,,,
9,9,9,9,8,,,,,,,
10,10,10,10,10,,,,,,,
9,9,9,9,9,,,,,,,
Fighter_722,Fighter_321,,12/07/2001,r,UD,Judge_082,Judge_033,Judge_375
https://example.com/video
9,10,10,10,9,10,10,10,10,9,10,10
10,9,9,9,10,9,9,8,9,10,9,9
10,9,9,10,9,10,10,10,10,10,10,9
9,10,10,10,10,9,9,8,9,9,9,10
9,9,9,10,10,10,9,10,10,10,10,10
10,10,10,9,10,9,10,9,9,9,9,10
Fighter_1084,Fighter_276,,12/08/2001,r,TKO,Judge_237,Judge_272,Judge_465
https://example.com/video
10,10,10,10,10,,,,,,,
9,8,8,8,9,,,,,,,
10,10,10,10,10,,,,,,,
9,9,9,8,8,,,,,,,
10,10,10,10,10,,,,,,,
9,9,8,9,9,,,,,,,
Fighter_1084,Fighter_893,,12/09/2001,r,UD,Judge_509,Judge_475,Judge_289
https://example.com/video
10,10,10,10,10,10,10,10,10,10,10,10
9,9,9,9,9,9,9,9,9,8,9,9
10,10,10,10,10,10,10,10,10,10,10,10
9,9,9,9,9,9,9,9,9,8,9,9
10,10,10,10,10,10,10,10,10,10,10,10
9,9,9,9,9,9,9,9,9,8,9,9
Fighter_259,Fighter_1270,,12/10/2001,r,RTD,Judge_306,Judge_429,Judge_546
https://example.com/video
9,9,10,9,10,9,9,9,9,,,
10,10,9,10,9,10,10,10,10,,,
9,9,9,9,10,9,9,9,10,,,
10,10,10,10,9,10,10,10,9,,,
9,9,9,9,9,9,9,9,10,,,
10,10,10,10,10,10,10,10,9,,,
Fighter_886,Fighter_1285,,12/11/2001,r,UD,Judge_373,Judge_194,Judge_577
https://example.com/video
10,10,10,10,,,,,,,,
9,9,9,9,,,,,,,,
10,10,10,10,,,,,,,,
9,9,9,9,,,,,,,,
10,10,10,10,,,,,,,,
9,9,9,9,,,,,,,,
Fighter_451,Fighter_100,,12/12/2001,r,TKO,Judge_357,Judge_104,Judge_289
https://example.com/video
10,,,,,,,,,,,
9,,,,,,,,,,,
9,,,,,,,,,,,
10,,,,,,,,,,,
9,,,,,,,,,,,
10,,,,,,,,,,,
Fighter_1142,Fighter_226,,12/13/2001,r,KO,Judge_297,Judge_161,Judge_090
https://example.com/video
10,10,10,10,,,,,,,,
9,9,9,9,,,,,,,,
10,10,10,10,,,,,,,,
9,9,9,9,,,,,,,,
10,10,10,10,,,,,,,,
9,9,9,9,,,,,,,,
Fighter_1202,Fighter_466,,12/14/2001,r,TKO,Judge_610,Judge_180,Judge_136
https://example.com/video
10,10,,,,,,,,,,
7,8,,,,,,,,,,
10,10,,,,,,,,,,
7,8,,,,,,,,,,
10,10,,,,,,,,,,
8,9,,,,,,,,,,
Fighter_722,Fighter_1068,,12/15/2001,r,MD,Judge_437,Judge_220,Judge_290
https://example.com/video
9,10,10,10,9,10,10,9,10,10,10,9
10,9,9,9,10,9,10,10,9,9,9,10
10,10,10,10,10,10,10,9,10,10,10,10
10,9,10,9,10,9,9,10,9,10,9,9
10,10,9,9,9,10,10,10,10,9,10,10
10,9,10,10,10,10,10,9,9,10,10,9
Fighter_1203,Fighter_1084,,12/16/2001,b,TKO,Judge_299,Judge_603,Judge_148
https://example.com/video
9,,,,,,,,,,,
10,,,,,,,,,,,
9,,,,,,,,,,,
10,,,,,,,,,,,
9,,,,,,,,,,,
10,,,,,,,,,,,
Fighter_1202,Fighter_338,,12/17/2001,r,TKO,Judge_437,Judge_002,Judge_035
https://example.com/video
10,10,10,10,10,10,9,10,10,,,
9,9,9,9,9,5,10,9,8,,,
10,10,10,10,10,10,10,10,10,,,
9,9,9,9,10,7,10,9,8,,,
10,10,10,10,9,10,10,10,10,,,
9,9,9,9,10,7,10,9,8,,,
Fighter_774,Fighter_1326,,12/18/2001,r,TKO,Judge_223,Judge_153,Judge_319
https://example.com/video
9,,,,,,,,,,,
10,,,,,,,,,,,
9,,,,,,,,,,,
10,,,,,,,,,,,
9,,,,,,,,,,,
10,,,,,,,,,,,
Fighter_824,Fighter_470,,12/19/2001,r,TKO,Judge_104,Judge_610,Judge_276
https://example.com/video
10,10,10,,,,,,,,,
9,9,8,,,,,,,,,
9,10,10,,,,,,,,,
10,8,8,,,,,,,,,
10,10,10,,,,,,,,,
9,8,8,,,,,,,,,
Fighter_1084,Fighter_402,,12/20/2001,r,RTD,Judge_137,Judge_359,Judge_049
https://example.com/video
10,9,9,10,9,10,10,9,10,10,,
9,10,10,9,10,9,9,10,9,9,,
10,10,9,10,10,10,10,9,10,10,,
9,9,10,9,9,9,9,10,9,9,,
9,9,10,10,10,10,10,9,10,10,,
10,10,9,9,9,9,9,10,9,9,,
Fighter_354,Fighter_1178,,12/21/2001,r,TKO,Judge_342,Judge_577,Judge_338
https://example.com/video
10,10,10,10,10,10,10,10,10,9,10,
9,9,9,9,9,9,9,9,9,10,9,
10,10,10,10,10,10,10,10,10,9,10,
9,9,9,9,9,9,9,9,9,10,9,
10,10,10,10,10,10,10,10,10,9,10,
9,9,9,9,9,9,9,9,9,10,9,
Fighter_073,Fighter_984,,12/22/2001,r,TKO,Judge_586,Judge_225,Judge_577
https://example.com/video
10,10,10,10,10,10,10,10,10,10,,
9,9,9,9,9,9,9,9,9,9,,
10,10,10,10,10,10,10,10,10,10,,
9,9,9,9,9,9,9,9,9,9,,
10,10,10,10,10,10,10,10,10,10,,
9,9,9,9,9,9,9,9,9,9,,
Fighter_588,Fighter_893,3,12/23/2001,r,UD,Judge_373,Judge_362,Judge_573
https://example.com/video
10,10,9,10,9,10,10,10,10,9,10,10
9,9,10,9,10,9,9,9,9,10,9,9
10,10,10,9,9,10,9,9,10,9,10,10
9,9,9,10,10,9,10,10,9,10,9,9
9,10,10,10,9,10,9,9,10,9,10,10
10,9,9,9,10,9,10,10,9,10,9,9
Fighter_1113,Fighter_613,,12/24/2001,r,KO,Judge_156,Judge_224,Judge_457
https://example.com/video
10,10,10,10,10,10,10,10,,,,
9,9,9,9,9,9,9,9,,,,
10,10,10,10,10,10,10,10,,,,
9,9,9,9,9,9,9,9,,,,
10,10,10,10,10,10,10,10,,,,
9,9,9,9,9,9,9,9,,,,
Fighter_1202,Fighter_978,,12/25/2001,r,TKO,Judge_357,Judge_366,Judge_378
https://example.com/video
10,10,10,,,,,,,,,
9,9,9,,,,,,,,,
10,10,10,,,,,,,,,
9,9,9,,,,,,,,,
10,10,10,,,,,,,,,
9,9,9,,,,,,,,,
Fighter_051,Fighter_091,,12/26/2001,r,TKO,Judge_569,Judge_221,Judge_464
https://example.com/video
10,10,,,,,,,,,,
9,8,,,,,,,,,,
10,10,,,,,,,,,,
9,8,,,,,,,,,,
10,10,,,,,,,,,,
9,8,,,,,,,,,,
Fighter_421,Fighter_182,,12/27/2001,r,TKO,Judge_563,Judge_325,Judge_268
https://example.com/video
10,10,9,10,10,10,,,,,,
8,9,10,9,8,9,,,,,,
10,10,9,10,10,10,,,,,,
8,9,10,9,9,9,,,,,,
10,10,8,10,10,10,,,,,,
8,9,10,9,9,9,,,,,,
Fighter_503,Fighter_722,,12/28/2001,b,UD,Judge_383,Judge_587,Judge_082
https://example.com/video
9,8,10,9,9,9,9,10,9,9,9,9
10,10,9,10,10,10,10,9,10,10,10,10
9,8,9,9,9,9,9,9,9,9,9,9
10,10,10,10,10,10,10,10,10,10,10,10
9,8,10,9,9,9,9,9,9,9,10,9
10,10,9,10,10,10,10,10,10,10,9,10
Fighter_774,Fighter_950,,12/29/2001,r,UD,Judge_586,Judge_342,Judge_137
https://example.com/video
10,9,10,10,10,9,9,10,10,10,10,9
9,10,9,10,9,10,10,9,9,9,9,10
10,9,10,10,9,9,9,10,10,10,10,9
9,10,9,9,10,10,10,9,9,9,9,10
10,9,10,10,10,9,9,10,10,10,10,9
9,10,9,9,9,10,10,9,9,9,9,10
Fighter_774,Fighter_1153,,12/30/2001,r,RTD,Judge_111,Judge_095,Judge_354
https://example.com/video
9,10,10,9,10,10,10,,,,,
10,9,9,10,9,9,9,,,,,
10,10,10,8,10,10,10,,,,,
9,9,9,10,9,9,9,,,,,
9,9,10,9,10,10,9,,,,,
10,10,9,9,9,9,10,,,,,
Fighter_451,Fighter_231,,12/31/2001,r,UD,Judge_205,Judge_389,Judge_064
https://example.com/video
10,10,10,10,10,10,10,10,10,10,10,10
9,9,9,9,10,9,9,9,9,9,9,9
10,10,10,10,10,10,10,10,10,10,10,10
9,10,9,10,9,9,9,9,9,10,8,9
9,10,10,10,10,10,10,10,10,10,10,10
10,9,9,9,9,9,9,9,9,9,8,9
Fighter_1270,Fighter_945,,01/01/2002,r,RTD,Judge_046,Judge_373,Judge_617
https://example.com/video
10,10,10,10,10,10,10,10,10,,,
9,9,9,9,9,9,9,9,9,,,
10,10,10,10,10,10,10,10,10,,,
9,9,9,9,9,9,9,9,9,,,
10,10,10,10,10,10,10,10,10,,,
9,9,9,9,9,9,9,9,9,,,
Fighter_774,Fighter_537,,01/02/2002,r,TKO,Judge_502,Judge_309,Judge_541
https://example.com/video
10,10,10,10,9,10,10,10,10,10,,
10,9,9,8,9,9,8,9,8,9,,
8,9,10,10,9,10,10,10,10,9,,
10,10,9,8,9,9,8,9,8,10,,
8,10,10,10,9,10,10,10,9,9,,
10,9,9,8,9,9,8,9,9,10,,
Fighter_051,Fighter_522,,01/03/2002,r,TKO,Judge_315,Judge_336,Judge_024
https://example.com/video
10,,,,,,,,,,,
9,,,,,,,,,,,
10,,,,,,,,,,,
9,,,,,,,,,,,
10,,,,,,,,,,,
9,,,,,,,,,,,
Fighter_774,Fighter_028,,01/04/2002,r,TKO,Judge_602,Judge_250,Judge_137
https://example.com/video
10,10,10,10,10,10,10,,,,,
9,9,9,9,9,9,9,,,,,
10,10,9,10,10,10,10,,,,,
9,9,10,9,9,9,9,,,,,
9,10,10,10,10,10,10,,,,,
10,9,9,9,9,9,9,,,,,
Fighter_722,Fighter_464,,01/05/2002,r,TKO,Judge_044,Judge_465,Judge_035
https://example.com/video
10,10,10,,,,,,,,,
9,9,7,,,,,,,,,
10,10,10,,,,,,,,,
9,9,7,,,,,,,,,
10,9,10,,,,,,,,,
9,10,7,,,,,,,,,
Fighter_725,Fighter_1080,,01/06/2002,r,UD,Judge_468,Judge_402,Judge_401
https://example.com/video
9,10,9,9,9,10,10,9,10,10,9,10
10,8,10,10,10,9,8,10,8,10,10,7
9,10,10,9,9,10,10,9,10,10,9,10
10,8,10,10,10,9,8,10,8,10,10,7
9,10,9,9,9,10,10,8,10,10,9,10
10,8,10,10,10,9,8,10,8,9,10,8
Fighter_1084,Fighter_504,,01/07/2002,r,KO,Judge_486,Judge_553,Judge_512
https://example.com/video
10,10,10,10,10,10,,,,,,
9,9,8,9,9,8,,,,,,
10,10,10,10,10,10,,,,,,
9,9,8,9,9,8,,,,,,
10,10,10,10,10,10,,,,,,
9,9,8,9,9,8,,,,,,
Fighter_774,Fighter_884,,01/08/2002,r,TKO,Judge_319,Judge_148,Judge_098
https://example.com/video
10,10,10,10,10,10,10,10,10,,,
9,9,9,8,8,9,9,9,9,,,
9,10,10,10,10,10,10,10,10,,,
10,9,9,8,9,9,9,9,9,,,
9,10,10,10,10,10,10,10,10,,,
10,9,9,8,8,9,9,9,9,,,
Fighter_941,Fighter_812,,01/09/2002,r,TKO,Judge_099,Judge_210,Judge_149
https://example.com/video
10,10,10,10,10,10,10,,,,,
9,9,9,9,9,9,8,,,,,
10,10,10,10,10,10,10,,,,,
9,9,9,9,9,9,8,,,,,
10,10,10,10,10,9,10,,,,,
9,9,9,9,9,10,8,,,,,
Fighter_305,Fighter_728,,01/10/2002,r,TKO,Judge_018,Judge_278,Judge_228
https://example.com/video
10,,,,,,,,,,,
8,,,,,,,,,,,
10,,,,,,,,,,,
8,,,,,,,,,,,
10,,,,,,,,,,,
8,,,,,,,,,,,
Fighter_1044,Fighter_1084,,01/11/2002,b,TKO,Judge_196,Judge_226,Judge_466
https://example.com/video
8,,,,,,,,,,,
10,,,,,,,,,,,
8,,,,,,,,,,,
10,,,,,,,,,,,
8,,,,,,,,,,,
10,,,,,,,,,,,
Fighter_722,Fighter_778,,01/12/2002,r,TKO,Judge_191,Judge_198,Judge_035
https://example.com/video
10,10,,,,,,,,,,
9,7,,,,,,,,,,
10,10,,,,,,,,,,
9,8,,,,,,,,,,
10,10,,,,,,,,,,
9,7,,,,,,,,,,
Fighter_1098,Fighter_1170,,01/13/2002,r,TKO,Judge_492,Judge_500,Judge_261
https://example.com/video
10,10,10,10,,,,,,,,
9,9,9,9,,,,,,,,
10,9,10,10,,,,,,,,
9,10,9,9,,,,,,,,
9,10,10,10,,,,,,,,
10,9,9,9,,,,,,,,
Fighter_451,Fighter_227,,01/14/2002,r,RTD,Judge_357,Judge_095,Judge_109
https://example.com/video
10,10,10,10,10,10,10,,,,,
7,9,9,9,9,9,9,,,,,
10,10,10,10,10,10,10,,,,,
7,9,9,9,9,9,9,,,,,
10,10,10,10,10,10,10,,,,,
7,9,9,9,9,9,9,,,,,
Fighter_824,Fighter_787,,01/15/2002,r,TKO,Judge_128,Judge_299,Judge_055
https://example.com/video
10,10,10,10,10,,,,,,,
9,8,9,9,9,,,,,,,
10,10,10,10,10,,,,,,,
9,8,9,9,9,,,,,,,
10,10,10,10,10,,,,,,,
9,8,9,9,9,,,,,,,
Fighter_774,Fighter_352,,01/16/2002,r,TKO,Judge_587,Judge_250,Judge_033
https://example.com/video
8,10,10,10,,,,,,,,
10,9,9,9,,,,,,,,
10,9,10,10,,,,,,,,
9,10,9,9,,,,,,,,
9,9,10,10,,,,,,,,
10,10,9,9,,,,,,,,
Fighter_722,Fighter_437,,01/17/2002,r,TKO,Judge_159,Judge_185,Judge_536
https://example.com/video
10,10,10,10,,,,,,,,
9,9,9,9,,,,,,,,
10,10,10,10,,,,,,,,
10,10,9,9,,,,,,,,
9,10,10,10,,,,,,,,
10,10,9,9,,,,,,,,
Fighter_731,Fighter_451,,01/18/2002,b,KO,Judge_111,Judge_319,Judge_033
https://example.com/video
9,9,9,9,9,9,10,9,,,,
10,10,10,10,10,10,9,10,,,,
9,9,9,9,9,9,10,9,,,,
10,10,10,10,10,10,9,10,,,,
9,9,9,10,9,9,9,9,,,,
10,10,10,9,10,10,10,10,,,,
Fighter_896,Fighter_459,,01/19/2002,r,TKO,Judge_299,Judge_033,Judge_375
https://example.com/video
10,10,,,,,,,,,,
9,8,,,,,,,,,,
10,10,,,,,,,,,,
9,8,,,,,,,,,,
10,10,,,,,,,,,,
9,8,,,,,,,,,,
Fighter_896,Fighter_1232,,01/20/2002,r,TKO,Judge_117,Judge_247,Judge_550
https://example.com/video
10,,,,,,,,,,,
9,,,,,,,,,,,
10,,,,,,,,,,,
8,,,,,,,,,,,
10,,,,,,,,,,,
9,,,,,,,,,,,
Fighter_917,Fighter_122,,01/21/2002,r,RTD,Judge_373,Judge_641,Judge_186
https://example.com/video
10,10,10,10,10,10,,,,,,
9,9,9,9,8,9,,,,,,
10,10,10,10,10,10,,,,,,
9,9,9,9,8,9,,,,,,
10,10,10,10,10,10,,,,,,
9,9,9,9,8,9,,,,,,
Fighter_1086,Fighter_704,2,01/22/2002,r,UD,Judge_161,Judge_186,Judge_597
https://example.com/video
10,10,10,10,10,10,,,,,,
9,9,9,9,9,9,,,,,,
10,10,10,10,10,10,,,,,,
9,9,9,9,9,9,,,,,,
10,10,10,10,10,10,,,,,,
9,9,9,9,9,9,,,,,,
Fighter_805,Fighter_824,,01/23/2002,b,TKO,Judge_569,Judge_225,Judge_133
https://example.com/video
9,10,8,9,8,9,,,,,,
10,9,10,10,10,10,,,,,,
9,10,8,9,8,9,,,,,,
10,9,10,10,10,10,,,,,,
9,10,8,9,8,9,,,,,,
10,9,10,10,10,10,,,,,,
Fighter_966,Fighter_1252,,01/24/2002,r,SD,Judge_380,Judge_271,Judge_466
https://example.com/video
9,10,10,9,9,10,9,9,10,10,9,9
10,9,9,10,10,9,10,10,9,9,10,10
9,10,10,10,9,10,10,10,10,10,9,9
10,9,9,9,10,9,9,9,9,9,10,10
10,10,9,10,10,10,9,10,10,9,9,9
9,9,10,9,9,9,10,9,9,10,10,10
Fighter_646,Fighter_1084,,01/25/2002,r,UD,Judge_586,Judge_342,Judge_299
https://example.com/video
8,10,10,10,10,10,10,10,10,10,10,10
10,9,9,9,9,9,9,9,9,9,9,9
8,10,10,10,10,10,10,10,10,10,10,10
10,9,9,9,9,9,9,9,9,9,9,9
8,10,10,10,10,10,10,10,10,10,10,10
10,9,9,9,9,9,9,9,9,9,9,9
Fighter_985,Fighter_414,,01/26/2002,r,MD,Judge_009,Judge_254,Judge_150
https://example.com/video
9,9,10,9,10,10,9,10,9,10,10,9
10,10,9,10,9,9,10,9,10,9,9,10
9,9,10,10,10,10,9,9,9,10,10,10
10,10,9,9,9,9,10,10,10,9,9,10
9,10,10,10,10,10,9,10,9,10,9,10
10,9,10,9,9,9,10,9,10,9,10,10
Fighter_102,Fighter_374,,01/27/2002,r,UD,Judge_278,Judge_164,Judge_562
https://example.com/video
9,10,9,10,10,10,10,10,9,10,,
10,9,10,9,9,9,9,9,10,9,,
9,10,10,10,10,10,9,10,10,10,,
10,9,9,9,9,9,10,9,9,9,,
9,10,10,10,10,9,10,10,10,10,,
10,9,9,9,9,10,9,9,9,9,,
Fighter_102,Fighter_932,,01/28/2002,r,TKO,Judge_129,Judge_307,Judge_599
https://example.com/video
10,10,10,10,10,10,9,10,,,,
9,9,9,9,9,9,10,9,,,,
9,10,10,10,10,10,10,10,,,,
10,9,9,9,9,9,9,9,,,,
10,10,10,10,9,10,10,10,,,,
9,9,9,9,10,9,9,9,,,,
Fighter_102,Fighter_001,,01/29/2002,r,MD,Judge_301,Judge_498,Judge_181
https://example.com/video
10,9,10,10,10,9,9,9,10,9,,
9,10,9,9,9,10,10,10,9,10,,
10,9,10,10,10,9,10,9,10,9,,
9,10,9,9,9,10,9,10,9,10,,
10,10,9,10,10,10,9,10,10,10,,
9,9,10,9,9,9,10,9,9,9,,
Fighter_102,Fighter_895,,01/30/2002,r,KO,Judge_278,Judge_164,Judge_067
https://example.com/video
9,10,,,,,,,,,,
10,9,,,,,,,,,,
9,9,,,,,,,,,,
10,10,,,,,,,,,,
9,10,,,,,,,,,,
10,9,,,,,,,,,,
Fighter_808,Fighter_102,,01/31/2002,b,KO,Judge_178,Judge_641,Judge_186
https://example.com/video
9,9,10,9,10,9,9,10,10,,,
10,10,9,10,9,10,10,9,9,,,
10,9,10,9,10,9,9,10,10,,,
9,10,9,10,9,10,10,9,9,,,
9,9,10,9,10,10,9,10,9,,,
10,10,9,10,9,9,10,9,10,,,
Fighter_102,Fighter_1228,,02/01/2002,r,UD,Judge_225,Judge_144,Judge_149
https://example.com/video
9,9,10,10,10,10,10,10,10,10,10,10
10,10,9,9,9,9,9,9,9,9,9,9
9,9,10,10,10,9,10,10,10,10,10,10
10,10,9,9,9,10,9,9,9,9,9,9
9,9,10,10,10,10,10,10,10,10,10,10
10,10,9,9,9,9,9,9,9,9,9,9
Fighter_102,Fighter_1166,,02/02/2002,b,UD,Judge_194,Judge_577,Judge_323
https://example.com/video
9,9,9,10,9,9,9,9,9,9,9,9
10,10,10,9,10,10,10,10,10,10,10,10
9,10,9,10,9,9,9,9,9,9,9,9
10,9,10,9,10,10,10,10,10,10,10,10
9,9,9,10,9,9,9,9,9,9,9,9
10,10,10,9,10,10,10,10,10,10,10,10
Fighter_1142,Fighter_002,,02/03/2002,r,KO,Judge_384,Judge_641,Judge_548
https://example.com/video
9,,,,,,,,,,,
10,,,,,,,,,,,
10,,,,,,,,,,,
9,,,,,,,,,,,
9,,,,,,,,,,,
10,,,,,,,,,,,
Fighter_1239,Fighter_1215,,02/04/2002,r,TKO,Judge_472,Judge_117,Judge_149
https://example.com/video
10,,,,,,,,,,,
9,,,,,,,,,,,
10,,,,,,,,,,,
9,,,,,,,,,,,
10,,,,,,,,,,,
9,,,,,,,,,,,
Fighter_626,Fighter_1114,,02/05/2002,r,KO,Judge_117,Judge_149,Judge_090
https://example.com/video
10,,,,,,,,,,,
9,,,,,,,,,,,
10,,,,,,,,,,,
9,,,,,,,,,,,
10,,,,,,,,,,,
9,,,,,,,,,,,
Fighter_442,Fighter_781,,02/06/2002,r,TKO,Judge_553,Judge_561,Judge_218
https://example.com/video
10,10,10,,,,,,,,,
9,9,9,,,,,,,,,
10,10,10,,,,,,,,,
9,9,9,,,,,,,,,
10,10,10,,,,,,,,,
9,9,9,,,,,,,,,
Fighter_829,Fighter_1067,,02/07/2002,r,SD,Judge_357,Judge_153,Judge_033
https://example.com/video
10,10,9,10,9,10,10,9,9,9,10,10
9,9,10,9,10,9,9,10,10,10,9,10
10,9,10,10,10,10,9,9,9,9,9,10
9,10,9,9,9,9,10,10,10,10,10,10
10,10,9,10,10,10,9,9,10,9,10,9
9,9,10,9,9,9,10,10,9,10,9,10
Fighter_108,Fighter_586,,02/08/2002,r,UD,Judge_204,Judge_212,Judge_277
https://example.com/video
10,10,10,10,10,10,,,,,,
9,9,8,9,9,9,,,,,,
10,10,10,10,10,10,,,,,,
9,9,8,9,9,9,,,,,,
10,10,10,10,10,10,,,,,,
9,9,8,9,9,9,,,,,,
Fighter_1244,Fighter_1150,,02/09/2002,r,KO,Judge_379,Judge_233,Judge_447
https://example.com/video
10,,,,,,,,,,,
9,,,,,,,,,,,
10,,,,,,,,,,,
9,,,,,,,,,,,
10,,,,,,,,,,,
9,,,,,,,,,,,
Fighter_236,Fighter_116,,02/10/2002,r,UD,Judge_023,Judge_567,Judge_257
https://example.com/video
10,10,10,9,10,9,10,10,9,10,9,10
9,9,9,10,9,10,10,9,10,9,10,9
10,10,10,10,10,9,9,10,9,9,9,10
9,9,9,9,9,10,10,9,10,10,10,9
10,10,10,10,9,9,10,10,9,10,10,9
9,9,9,9,10,10,9,9,10,9,9,10
Fighter_950,Fighter_1056,,02/11/2002,r,TKO,Judge_379,Judge_643,Judge_505
https://example.com/video
10,10,,,,,,,,,,
8,8,,,,,,,,,,
10,10,,,,,,,,,,
8,8,,,,,,,,,,
10,10,,,,,,,,,,
8,8,,,,,,,,,,
Fighter_236,Fighter_691,,02/12/2002,r,TKO,Judge_521,Judge_429,Judge_257
https://example.com/video
10,,,,,,,,,,,
8,,,,,,,,,,,
10,,,,,,,,,,,
8,,,,,,,,,,,
10,,,,,,,,,,,
8,,,,,,,,,,,
Fighter_875,Fighter_421,,02/13/2002,b,RTD,Judge_569,Judge_223,Judge_299
https://example.com/video
10,10,9,9,8,9,7,7,,,,
9,9,10,10,10,10,10,10,,,,
10,9,9,9,9,10,7,7,,,,
9,10,10,10,10,9,10,10,,,,
10,10,9,9,8,9,7,7,,,,
9,9,10,10,10,10,10,10,,,,
Fighter_086,Fighter_181,,02/14/2002,b,UD,Judge_056,Judge_175,Judge_474
https://example.com/video
9,9,9,9,10,8,9,9,8,9,9,8
10,10,10,10,9,10,9,10,10,10,10,10
9,9,9,9,9,8,9,9,8,9,9,8
10,10,10,10,10,10,9,10,10,10,10,10
9,9,9,9,9,8,9,9,9,9,9,8
10,10,10,10,10,10,9,10,9,10,10,10
Fighter_709,Fighter_919,,02/15/2002,b,SD,Judge_309,Judge_054,Judge_509
https://example.com/video
9,10,10,10,10,9,9,9,9,9,9,9
10,9,9,9,9,9,10,10,10,10,10,10
9,10,10,9,9,10,9,9,9,9,9,9
10,9,9,10,10,8,10,10,10,10,10,10
9,10,10,10,10,9,10,10,9,9,9,9
10,9,9,9,9,9,9,9,10,10,10,10
Fighter_791,Fighter_421,,02/16/2002,d,SD,Judge_569,Judge_179,Judge_375
https://example.com/video
10,10,9,10,10,10,10,9,9,9,10,10
9,9,10,9,9,9,9,10,10,10,10,9
10,10,9,9,9,10,10,9,9,9,9,10
9,9,10,10,10,9,9,10,10,10,10,9
10,10,9,10,10,9,10,9,9,10,9,10
9,9,10,9,9,10,10,10,10,10,10,9
Fighter_1063,Fighter_349,,02/17/2002,b,TKO,Judge_441,Judge_055,Judge_577
https://example.com/video
10,10,9,10,9,7,,,,,,
9,9,10,9,10,10,,,,,,
10,10,9,10,9,7,,,,,,
9,9,10,9,10,10,,,,,,
10,10,10,10,9,7,,,,,,
9,9,9,9,10,10,,,,,,
Fighter_539,Fighter_634,,02/18/2002,r,UD,Judge_177,Judge_413,Judge_190
https://example.com/video
10,10,10,10,10,10,10,10,10,10,,
8,9,9,9,8,8,9,9,9,9,,
10,10,10,10,10,10,10,10,10,10,,
8,9,9,9,8,8,9,9,9,9,,
10,10,10,10,10,10,10,10,10,10,,
8,9,9,9,8,8,9,9,9,9,,
Fighter_886,Fighter_1321,,02/19/2002,r,TKO,Judge_144,Judge_577,Judge_609
https://example.com/video
10,10,10,9,10,10,10,10,,,,
9,9,9,10,9,9,9,9,,,,
10,10,10,9,10,10,10,10,,,,
9,9,9,10,9,9,9,9,,,,
10,10,9,9,10,10,10,10,,,,
9,9,10,10,9,9,9,9,,,,
Fighter_944,Fighter_970,,02/20/2002,b,TKO,Judge_082,Judge_299,Judge_095
https://example.com/video
8,10,9,10,10,9,7,9,10,9,,
10,9,10,9,9,10,10,10,9,10,,
8,10,9,9,9,10,7,9,10,9,,
10,9,10,10,10,9,10,10,9,10,,
8,10,9,10,10,9,7,9,10,10,,
10,9,10,9,9,10,10,10,9,9,,
Fighter_729,Fighter_829,,02/21/2002,r,UD,Judge_299,Judge_153,Judge_095
https://example.com/video
10,9,9,10,10,9,10,9,10,10,9,9
9,10,10,9,9,10,9,10,8,9,10,10
10,9,9,10,10,9,10,10,10,10,10,9
9,10,10,9,9,10,9,9,8,9,9,10
10,10,9,10,10,9,9,10,10,10,8,9
9,9,10,9,9,10,10,9,8,9,10,10
Fighter_1025,Fighter_847,,02/22/2002,r,SD,Judge_383,Judge_334,Judge_117
https://example.com/video
10,10,9,9,9,10,9,9,9,9,10,10
9,9,10,10,10,9,10,10,10,10,9,9
10,10,10,10,9,10,10,10,10,10,10,9
9,9,9,9,10,9,9,9,9,9,9,10
10,10,10,10,9,10,9,9,9,10,10,9
9,9,9,9,10,9,10,10,10,9,9,10
Fighter_1209,Fighter_348,,02/23/2002,r,TD,Judge_153,Judge_465,Judge_604
https://example.com/video
10,10,9,10,9,10,9,10,10,10,,
9,9,10,9,10,9,10,9,9,9,,
10,10,9,10,10,10,10,10,9,10,,
9,9,10,9,9,9,9,9,10,10,,
10,9,9,10,10,10,9,10,9,10,,
9,10,10,9,9,9,10,9,10,10,,
Fighter_442,Fighter_970,,02/24/2002,r,MD,Judge_223,Judge_063,Judge_299
https://example.com/video
9,10,9,10,9,9,9,10,9,10,10,10
10,9,10,9,10,10,10,9,10,9,9,9
10,10,9,10,9,9,10,9,10,10,10,9
10,9,10,9,10,10,9,10,9,9,9,10
10,10,9,10,9,9,9,9,10,10,10,10
9,9,10,9,10,10,10,10,9,9,9,9
Fighter_716,Fighter_873,,02/25/2002,r,TKO,Judge_524,Judge_003,Judge_585
https://example.com/video
10,10,8,10,10,10,10,9,,,,
9,9,10,9,9,9,9,10,,,,
10,10,9,10,10,10,9,10,,,,
9,9,10,9,9,9,10,9,,,,
10,10,8,10,10,10,9,9,,,,
9,9,10,9,9,9,10,10,,,,
Fighter_992,Fighter_970,,02/26/2002,b,UD,Judge_104,Judge_299,Judge_095
https://example.com/video
9,9,9,9,10,9,9,9,10,9,9,9
10,10,9,10,9,10,10,10,8,10,10,10
9,10,8,9,10,9,9,9,10,9,9,9
10,9,10,10,9,10,10,10,8,10,10,10
10,9,8,9,10,9,9,9,10,9,10,9
9,10,10,10,9,10,10,10,8,10,9,10
Fighter_1060,Fighter_341,,02/27/2002,r,SD,Judge_221,Judge_379,Judge_400
https://example.com/video
10,10,10,9,10,9,10,9,10,9,9,10
9,9,9,10,9,10,9,10,9,10,10,9
10,10,10,9,10,9,9,9,9,9,9,10
9,9,9,10,9,10,10,10,10,10,10,9
10,10,9,9,10,10,10,9,9,10,10,9
9,9,10,10,9,9,9,10,10,9,9,10
Fighter_805,Fighter_030,,02/28/2002,r,TKO,Judge_299,Judge_524,Judge_003
https://example.com/video
9,10,10,10,10,9,10,10,10,,,
10,9,9,9,9,10,9,9,9,,,
9,10,10,10,10,10,10,9,9,,,
10,9,9,9,9,9,9,10,10,,,
9,10,10,10,10,10,10,9,10,,,
10,9,9,9,9,9,9,10,9,,,
Fighter_486,Fighter_472,,03/01/2002,r,TKO,Judge_225,Judge_604,Judge_324
https://example.com/video
10,10,10,10,10,10,,,,,,
9,9,9,9,9,9,,,,,,
10,10,10,9,10,10,,,,,,
9,9,9,10,9,9,,,,,,
10,10,10,10,10,10,,,,,,
9,9,9,9,9,9,,,,,,
Fighter_941,Fighter_511,,03/02/2002,b,UD,Judge_327,Judge_342,Judge_605
https://example.com/video
9,9,9,10,10,9,9,10,10,10,9,9
10,10,10,9,9,10,10,9,9,8,10,10
9,10,9,9,9,9,10,9,9,10,9,9
10,9,10,10,10,10,9,10,10,8,10,10
9,10,9,9,9,9,10,9,9,10,10,9
10,9,10,10,10,10,9,10,10,8,9,10
Fighter_451,Fighter_1059,,03/03/2002,r,UD,Judge_342,Judge_299,Judge_153
https://example.com/video
9,10,10,10,10,10,9,10,10,10,10,9
10,9,9,9,9,9,10,9,9,9,9,10
9,10,10,10,10,10,9,10,10,10,10,9
10,9,9,9,9,9,10,9,9,9,9,10
10,9,10,10,10,10,9,10,10,10,10,9
9,10,9,9,9,9,10,9,9,9,9,10
Fighter_486,Fighter_852,,03/04/2002,r,KO,Judge_342,Judge_225,Judge_099
https://example.com/video
10,10,,,,,,,,,,
9,9,,,,,,,,,,
10,10,,,,,,,,,,
9,9,,,,,,,,,,
10,10,,,,,,,,,,
9,9,,,,,,,,,,
Fighter_486,Fighter_287,,03/05/2002,r,RTD,Judge_432,Judge_425,Judge_605
https://example.com/video
10,10,10,10,10,10,10,10,,,,
9,8,9,9,9,9,9,9,,,,
10,10,10,9,10,10,10,10,,,,
9,8,9,10,9,9,9,8,,,,
10,10,10,9,10,10,10,10,,,,
9,8,9,10,9,9,9,9,,,,
Fighter_024,Fighter_831,,03/06/2002,b,UD,Judge_569,Judge_380,Judge_453
https://example.com/video
9,8,9,10,9,10,9,8,9,9,10,10
10,10,10,9,10,9,10,9,10,10,9,9
9,8,9,9,10,9,9,9,9,9,9,10
10,10,10,10,9,10,10,9,10,10,10,9
9,8,9,10,9,9,10,8,9,9,10,9
10,10,10,9,10,10,9,9,10,10,9,10
Fighter_715,Fighter_300,,03/07/2002,r,TKO,Judge_553,Judge_336,Judge_216
https://example.com/video
10,,,,,,,,,,,
9,,,,,,,,,,,
10,,,,,,,,,,,
9,,,,,,,,,,,
10,,,,,,,,,,,
9,,,,,,,,,,,
Fighter_1162,Fighter_941,,03/08/2002,b,TD-U,Judge_499,Judge_189,Judge_380
https://example.com/video
9,10,9,8,,,,,,,,
10,9,10,10,,,,,,,,
9,10,9,8,,,,,,,,
10,9,10,10,,,,,,,,
9,10,9,8,,,,,,,,
10,9,10,10,,,,,,,,
Fighter_928,Fighter_1257,,03/09/2002,r,KO,Judge_189,Judge_392,Judge_582
https://example.com/video
9,10,10,10,,,,,,,,
10,8,9,9,,,,,,,,
10,10,10,10,,,,,,,,
9,8,9,9,,,,,,,,
10,10,10,10,,,,,,,,
9,8,9,9,,,,,,,,
Fighter_414,Fighter_559,,03/10/2002,r,UD,Judge_261,Judge_453,Judge_324
https://example.com/video
10,10,10,10,10,10,10,10,9,10,10,10
9,9,9,9,9,9,9,9,10,9,9,9
9,10,10,10,10,10,10,10,10,10,10,10
10,9,9,9,9,9,9,9,9,9,9,9
10,10,10,9,10,9,10,10,10,10,10,9
9,9,9,10,9,10,9,9,9,9,9,10
Fighter_340,Fighter_179,,03/11/2002,r,UD,Judge_299,Judge_003,Judge_102
https://example.com/video
10,10,10,10,10,9,10,10,10,10,10,10
9,9,9,9,9,10,8,9,9,9,9,9
10,10,10,10,10,9,10,10,10,10,10,9
9,9,9,9,9,10,8,9,9,9,9,10
10,10,10,10,10,10,10,10,10,10,10,10
9,9,9,9,9,9,8,9,9,9,9,9
Fighter_124,Fighter_1169,,03/12/2002,d,SD,Judge_327,Judge_323,Judge_533
https://example.com/video
9,9,9,10,10,9,9,9,10,10,10,10
10,10,10,9,9,10,10,10,9,9,9,9
9,9,9,10,10,9,10,9,10,10,9,9
10,10,10,9,9,10,9,10,9,9,10,10
9,9,9,10,10,9,10,9,10,10,10,10
10,10,10,9,9,10,9,10,9,9,9,9
Fighter_1315,Fighter_1320,,03/13/2002,b,TKO,Judge_490,Judge_340,Judge_618
https://example.com/video
10,8,9,10,10,10,10,10,10,,,
9,10,10,9,9,9,9,8,9,,,
10,8,9,10,10,10,9,10,10,,,
9,10,10,9,9,9,10,7,9,,,
10,8,9,9,9,10,9,10,10,,,
9,10,10,10,10,9,10,8,9,,,
Fighter_400,Fighter_320,,03/14/2002,b,TKO,Judge_478,Judge_315,Judge_375
https://example.com/video
10,,,,,,,,,,,
9,,,,,,,,,,,
9,,,,,,,,,,,
10,,,,,,,,,,,
9,,,,,,,,,,,
10,,,,,,,,,,,
Fighter_104,Fighter_671,,03/15/2002,b,UD,Judge_319,Judge_236,Judge_184
https://example.com/video
10,9,10,10,10,9,10,9,10,9,9,9
9,10,9,9,9,10,9,10,10,10,10,10
9,9,9,10,9,9,10,10,9,9,9,9
10,10,10,9,10,10,9,9,10,10,10,10
10,9,9,10,10,9,10,9,10,9,9,9
9,10,10,9,9,10,9,10,9,10,10,10
Fighter_080,Fighter_1130,,03/16/2002,r,TKO,Judge_225,Judge_117,Judge_577
https://example.com/video
9,9,10,10,9,10,10,,,,,
10,10,9,9,10,9,9,,,,,
9,9,10,10,9,10,10,,,,,
10,10,9,9,10,9,9,,,,,
9,9,9,10,9,10,9,,,,,
10,10,10,9,10,9,10,,,,,
Fighter_625,Fighter_1187,,03/17/2002,r,TKO,Judge_502,Judge_553,Judge_380
https://example.com/video
10,10,10,10,10,10,,,,,,
9,9,9,9,9,9,,,,,,
10,10,10,10,10,10,,,,,,
9,9,9,9,9,9,,,,,,
10,10,10,10,10,10,,,,,,
9,9,9,9,9,9,,,,,,
Fighter_272,Fighter_1226,,03/18/2002,r,UD,Judge_225,Judge_149,Judge_323
https://example.com/video
10,10,10,10,10,10,10,10,10,10,,
9,9,9,9,9,9,9,9,9,9,,
10,10,10,10,10,10,10,10,10,10,,
9,9,9,9,9,9,9,9,9,9,,
10,10,10,10,10,10,10,10,10,10,,
9,9,9,9,9,9,9,9,9,9,,
Fighter_594,Fighter_652,,03/19/2002,r,UD,Judge_342,Judge_373,Judge_052
https://example.com/video
10,10,9,10,10,10,10,10,10,10,10,10
9,9,10,9,9,9,9,9,9,9,9,9
10,10,9,10,10,10,10,9,9,10,10,10
9,9,10,9,9,9,9,10,10,9,9,9
10,10,9,10,10,10,10,10,10,10,10,10
9,9,10,9,9,9,9,9,9,9,9,9
Fighter_272,Fighter_518,,03/20/2002,r,UD,Judge_470,Judge_431,Judge_296
https://example.com/video
8,10,10,10,10,10,10,10,10,9,,
10,9,9,9,9,9,9,9,9,10,,
8,10,10,10,10,10,10,10,10,10,,
10,9,9,9,9,9,9,9,9,9,,
8,10,9,10,10,10,10,10,10,10,,
10,9,10,9,9,9,9,9,9,9,,
Fighter_272,Fighter_444,,03/21/2002,r,UD,Judge_077,Judge_161,Judge_548
https://example.com/video
10,10,10,10,10,10,10,10,10,10,,
9,9,9,9,9,9,9,9,9,9,,
10,10,10,10,10,10,10,10,10,10,,
9,9,9,9,9,9,9,9,9,9,,
10,10,10,10,10,10,10,10,10,10,,
9,9,9,9,9,9,9,9,9,9,,
Fighter_647,Fighter_207,,03/22/2002,r,UD,Judge_065,Judge_483,Judge_400
https://example.com/video
10,10,9,10,10,9,10,10,9,10,10,10
9,9,10,9,9,10,9,9,10,8,9,9
10,9,10,9,10,10,9,10,9,10,9,10
9,10,9,10,9,9,10,9,10,8,10,9
10,10,10,10,9,10,10,10,10,10,9,10
9,9,9,9,10,9,9,9,9,8,10,9
Fighter_448,Fighter_545,,03/23/2002,r,UD,Judge_223,Judge_299,Judge_117
https://example.com/video
10,10,9,9,10,9,10,10,9,9,9,10
9,9,10,9,9,10,9,9,10,10,10,9
10,10,9,9,10,10,10,9,9,10,10,10
9,9,10,9,9,9,9,10,10,9,9,9
10,10,10,8,10,9,10,10,9,10,10,10
9,9,9,10,9,10,9,9,10,9,9,9
Fighter_896,Fighter_1000,,03/24/2002,r,TKO,Judge_104,Judge_247,Judge_230
https://example.com/video
10,10,10,9,10,,,,,,,
9,9,9,10,9,,,,,,,
10,10,10,10,9,,,,,,,
8,9,10,9,10,,,,,,,
10,10,10,10,10,,,,,,,
8,9,9,9,9,,,,,,,
Fighter_1224,Fighter_585,,03/25/2002,r,TKO,Judge_223,Judge_095,Judge_157
https://example.com/video
9,10,9,10,9,9,9,10,10,,,
10,9,10,9,10,10,10,9,9,,,
9,10,9,10,9,9,10,10,10,,,
10,9,10,9,10,10,9,9,9,,,
9,10,9,10,9,9,10,10,10,,,
10,9,10,9,10,10,9,9,10,,,
Fighter_354,Fighter_498,,03/26/2002,r,UD,Judge_440,Judge_453,Judge_286
https://example.com/video
10,10,10,10,10,10,10,10,9,10,10,10
9,9,9,9,9,8,9,9,10,9,9,9
10,10,10,10,10,10,10,10,10,10,10,10
9,9,9,9,9,8,9,9,9,9,9,9
10,10,10,10,10,10,10,10,9,10,10,10
9,9,9,9,9,8,9,9,10,9,9,9
Fighter_176,Fighter_1253,,03/27/2002,r,UD,Judge_186,Judge_390,Judge_548
https://example.com/video
10,10,10,10,10,10,10,10,10,10,,
9,9,9,9,9,9,9,9,9,9,,
10,10,10,10,10,10,10,10,10,10,,
9,9,9,9,9,9,9,9,9,9,,
10,10,10,10,10,10,10,10,10,10,,
9,9,9,9,9,9,9,9,9,9,,
Fighter_1073,Fighter_574,,03/28/2002,r,UD,Judge_225,Judge_194,Judge_149
https://example.com/video
10,10,10,10,9,10,10,9,9,10,9,10
9,9,9,9,10,9,9,10,10,9,10,9
10,10,10,10,9,10,10,10,9,10,10,10
9,9,9,9,10,9,9,9,10,9,9,9
10,10,9,10,10,10,9,10,9,9,10,9
9,9,10,9,9,9,10,9,10,10,9,10
Fighter_1149,Fighter_970,,03/29/2002,r,SD,Judge_383,Judge_471,Judge_418
https://example.com/video
10,10,9,10,9,9,10,10,10,10,9,10
9,9,10,9,10,10,9,9,9,9,10,9
10,9,9,9,9,9,10,10,10,10,10,10
9,10,10,10,10,10,9,9,9,9,9,9
10,9,9,10,9,9,9,10,9,10,9,10
9,10,10,9,10,10,10,9,10,9,10,9
Fighter_296,Fighter_472,,03/30/2002,r,SD,Judge_199,Judge_433,Judge_184
https://example.com/video
10,9,9,10,9,9,9,10,9,9,10,10
9,10,10,9,10,10,10,9,10,10,9,9
10,10,9,9,9,10,10,9,10,10,10,9
9,9,10,10,10,9,9,10,9,9,9,10
10,10,9,10,9,10,10,10,9,9,9,10
9,9,10,9,10,9,9,9,10,10,10,9
Fighter_821,Fighter_1102,,03/31/2002,r,TKO,Judge_444,Judge_433,Judge_081
https://example.com/video
10,10,,,,,,,,,,
9,9,,,,,,,,,,
10,10,,,,,,,,,,
9,9,,,,,,,,,,
10,10,,,,,,,,,,
9,9,,,,,,,,,,
Fighter_497,Fighter_730,,04/01/2002,b,KO,Judge_060,Judge_419,Judge_420
https://example.com/video
9,9,9,9,9,10,9,,,,,
10,10,10,10,10,9,10,,,,,
9,9,9,9,9,9,9,,,,,
10,10,10,10,10,10,10,,,,,
9,9,9,9,9,9,9,,,,,
10,10,10,10,10,10,10,,,,,
Fighter_443,Fighter_848,,04/02/2002,b,TKO,Judge_472,Judge_425,Judge_594
https://example.com/video
10,10,10,10,10,9,9,9,,,,
9,9,9,8,9,10,10,10,,,,
10,10,10,10,10,10,9,9,,,,
8,9,9,8,9,9,10,10,,,,
10,10,10,10,10,10,9,9,,,,
8,9,9,8,9,9,10,10,,,,
Fighter_741,Fighter_802,,04/03/2002,r,TKO,Judge_003,Judge_425,Judge_170
https://example.com/video
10,,,,,,,,,,,
9,,,,,,,,,,,
10,,,,,,,,,,,
9,,,,,,,,,,,
10,,,,,,,,,,,
9,,,,,,,,,,,
Fighter_1247,Fighter_357,,04/04/2002,r,RTD,Judge_030,Judge_559,Judge_041
https://example.com/video
10,10,10,10,10,10,,,,,,
9,9,9,9,9,9,,,,,,
10,10,10,10,10,10,,,,,,
9,9,9,9,9,9,,,,,,
10,10,10,10,10,10,,,,,,
9,9,9,9,9,9,,,,,,
Fighter_936,Fighter_954,,04/05/2002,r,UD,Judge_142,Judge_559,Judge_041
https://example.com/video
10,10,10,10,10,10,10,10,,,,
9,9,9,9,9,9,9,9,,,,
10,10,10,10,10,10,10,10,,,,
9,9,9,9,9,9,9,9,,,,
10,10,10,10,10,10,10,10,,,,
9,9,9,9,9,9,9,9,,,,
Fighter_161,Fighter_1279,,04/06/2002,r,UD,Judge_030,Judge_142,Judge_021
https://example.com/video
10,10,10,10,10,10,,,,,,
9,9,9,9,9,9,,,,,,
10,10,10,10,10,10,,,,,,
9,9,9,9,9,9,,,,,,
10,10,10,10,10,10,,,,,,
9,9,9,9,9,9,,,,,,
Fighter_427,Fighter_148,,04/07/2002,r,UD,Judge_458,Judge_537,Judge_267
https://example.com/video
10,10,10,10,10,10,9,10,10,10,,
9,9,9,9,9,9,10,9,9,9,,
10,10,10,10,10,10,10,10,10,10,,
9,9,9,9,9,9,9,9,9,9,,
9,10,10,10,10,10,10,10,10,10,,
10,9,9,9,9,9,9,9,9,9,,
Fighter_323,Fighter_891,,04/08/2002,r,KO,Judge_384,Judge_017,Judge_186
https://example.com/video
10,10,,,,,,,,,,
8,9,,,,,,,,,,
10,10,,,,,,,,,,
8,9,,,,,,,,,,
10,10,,,,,,,,,,
8,9,,,,,,,,,,
Fighter_987,Fighter_1161,,04/09/2002,r,RTD,Judge_019,Judge_030,Judge_142
https://example.com/video
10,10,10,10,,,,,,,,
9,9,8,8,,,,,,,,
10,10,10,10,,,,,,,,
9,9,8,8,,,,,,,,
10,10,10,10,,,,,,,,
9,9,8,8,,,,,,,,
Fighter_790,Fighter_544,,04/10/2002,r,TKO,Judge_030,Judge_142,Judge_041
https://example.com/video
9,10,8,,,,,,,,,
10,9,10,,,,,,,,,
9,10,8,,,,,,,,,
10,9,10,,,,,,,,,
9,10,8,,,,,,,,,
10,9,10,,,,,,,,,
Fighter_739,Fighter_082,,04/11/2002,r,TKO,Judge_019,Judge_559,Judge_625
https://example.com/video
10,,,,,,,,,,,
9,,,,,,,,,,,
10,,,,,,,,,,,
9,,,,,,,,,,,
10,,,,,,,,,,,
9,,,,,,,,,,,
Fighter_136,Fighter_763,,04/12/2002,r,UD,Judge_019,Judge_041,Judge_021
https://example.com/video
10,10,10,10,10,10,,,,,,
9,9,9,9,8,8,,,,,,
9,9,10,10,10,10,,,,,,
10,10,9,9,8,8,,,,,,
10,10,10,10,10,10,,,,,,
9,9,9,9,8,8,,,,,,
Fighter_548,Fighter_898,,04/13/2002,r,SD,Judge_142,Judge_625,Judge_041
https://example.com/video
10,9,9,9,,,,,,,,
9,10,10,10,,,,,,,,
10,10,10,10,,,,,,,,
9,9,9,9,,,,,,,,
10,10,10,9,,,,,,,,
9,9,9,10,,,,,,,,
Fighter_243,Fighter_1197,,04/14/2002,b,UD,Judge_042,Judge_493,Judge_079
https://example.com/video
9,9,9,10,9,9,10,9,8,9,,
10,10,10,9,10,10,9,10,10,10,,
9,9,9,10,9,9,9,9,8,9,,
10,10,10,9,10,10,10,10,10,10,,
9,9,10,9,9,9,10,9,8,10,,
10,10,9,10,10,10,9,10,10,9,,
Fighter_372,Fighter_132,,04/15/2002,r,UD,Judge_459,Judge_639,Judge_020
https://example.com/video
10,10,10,10,10,10,10,10,10,10,,
9,9,9,9,9,9,9,9,9,9,,
10,10,10,10,10,10,10,10,10,10,,
9,9,9,10,9,9,9,9,9,9,,
10,10,10,10,10,10,10,10,10,10,,
9,9,9,9,9,9,9,9,9,9,,
Fighter_962,Fighter_900,,04/16/2002,b,UD,Judge_459,Judge_019,Judge_267
https://example.com/video
10,8,9,9,8,9,,,,,,
10,10,10,10,10,10,,,,,,
10,9,9,10,9,9,,,,,,
10,9,10,9,9,10,,,,,,
10,8,9,9,9,9,,,,,,
9,10,10,10,9,10,,,,,,
Fighter_088,Fighter_1278,,04/17/2002,r,TKO,Judge_019,Judge_537,Judge_020
https://example.com/video
10,,,,,,,,,,,
9,,,,,,,,,,,
10,,,,,,,,,,,
9,,,,,,,,,,,
10,,,,,,,,,,,
9,,,,,,,,,,,
Fighter_988,Fighter_425,,04/18/2002,r,UD,Judge_459,Judge_458,Judge_020
https://example.com/video
10,10,10,10,10,10,,,,,,
9,9,9,9,9,9,,,,,,
10,10,10,10,10,10,,,,,,
9,9,9,9,9,9,,,,,,
10,10,10,10,10,10,,,,,,
9,9,9,9,9,9,,,,,,
Fighter_1163,Fighter_1319,,04/19/2002,r,UD,Judge_458,Judge_537,Judge_639
https://example.com/video
10,10,10,10,10,10,10,9,10,9,,
9,9,9,9,9,9,9,10,9,10,,
10,9,9,10,9,10,9,10,10,10,,
9,10,10,9,10,9,10,9,9,9,,
9,9,10,10,10,10,10,10,10,9,,
10,10,10,9,9,9,9,9,9,10,,
Fighter_561,Fighter_067,,04/20/2002,r,RTD,Judge_459,Judge_019,Judge_537
https://example.com/video
9,10,9,9,,,,,,,,
10,9,10,10,,,,,,,,
10,10,10,10,,,,,,,,
10,9,9,9,,,,,,,,
9,9,9,9,,,,,,,,
10,10,10,10,,,,,,,,
Fighter_710,Fighter_1074,,04/21/2002,r,SD,Judge_301,Judge_126,Judge_081
https://example.com/video
10,9,9,9,10,10,9,9,10,10,9,9
9,10,10,10,9,9,10,10,9,9,10,10
10,10,9,10,9,10,9,9,10,10,10,9
9,9,10,9,10,9,10,10,9,9,9,10
10,10,10,9,9,10,9,10,10,10,10,10
9,9,9,10,10,9,10,9,9,9,9,9
Fighter_171,Fighter_143,,04/22/2002,d,MD,Judge_458,Judge_537,Judge_020
https://example.com/video
10,10,10,10,9,9,,,,,,
9,9,9,9,10,10,,,,,,
9,10,10,10,9,9,,,,,,
10,9,9,9,10,10,,,,,,
9,10,10,10,9,9,,,,,,
10,9,9,9,10,10,,,,,,
Fighter_901,Fighter_423,,04/23/2002,r,UD,Judge_458,Judge_020,Judge_267
https://example.com/video
10,10,10,10,,,,,,,,
9,9,9,9,,,,,,,,
10,10,10,10,,,,,,,,
9,9,9,9,,,,,,,,
10,10,10,10,,,,,,,,
9,9,9,9,,,,,,,,
Fighter_1013,Fighter_1194,,04/24/2002,r,KO,Judge_384,Judge_017,Judge_186
https://example.com/video
10,10,,,,,,,,,,
9,9,,,,,,,,,,
10,10,,,,,,,,,,
9,9,,,,,,,,,,
10,10,,,,,,,,,,
9,9,,,,,,,,,,
Fighter_1324,Fighter_151,,04/25/2002,b,TKO,Judge_537,Judge_031,Judge_041
https://example.com/video
10,10,10,10,9,,,,,,,
9,9,9,9,10,,,,,,,
10,10,10,10,9,,,,,,,
9,9,9,9,10,,,,,,,
10,10,10,10,10,,,,,,,
9,9,9,9,9,,,,,,,
Fighter_1043,Fighter_574,,04/26/2002,r,KO,Judge_577,Judge_382,Judge_594
https://example.com/video
10,9,10,10,10,,,,,,,
9,10,9,9,9,,,,,,,
10,9,10,10,9,,,,,,,
9,10,9,9,10,,,,,,,
9,9,10,10,9,,,,,,,
10,10,9,9,10,,,,,,,
Fighter_356,Fighter_1205,,04/27/2002,r,UD,Judge_142,Judge_165,Judge_625
https://example.com/video
10,9,10,10,10,10,,,,,,
9,10,9,9,9,9,,,,,,
10,10,10,10,9,10,,,,,,
9,9,9,9,10,9,,,,,,
10,10,10,10,9,10,,,,,,
9,9,9,9,10,9,,,,,,
Fighter_156,Fighter_920,,04/28/2002,r,KO,Judge_384,Judge_077,Judge_270
https://example.com/video
10,10,,,,,,,,,,
9,9,,,,,,,,,,
10,10,,,,,,,,,,
9,9,,,,,,,,,,
10,10,,,,,,,,,,
9,9,,,,,,,,,,
Fighter_477,Fighter_772,,04/29/2002,r,UD,Judge_019,Judge_639,Judge_031
https://example.com/video
10,10,10,10,,,,,,,,
9,9,9,8,,,,,,,,
10,10,10,10,,,,,,,,
9,9,9,8,,,,,,,,
10,10,10,10,,,,,,,,
9,9,9,8,,,,,,,,
Fighter_1211,Fighter_436,,04/30/2002,r,UD,Judge_458,Judge_019,Judge_031
https://example.com/video
10,10,10,10,,,,,,,,
9,9,9,9,,,,,,,,
10,10,10,10,,,,,,,,
9,9,9,9,,,,,,,,
10,10,10,10,,,,,,,,
9,9,9,9,,,,,,,,
Fighter_450,Fighter_446,,05/01/2002,r,UD,Judge_170,Judge_594,Judge_090
https://example.com/video
10,10,10,10,,,,,,,,
9,9,9,9,,,,,,,,
10,10,10,10,,,,,,,,
9,9,9,9,,,,,,,,
10,10,10,10,,,,,,,,
9,9,9,9,,,,,,,,
Fighter_154,Fighter_1200,,05/02/2002,r,TKO,Judge_620,Judge_142,Judge_264
https://example.com/video
10,10,10,10,10,10,10,10,,,,
9,9,9,9,9,9,9,9,,,,
10,10,10,10,10,10,10,10,,,,
9,9,9,9,9,9,9,9,,,,
10,10,10,10,10,10,10,10,,,,
9,9,9,9,9,9,9,9,,,,
Fighter_1275,Fighter_1305,,05/03/2002,d,SD,Judge_537,Judge_265,Judge_264
https://example.com/video
9,9,10,9,9,10,9,10,,,,
10,10,9,10,10,9,10,9,,,,
10,9,10,10,9,10,9,10,,,,
9,10,9,9,10,9,10,9,,,,
10,9,9,10,9,10,9,10,,,,
9,10,10,9,10,9,10,9,,,,
Fighter_424,Fighter_956,,05/04/2002,r,TKO,Judge_537,Judge_557,Judge_265
https://example.com/video
10,10,10,10,10,10,,,,,,
9,9,9,9,9,9,,,,,,
10,10,10,10,10,10,,,,,,
9,9,9,9,9,9,,,,,,
10,10,10,10,10,10,,,,,,
9,9,9,9,9,9,,,,,,
Fighter_948,Fighter_059,,05/05/2002,r,UD,Judge_620,Judge_557,Judge_142
https://example.com/video
10,10,10,10,10,10,,,,,,
9,9,9,9,9,9,,,,,,
10,10,10,10,10,10,,,,,,
9,9,9,9,9,9,,,,,,
10,10,10,10,10,10,,,,,,
9,9,9,9,9,9,,,,,,
Fighter_018,Fighter_600,,05/06/2002,r,MD,Judge_472,Judge_117,Judge_425
https://example.com/video
9,9,9,10,10,10,10,10,9,10,,
10,10,10,9,9,9,9,9,10,9,,
9,9,9,10,10,10,10,10,9,9,,
10,10,10,9,9,9,9,9,10,10,,
9,9,9,10,10,10,10,10,10,10,,
10,10,10,9,9,9,9,9,9,9,,
Fighter_1235,Fighter_206,,05/07/2002,r,UD,Judge_225,Judge_170,Judge_090
https://example.com/video
10,10,10,10,,,,,,,,
9,9,9,9,,,,,,,,
10,10,10,10,,,,,,,,
9,9,9,9,,,,,,,,
10,10,10,10,,,,,,,,
9,9,9,9,,,,,,,,
Fighter_272,Fighter_836,,05/08/2002,r,UD,Judge_424,Judge_533,Judge_484
https://example.com/video
10,10,10,10,10,10,10,10,10,10,,
9,9,9,9,9,9,9,9,9,9,,
10,10,10,10,10,10,10,10,10,10,,
9,9,9,9,9,9,9,9,9,9,,
10,10,10,10,10,10,10,10,10,10,,
9,9,9,9,9,9,9,9,9,9,,
Fighter_009,Fighter_428,,05/09/2002,r,UD,Judge_537,Judge_265,Judge_264
https://example.com/video
10,10,10,10,,,,,,,,
9,9,9,9,,,,,,,,
10,10,10,10,,,,,,,,
9,9,9,9,,,,,,,,
10,10,10,10,,,,,,,,
9,9,9,9,,,,,,,,
Fighter_166,Fighter_546,,05/10/2002,r,UD,Judge_267,Judge_142,Judge_265
https://example.com/video
10,10,10,10,,,,,,,,
9,9,9,9,,,,,,,,
10,10,10,10,,,,,,,,
9,9,9,9,,,,,,,,
10,10,9,10,,,,,,,,
9,9,10,9,,,,,,,,
Fighter_169,Fighter_1262,,05/11/2002,r,MD,Judge_267,Judge_142,Judge_265
https://example.com/video
10,10,9,10,,,,,,,,
9,9,10,9,,,,,,,,
9,10,9,10,,,,,,,,
10,9,10,9,,,,,,,,
10,10,9,10,,,,,,,,
9,9,10,9,,,,,,,,
Fighter_1143,Fighter_735,,05/12/2002,b,RTD,Judge_479,Judge_636,Judge_140
https://example.com/video
9,9,9,9,9,9,,,,,,
10,10,10,10,10,10,,,,,,
9,9,9,9,9,9,,,,,,
10,10,10,10,10,10,,,,,,
9,9,9,9,9,9,,,,,,
10,10,10,10,10,10,,,,,,
Fighter_422,Fighter_1184,,05/13/2002,b,UD,Judge_636,Judge_154,Judge_593
https://example.com/video
9,9,9,9,9,9,9,9,,,,
10,10,10,10,10,10,10,10,,,,
9,9,9,9,10,9,9,9,,,,
10,10,10,10,9,10,10,10,,,,
9,9,9,9,9,9,9,9,,,,
10,10,10,10,10,10,10,10,,,,
Fighter_1250,Fighter_005,,05/14/2002,b,TKO,Judge_636,Judge_140,Judge_154
https://example.com/video
9,9,8,9,,,,,,,,
10,10,10,10,,,,,,,,
9,9,8,9,,,,,,,,
10,10,10,10,,,,,,,,
9,9,8,9,,,,,,,,
10,10,10,10,,,,,,,,
Fighter_403,Fighter_1140,,05/15/2002,r,UD,Judge_577,Judge_382,Judge_594
https://example.com/video
10,10,10,10,,,,,,,,
9,9,9,9,,,,,,,,
10,10,10,10,,,,,,,,
9,9,9,9,,,,,,,,
10,10,10,10,,,,,,,,
9,9,9,9,,,,,,,,
Fighter_1101,Fighter_168,,05/16/2002,b,UD,Judge_636,Judge_154,Judge_593
https://example.com/video
9,9,9,9,9,9,,,,,,
10,10,10,10,10,10,,,,,,
9,9,9,9,9,9,,,,,,
10,10,10,10,10,10,,,,,,
9,9,9,9,9,9,,,,,,
10,10,10,10,10,10,,,,,,
Fighter_262,Fighter_845,,05/17/2002,b,UD,Judge_444,Judge_311,Judge_173
https://example.com/video
10,9,9,9,,,,,,,,
9,10,10,10,,,,,,,,
9,9,9,9,,,,,,,,
10,10,10,10,,,,,,,,
10,9,9,9,,,,,,,,
9,10,10,10,,,,,,,,
Fighter_964,Fighter_706,,05/18/2002,r,UD,Judge_069,Judge_199,Judge_110
https://example.com/video
10,9,10,10,10,10,10,10,,,,
9,10,9,9,9,9,9,9,,,,
10,10,10,10,10,9,10,10,,,,
9,9,9,9,9,10,9,9,,,,
10,10,10,10,10,9,9,10,,,,
9,9,9,9,9,10,10,9,,,,
Fighter_487,Fighter_371,,05/19/2002,r,UD,Judge_425,Judge_539,Judge_368
https://example.com/video
10,10,10,10,10,10,,,,,,
9,9,9,9,9,9,,,,,,
10,10,10,10,10,10,,,,,,
9,9,9,9,9,9,,,,,,
10,10,10,10,10,10,,,,,,
9,9,9,9,9,9,,,,,,
Fighter_690,Fighter_529,,05/20/2002,r,UD,Judge_225,Judge_472,Judge_382
https://example.com/video
9,10,10,10,10,9,10,10,10,10,,
10,9,9,9,9,10,9,9,9,9,,
10,10,9,10,10,9,10,10,10,10,,
9,9,10,9,9,10,9,9,9,9,,
9,10,10,10,10,9,10,10,10,10,,
10,9,9,9,9,10,9,9,9,9,,
Fighter_297,Fighter_157,,05/21/2002,r,UD,Judge_405,Judge_463,Judge_613
https://example.com/video
10,10,10,10,10,10,,,,,,
9,9,9,9,9,9,,,,,,
10,10,10,10,10,10,,,,,,
9,9,9,9,9,9,,,,,,
10,10,10,10,10,10,,,,,,
9,9,9,9,9,9,,,,,,
Fighter_1131,Fighter_1250,,05/22/2002,b,KO,Judge_537,Judge_639,Judge_022
https://example.com/video
9,,,,,,,,,,,
10,,,,,,,,,,,
9,,,,,,,,,,,
10,,,,,,,,,,,
9,,,,,,,,,,,
10,,,,,,,,,,,
Fighter_505,Fighter_633,,05/23/2002,r,TKO,Judge_019,Judge_020,Judge_559
https://example.com/video
10,10,10,10,10,,,,,,,
8,9,9,9,9,,,,,,,
10,10,10,10,10,,,,,,,
8,9,9,9,9,,,,,,,
10,10,10,10,10,,,,,,,
8,9,9,9,9,,,,,,,
Fighter_110,Fighter_955,,05/24/2002,b,UD,Judge_619,Judge_256,Judge_577
https://example.com/video
9,9,9,10,10,10,9,10,9,9,9,9
10,10,10,9,9,9,10,10,10,10,10,10
10,10,9,9,10,10,9,10,9,9,9,9
9,9,10,10,9,9,10,9,10,10,10,10
9,10,9,9,10,10,9,10,9,9,9,9
10,9,10,10,9,9,10,9,10,10,10,10
Fighter_1234,Fighter_361,,05/25/2002,r,UD,Judge_146,Judge_251,Judge_284
https://example.com/video
10,10,10,10,10,10,,,,,,
9,9,9,9,9,9,,,,,,
10,10,10,10,10,10,,,,,,
9,9,9,9,9,9,,,,,,
10,10,10,10,10,10,,,,,,
9,9,9,9,9,9,,,,,,
Fighter_034,Fighter_726,,05/26/2002,r,UD,Judge_251,Judge_126,Judge_284
https://example.com/video
10,10,10,10,10,10,10,10,,,,
9,9,9,9,9,9,9,9,,,,
10,10,10,10,10,10,10,10,,,,
9,9,9,9,9,9,9,9,,,,
10,10,10,10,10,10,10,10,,,,
9,9,9,9,9,9,9,9,,,,
Fighter_370,Fighter_828,,05/27/2002,r,UD,Judge_472,Judge_515,Judge_170
https://example.com/video
10,10,10,10,9,9,10,10,8,10,,
9,9,9,9,10,10,9,9,10,9,,
10,10,10,10,9,9,10,10,8,10,,
9,9,9,9,10,10,9,9,10,9,,
10,10,10,10,9,9,10,10,8,10,,
9,9,9,9,10,10,9,9,10,9,,
Fighter_278,Fighter_255,,05/28/2002,r,KO,Judge_483,Judge_256,Judge_294
https://example.com/video
10,10,10,,,,,,,,,
9,8,9,,,,,,,,,
10,10,10,,,,,,,,,
9,8,9,,,,,,,,,
10,10,10,,,,,,,,,
9,8,9,,,,,,,,,
Fighter_780,Fighter_1034,,05/29/2002,r,UD,Judge_631,Judge_286,Judge_612
https://example.com/video
10,10,9,9,10,10,10,10,10,10,,
9,9,10,10,9,9,9,9,9,9,,
10,10,10,10,10,10,10,10,10,10,,
9,9,9,9,9,9,9,9,9,9,,
10,10,10,10,9,10,10,9,10,10,,
9,9,9,9,10,9,9,10,9,9,,
Fighter_359,Fighter_922,,05/30/2002,r,TKO,Judge_444,Judge_307,Judge_562
https://example.com/video
10,10,,,,,,,,,,
9,9,,,,,,,,,,
10,10,,,,,,,,,,
9,9,,,,,,,,,,
10,10,,,,,,,,,,
9,9,,,,,,,,,,
Fighter_1220,Fighter_106,,05/31/2002,r,UD,Judge_069,Judge_444,Judge_307
https://example.com/video
10,10,10,10,,,,,,,,
9,9,9,9,,,,,,,,
10,9,10,10,,,,,,,,
8,10,9,9,,,,,,,,
10,10,10,10,,,,,,,,
9,9,9,9,,,,,,,,
Fighter_240,Fighter_904,,06/01/2002,r,UD,Judge_069,Judge_444,Judge_307
https://example.com/video
10,10,10,8,8,10,10,10,10,10,,
8,9,9,10,10,9,9,9,9,9,,
10,10,9,8,8,10,10,9,10,10,,
8,9,10,10,10,9,9,10,9,9,,
10,10,10,8,9,10,10,10,9,9,,
8,9,9,10,9,9,9,9,10,10,,
Fighter_1027,Fighter_619,,06/02/2002,r,KO,Judge_472,Judge_425,Judge_382
https://example.com/video
10,10,,,,,,,,,,
9,9,,,,,,,,,,
10,10,,,,,,,,,,
9,9,,,,,,,,,,
10,10,,,,,,,,,,
9,9,,,,,,,,,,
Fighter_915,Fighter_112,,06/03/2002,r,TKO,Judge_444,Judge_307,Judge_381
https://example.com/video
10,10,10,,,,,,,,,
9,9,9,,,,,,,,,
10,10,10,,,,,,,,,
9,9,9,,,,,,,,,
10,10,10,,,,,,,,,
9,9,9,,,,,,,,,
Fighter_609,Fighter_991,,06/04/2002,r,TKO,Judge_069,Judge_307,Judge_381
https://example.com/video
10,10,,,,,,,,,,
8,8,,,,,,,,,,
10,10,,,,,,,,,,
8,7,,,,,,,,,,
10,10,,,,,,,,,,
8,7,,,,,,,,,,
Fighter_1166,Fighter_301,,06/05/2002,r,UD,Judge_440,Judge_450,Judge_473
https://example.com/video
10,10,10,10,10,10,10,10,10,10,10,10
9,9,9,9,9,9,9,9,9,9,9,9
10,10,10,10,10,10,9,10,10,10,10,10
9,9,9,9,9,9,10,9,9,9,9,9
10,10,10,10,10,10,10,10,10,10,10,10
9,9,9,9,9,9,9,9,9,9,9,9
Fighter_323,Fighter_734,,06/06/2002,r,TKO,Judge_470,Judge_410,Judge_122
https://example.com/video
10,10,10,,,,,,,,,
9,9,8,,,,,,,,,
10,10,10,,,,,,,,,
9,9,8,,,,,,,,,
10,10,10,,,,,,,,,
9,9,9,,,,,,,,,
Fighter_405,Fighter_364,,06/07/2002,r,UD,Judge_332,Judge_160,Judge_106
https://example.com/video
10,10,10,10,10,10,,,,,,
9,9,9,9,9,9,,,,,,
10,10,10,10,10,10,,,,,,
9,9,9,9,9,9,,,,,,
10,10,10,10,10,10,,,,,,
9,9,9,9,9,9,,,,,,
Fighter_433,Fighter_612,,06/08/2002,b,UD,Judge_069,Judge_444,Judge_278
https://example.com/video
10,10,10,9,9,10,9,9,8,9,9,9
9,9,9,10,10,9,10,10,10,10,10,10
10,10,10,10,9,10,9,9,8,10,9,9
9,9,9,9,10,9,10,10,10,9,10,10
10,10,10,9,10,9,9,9,8,10,9,9
9,9,9,10,9,10,10,10,10,9,10,10
Fighter_146,Fighter_648,,06/09/2002,r,TKO,Judge_194,Judge_577,Judge_338
https://example.com/video
10,,,,,,,,,,,
8,,,,,,,,,,,
10,,,,,,,,,,,
8,,,,,,,,,,,
10,,,,,,,,,,,
8,,,,,,,,,,,
Fighter_868,Fighter_271,,06/10/2002,r,SD,Judge_278,Judge_307,Judge_599
https://example.com/video
9,9,10,9,10,9,9,10,,,,
10,10,9,10,9,10,10,9,,,,
9,10,10,10,10,9,10,10,,,,
10,9,9,9,9,10,9,9,,,,
9,9,10,10,10,9,10,10,,,,
10,10,9,9,9,10,9,9,,,,
Fighter_087,Fighter_049,,06/11/2002,r,RTD,Judge_029,Judge_068,Judge_415
https://example.com/video
10,10,,,,,,,,,,
9,9,,,,,,,,,,
10,10,,,,,,,,,,
9,9,,,,,,,,,,
10,10,,,,,,,,,,
9,9,,,,,,,,,,
Fighter_306,Fighter_678,,06/12/2002,r,MD,Judge_225,Judge_609,Judge_629
https://example.com/video
9,9,10,10,10,10,10,9,9,10,10,10
10,10,9,9,9,9,9,10,10,9,9,9
10,9,10,10,10,10,10,9,9,10,10,10
9,10,9,9,9,9,9,10,10,9,9,9
9,9,10,9,10,10,10,9,9,10,9,10
10,10,9,10,9,9,9,10,10,9,10,9
Fighter_780,Fighter_101,,06/13/2002,r,UD,Judge_471,Judge_500,Judge_641
https://example.com/video
10,9,9,10,10,10,10,10,10,9,9,10
9,10,10,9,9,9,9,9,9,10,10,9
9,10,10,10,10,10,10,10,9,9,10,9
10,9,9,9,9,9,9,9,10,10,9,10
9,10,10,10,10,10,10,10,10,9,10,9
10,9,9,9,9,9,9,9,9,10,9,10
Fighter_955,Fighter_110,,06/14/2002,r,SD,Judge_619,Judge_225,Judge_574
https://example.com/video
10,9,10,10,9,9,10,10,9,10,10,10
9,10,9,9,10,10,9,9,10,9,9,9
9,9,9,10,9,9,10,10,9,10,10,9
10,10,10,9,10,10,9,9,10,9,9,10
10,9,9,10,10,9,10,9,9,10,10,10
9,10,10,9,9,10,9,10,10,9,9,9
Fighter_211,Fighter_107,,06/15/2002,r,KO,Judge_577,Judge_533,Judge_363
https://example.com/video
10,10,10,10,10,10,10,10,,,,
9,9,9,9,9,9,9,9,,,,
10,10,10,9,10,10,10,10,,,,
9,9,9,10,9,9,9,9,,,,
10,10,10,10,9,10,10,10,,,,
9,9,9,9,10,9,9,9,,,,
Fighter_1282,Fighter_564,,06/16/2002,r,KO,Judge_143,Judge_626,Judge_559
https://example.com/video
10,10,10,10,,,,,,,,
9,9,9,7,,,,,,,,
10,10,10,10,,,,,,,,
9,9,9,7,,,,,,,,
10,10,10,10,,,,,,,,
9,9,9,7,,,,,,,,
Fighter_1272,Fighter_1061,,06/17/2002,r,TKO,Judge_557,Judge_143,Judge_626
https://example.com/video
10,10,10,10,10,,,,,,,
9,9,9,9,9,,,,,,,
10,10,10,10,10,,,,,,,
9,9,9,9,9,,,,,,,
10,10,10,10,10,,,,,,,
9,9,9,9,9,,,,,,,
Fighter_151,Fighter_109,,06/18/2002,r,KO,Judge_143,Judge_626,Judge_559
https://example.com/video
10,10,,,,,,,,,,
9,9,,,,,,,,,,
10,10,,,,,,,,,,
9,9,,,,,,,,,,
10,9,,,,,,,,,,
9,10,,,,,,,,,,
Fighter_029,Fighter_334,,06/19/2002,r,TKO,Judge_030,Judge_559,Judge_445
https://example.com/video
9,9,10,9,9,9,9,9,,,,
10,10,9,10,10,10,10,10,,,,
10,9,10,10,9,10,10,10,,,,
9,10,9,9,10,9,9,9,,,,
10,9,10,10,9,10,10,10,,,,
9,10,9,9,10,9,9,9,,,,
Fighter_1248,Fighter_325,,06/20/2002,r,UD,Judge_019,Judge_559,Judge_445
https://example.com/video
10,10,9,10,10,10,10,10,,,,
9,9,10,9,9,9,9,9,,,,
10,10,10,10,10,10,10,10,,,,
9,9,9,9,9,9,9,9,,,,
10,10,10,10,10,10,10,10,,,,
9,9,9,9,9,9,9,9,,,,
Fighter_135,Fighter_372,,06/21/2002,b,UD,Judge_019,Judge_030,Judge_445
https://example.com/video
9,9,9,9,9,9,9,9,,,,
10,10,10,10,10,10,10,10,,,,
9,9,9,9,9,9,9,9,,,,
10,10,10,10,10,10,10,10,,,,
9,9,9,9,10,9,9,9,,,,
10,10,10,10,9,10,10,10,,,,
Fighter_440,Fighter_435,,06/22/2002,r,UD,Judge_459,Judge_041,Judge_263
https://example.com/video
10,10,10,10,10,10,9,10,10,9,,
9,9,9,9,9,9,9,9,10,9,,
10,10,10,10,10,10,10,10,10,10,,
9,9,9,9,9,9,8,9,9,8,,
10,10,10,10,10,10,10,10,10,10,,
9,9,9,9,9,9,8,9,9,8,,
Fighter_058,Fighter_1155,,06/23/2002,r,RTD,Judge_459,Judge_267,Judge_263
https://example.com/video
10,10,10,10,,,,,,,,
9,9,9,9,,,,,,,,
10,10,10,10,,,,,,,,
9,9,9,9,,,,,,,,
10,10,10,10,,,,,,,,
9,9,8,9,,,,,,,,
Fighter_1087,Fighter_1210,,06/24/2002,r,TKO,Judge_459,Judge_458,Judge_263
https://example.com/video
10,,,,,,,,,,,
9,,,,,,,,,,,
10,,,,,,,,,,,
9,,,,,,,,,,,
10,,,,,,,,,,,
8,,,,,,,,,,,
Fighter_730,Fighter_456,,06/25/2002,r,UD,Judge_351,Judge_611,Judge_008
https://example.com/video
10,10,10,9,10,10,10,10,9,10,,
9,9,9,10,9,9,8,9,10,9,,
10,9,10,10,9,10,10,9,10,10,,
9,10,9,9,10,9,8,10,9,9,,
10,9,10,10,10,10,10,10,10,10,,
9,10,9,9,9,9,8,9,9,9,,
Fighter_272,Fighter_1116,,06/26/2002,r,UD,Judge_194,Judge_388,Judge_574
https://example.com/video
10,10,10,10,10,9,9,10,10,9,,
9,9,9,9,9,10,10,9,9,10,,
10,10,9,10,10,9,10,10,9,10,,
9,9,10,9,9,10,9,9,10,9,,
9,10,10,10,9,9,9,10,10,10,,
10,9,9,9,10,10,10,9,9,9,,
Fighter_343,Fighter_514,,06/27/2002,r,UD,Judge_292,Judge_404,Judge_240
https://example.com/video
10,10,10,10,10,10,,,,,,
9,9,9,9,9,9,,,,,,
10,10,10,10,10,10,,,,,,
9,9,9,9,9,9,,,,,,
10,10,10,10,10,10,,,,,,
9,9,9,9,9,9,,,,,,
Fighter_1145,Fighter_052,,06/28/2002,r,RTD,Judge_458,Judge_041,Judge_263
https://example.com/video
10,8,10,,,,,,,,,
9,9,8,,,,,,,,,
10,8,10,,,,,,,,,
9,9,8,,,,,,,,,
10,8,10,,,,,,,,,
8,9,8,,,,,,,,,
Fighter_217,Fighter_192,,06/29/2002,b,SD,Judge_542,Judge_590,Judge_307
https://example.com/video
10,9,9,10,10,9,9,10,9,9,,
9,10,10,9,9,10,10,9,10,10,,
10,9,9,10,10,10,10,9,10,10,,
9,10,10,9,9,9,9,10,9,9,,
9,10,9,10,9,9,10,9,9,10,,
10,9,10,9,10,10,9,10,10,9,,
Fighter_736,Fighter_604,,06/30/2002,r,UD,Judge_069,Judge_542,Judge_590
https://example.com/video
10,10,10,10,10,10,10,10,,,,
9,9,9,9,9,9,9,8,,,,
10,10,10,10,10,10,10,10,,,,
9,9,9,9,9,9,9,8,,,,
10,10,10,10,10,10,10,10,,,,
9,9,9,9,9,9,9,8,,,,
Fighter_710,Fighter_1074,,07/01/2002,r,MD,Judge_131,Judge_092,Judge_594
https://example.com/video
10,10,10,10,10,9,9,9,9,9,10,10
9,9,9,9,9,10,10,10,10,10,9,9
10,10,10,10,10,9,9,9,9,9,9,10
9,9,9,9,9,10,10,10,10,10,10,9
10,10,9,10,10,10,9,9,10,9,10,10
9,9,10,9,9,9,10,10,9,10,9,9
Fighter_033,Fighter_1040,,07/02/2002,r,UD,Judge_030,Judge_559,Judge_141
https://example.com/video
10,10,10,10,10,10,10,10,10,10,,
9,9,9,9,9,9,9,9,9,9,,
10,10,10,10,10,10,10,10,10,9,,
9,9,9,9,9,9,9,9,9,10,,
10,10,10,9,10,10,10,10,10,10,,
9,9,9,10,9,9,9,9,9,9,,
Fighter_934,Fighter_827,,07/03/2002,r,TKO,Judge_620,Judge_265,Judge_264
https://example.com/video
10,10,,,,,,,,,,
9,8,,,,,,,,,,
10,10,,,,,,,,,,
9,8,,,,,,,,,,
10,10,,,,,,,,,,
9,8,,,,,,,,,,
Fighter_335,Fighter_337,,07/04/2002,r,TKO,Judge_557,Judge_142,Judge_264
https://example.com/video
10,10,10,,,,,,,,,
9,9,8,,,,,,,,,
10,10,10,,,,,,,,,
9,9,8,,,,,,,,,
10,10,10,,,,,,,,,
9,9,8,,,,,,,,,
Fighter_987,Fighter_012,,07/05/2002,r,UD,Judge_142,Judge_265,Judge_264
https://example.com/video
9,10,9,10,10,10,9,10,10,10,,
10,9,10,9,9,9,10,9,9,9,,
10,10,10,10,10,10,9,10,10,10,,
9,9,9,9,9,9,10,9,9,9,,
10,10,9,10,10,10,9,10,9,10,,
9,9,10,9,9,9,10,9,10,9,,
Fighter_1133,Fighter_1100,,07/06/2002,r,SD,Judge_537,Judge_265,Judge_264
https://example.com/video
9,9,10,9,9,9,9,10,,,,
10,10,9,10,10,10,10,9,,,,
10,10,10,10,9,10,10,10,,,,
9,9,9,9,10,9,9,9,,,,
10,9,10,9,10,10,9,10,,,,
9,10,9,10,9,9,10,9,,,,
Fighter_1245,Fighter_048,,07/07/2002,r,TKO,Judge_557,Judge_142,Judge_265
https://example.com/video
10,10,10,10,,,,,,,,
9,9,9,9,,,,,,,,
10,10,10,10,,,,,,,,
9,9,9,9,,,,,,,,
10,10,10,10,,,,,,,,
9,9,9,9,,,,,,,,
Fighter_332,Fighter_762,,07/08/2002,b,TKO,Judge_620,Judge_537,Judge_265
https://example.com/video
10,9,10,10,10,,,,,,,
9,10,9,9,9,,,,,,,
10,10,10,9,10,,,,,,,
9,9,9,10,9,,,,,,,
10,10,10,10,10,,,,,,,
9,9,9,9,9,,,,,,,
Fighter_1251,Fighter_319,,07/09/2002,r,TKO,Judge_019,Judge_021,Judge_141
https://example.com/video
9,9,9,10,10,,,,,,,
10,10,10,8,8,,,,,,,
9,9,9,10,10,,,,,,,
10,10,10,8,8,,,,,,,
10,9,9,10,10,,,,,,,
9,10,10,8,8,,,,,,,
Fighter_995,Fighter_026,,07/10/2002,r,UD,Judge_559,Judge_021,Judge_141
https://example.com/video
10,10,10,9,10,10,10,10,,,,
9,9,9,10,9,9,9,9,,,,
10,10,10,10,10,10,10,10,,,,
9,9,9,9,9,9,9,9,,,,
10,10,10,9,10,10,10,10,,,,
9,9,9,10,9,9,9,9,,,,
Fighter_1018,Fighter_952,,07/11/2002,b,KO,Judge_559,Judge_021,Judge_141
https://example.com/video
9,9,10,9,,,,,,,,
10,10,9,10,,,,,,,,
9,10,9,9,,,,,,,,
10,9,10,10,,,,,,,,
9,9,9,9,,,,,,,,
10,10,10,10,,,,,,,,
Fighter_1249,Fighter_494,,07/12/2002,r,TKO,Judge_019,Judge_021,Judge_141
https://example.com/video
10,10,10,10,,,,,,,,
9,9,9,9,,,,,,,,
10,10,10,10,,,,,,,,
9,9,9,9,,,,,,,,
10,10,10,10,,,,,,,,
9,9,9,9,,,,,,,,
Fighter_1304,Fighter_059,,07/13/2002,r,UD,Judge_019,Judge_559,Judge_141
https://example.com/video
10,10,10,10,,,,,,,,
9,8,9,9,,,,,,,,
10,10,10,10,,,,,,,,
9,8,9,9,,,,,,,,
10,10,10,10,,,,,,,,
9,8,9,9,,,,,,,,
Fighter_103,Fighter_1319,,07/14/2002,r,RTD,Judge_030,Judge_559,Judge_141
https://example.com/video
10,10,,,,,,,,,,
9,9,,,,,,,,,,
10,10,,,,,,,,,,
9,9,,,,,,,,,,
10,10,,,,,,,,,,
9,9,,,,,,,,,,
Fighter_177,Fighter_392,,07/15/2002,r,UD,Judge_030,Judge_021,Judge_141
https://example.com/video
10,10,10,10,,,,,,,,
9,9,9,9,,,,,,,,
10,10,10,10,,,,,,,,
9,9,9,9,,,,,,,,
10,10,10,10,,,,,,,,
9,9,9,10,,,,,,,,
Fighter_859,Fighter_1261,,07/16/2002,r,TKO,Judge_019,Judge_021,Judge_141
https://example.com/video
10,10,,,,,,,,,,
9,8,,,,,,,,,,
10,10,,,,,,,,,,
9,8,,,,,,,,,,
10,10,,,,,,,,,,
9,8,,,,,,,,,,
Fighter_512,Fighter_055,,07/17/2002,r,TKO,Judge_019,Judge_030,Judge_021
https://example.com/video
10,10,10,,,,,,,,,
9,9,9,,,,,,,,,
10,10,10,,,,,,,,,
9,9,9,,,,,,,,,
10,10,10,,,,,,,,,
9,9,9,,,,,,,,,
Fighter_429,Fighter_147,,07/18/2002,r,UD,Judge_537,Judge_557,Judge_142
https://example.com/video
9,10,10,10,10,10,10,10,10,10,,
10,9,9,9,9,7,9,9,9,9,,
10,10,10,10,10,10,10,10,10,10,,
9,9,9,9,9,7,9,9,9,9,,
10,10,10,10,10,10,10,10,9,10,,
9,9,9,9,9,7,9,9,10,9,,
Fighter_393,Fighter_908,,07/19/2002,r,SD,Judge_620,Judge_142,Judge_264
https://example.com/video
9,8,10,10,9,9,10,10,9,9,,
10,10,9,9,10,10,9,9,10,10,,
10,8,10,10,9,10,10,10,9,10,,
9,10,9,9,10,9,9,9,10,9,,
10,8,9,10,10,10,10,10,9,10,,
9,10,10,9,9,9,9,9,10,9,,
Fighter_543,Fighter_1111,,07/20/2002,r,RTD,Judge_620,Judge_265,Judge_264
https://example.com/video
10,10,,,,,,,,,,
9,9,,,,,,,,,,
10,10,,,,,,,,,,
9,9,,,,,,,,,,
10,10,,,,,,,,,,
9,9,,,,,,,,,,
Fighter_567,Fighter_161,,07/21/2002,r,UD,Judge_537,Judge_267,Judge_557
https://example.com/video
10,10,10,10,10,10,10,10,10,10,,
9,9,9,9,9,9,9,9,9,9,,
10,10,10,10,10,10,10,10,10,10,,
9,9,9,9,9,9,9,9,9,9,,
10,10,10,10,10,10,10,10,10,10,,
9,9,9,9,9,9,9,9,9,9,,
Fighter_490,Fighter_1259,,07/22/2002,r,RTD,Judge_557,Judge_265,Judge_264
https://example.com/video
10,10,10,10,,,,,,,,
9,9,9,8,,,,,,,,
10,10,10,10,,,,,,,,
9,9,9,8,,,,,,,,
10,10,10,10,,,,,,,,
9,9,9,8,,,,,,,,
Fighter_1117,Fighter_008,,07/23/2002,r,KO,Judge_537,Judge_557,Judge_265
https://example.com/video
10,10,,,,,,,,,,
9,8,,,,,,,,,,
10,10,,,,,,,,,,
9,8,,,,,,,,,,
10,10,,,,,,,,,,
9,8,,,,,,,,,,
Fighter_185,Fighter_143,,07/24/2002,r,UD,Judge_142,Judge_265,Judge_264
https://example.com/video
10,10,10,10,10,10,10,10,,,,
9,9,9,9,9,9,9,9,,,,
10,10,10,10,10,9,10,10,,,,
9,9,9,9,9,10,9,9,,,,
10,10,9,10,10,9,10,10,,,,
9,9,10,9,9,10,9,9,,,,
Fighter_395,Fighter_799,,07/25/2002,r,TKO,Judge_471,Judge_093,Judge_131
https://example.com/video
9,10,10,8,10,10,10,10,,,,
10,9,9,10,9,9,9,9,,,,
9,10,10,8,10,10,10,10,,,,
10,9,9,10,9,9,9,9,,,,
9,10,9,8,10,10,10,10,,,,
10,9,10,10,9,9,9,9,,,,
Fighter_1047,Fighter_583,,07/26/2002,r,RTD,Judge_093,Judge_131,Judge_171
https://example.com/video
10,,,,,,,,,,,
8,,,,,,,,,,,
10,,,,,,,,,,,
8,,,,,,,,,,,
10,,,,,,,,,,,
8,,,,,,,,,,,
Fighter_397,Fighter_454,,07/27/2002,r,UD,Judge_471,Judge_093,Judge_594
https://example.com/video
10,10,10,10,,,,,,,,
9,9,9,9,,,,,,,,
10,10,10,10,,,,,,,,
9,9,9,9,,,,,,,,
10,10,10,10,,,,,,,,
9,9,9,9,,,,,,,,
Fighter_153,Fighter_355,,07/28/2002,r,RTD,Judge_559,Judge_041,Judge_141
https://example.com/video
10,,,,,,,,,,,
9,,,,,,,,,,,
10,,,,,,,,,,,
9,,,,,,,,,,,
10,,,,,,,,,,,
9,,,,,,,,,,,
Fighter_452,Fighter_037,,07/29/2002,r,UD,Judge_017,Judge_331,Judge_548
https://example.com/video
10,10,10,10,10,10,10,10,10,10,,
9,8,9,9,9,9,9,9,9,9,,
10,10,10,10,10,10,10,10,10,10,,
9,8,9,9,9,9,9,9,9,9,,
10,10,10,10,10,10,10,10,10,10,,
9,8,9,9,9,9,9,9,9,9,,
Fighter_612,Fighter_869,,07/30/2002,b,UD,Judge_470,Judge_609,Judge_113
https://example.com/video
9,9,9,9,9,10,10,9,9,9,9,9
10,10,10,10,10,9,9,10,10,10,10,10
9,10,10,9,9,10,10,9,9,9,9,10
10,9,9,10,10,9,9,10,10,10,10,9
9,9,10,9,9,10,9,9,9,9,9,10
10,10,9,10,10,9,10,10,10,10,10,9
Fighter_849,Fighter_1175,,07/31/2002,r,UD,Judge_580,Judge_511,Judge_240
https://example.com/video
10,10,9,10,10,10,10,9,9,10,,
9,9,10,9,9,9,9,10,10,9,,
10,10,9,10,10,10,10,9,9,9,,
9,9,10,9,9,9,9,10,10,10,,
10,10,10,10,10,9,9,9,10,10,,
9,9,9,9,9,10,10,10,9,9,,
Fighter_627,Fighter_740,,08/01/2002,b,TKO,Judge_609,Judge_051,Judge_113
https://example.com/video
9,10,10,,,,,,,,,
10,9,9,,,,,,,,,
9,10,10,,,,,,,,,
10,9,9,,,,,,,,,
10,9,10,,,,,,,,,
9,10,9,,,,,,,,,
Fighter_070,Fighter_804,,08/02/2002,r,UD,Judge_051,Judge_292,Judge_240
https://example.com/video
10,10,9,10,10,10,10,10,,,,
9,9,10,9,9,9,9,9,,,,
10,10,10,10,10,10,10,10,,,,
9,9,9,9,9,9,9,9,,,,
10,10,10,10,10,10,10,10,,,,
9,9,9,9,9,9,9,9,,,,
Fighter_1072,Fighter_1041,,08/03/2002,r,UD,Judge_337,Judge_126,Judge_091
https://example.com/video
10,10,10,10,10,10,,,,,,
9,9,9,9,9,9,,,,,,
10,10,10,10,10,10,,,,,,
9,9,9,9,9,9,,,,,,
10,10,10,10,10,10,,,,,,
9,9,9,9,9,9,,,,,,
Fighter_915,Fighter_281,,08/04/2002,r,UD,Judge_069,Judge_278,Judge_562
https://example.com/video
10,10,10,10,10,10,,,,,,
9,9,9,9,9,9,,,,,,
10,10,10,10,10,10,,,,,,
9,9,9,9,9,9,,,,,,
10,10,10,10,10,10,,,,,,
9,9,9,9,9,9,,,,,,
Fighter_342,Fighter_310,,08/05/2002,r,UD,Judge_069,Judge_598,Judge_562
https://example.com/video
10,10,10,10,,,,,,,,
9,9,9,9,,,,,,,,
10,9,10,10,,,,,,,,
9,10,9,9,,,,,,,,
10,9,10,10,,,,,,,,
9,10,9,9,,,,,,,,
Fighter_641,Fighter_746,,08/06/2002,r,TKO,Judge_352,Judge_350,Judge_435
https://example.com/video
10,9,,,,,,,,,,
9,10,,,,,,,,,,
10,8,,,,,,,,,,
9,10,,,,,,,,,,
10,8,,,,,,,,,,
9,10,,,,,,,,,,
Fighter_765,Fighter_1033,,08/07/2002,b,UD,Judge_524,Judge_577,Judge_149
https://example.com/video
10,10,9,9,9,9,9,10,9,9,9,9
9,9,10,10,10,10,10,9,10,10,10,10
9,10,9,9,9,9,9,9,9,9,9,9
10,9,10,10,10,10,10,10,10,10,10,10
9,9,9,9,10,9,9,9,9,9,9,9
10,10,10,10,9,10,10,10,10,10,10,10
Fighter_1318,Fighter_1188,,08/08/2002,b,UD,Judge_060,Judge_611,Judge_350
https://example.com/video
10,8,9,9,9,9,,,,,,
9,10,10,10,10,10,,,,,,
9,8,9,9,9,9,,,,,,
10,10,10,10,10,10,,,,,,
9,8,9,9,9,9,,,,,,
10,10,10,10,10,10,,,,,,
Fighter_318,Fighter_211,,08/09/2002,r,UD,Judge_117,Judge_577,Judge_594
https://example.com/video
9,9,10,9,9,10,10,10,10,10,10,10
10,10,9,10,10,9,9,9,9,9,9,9
9,9,10,10,9,10,10,10,10,10,10,10
10,10,9,9,10,9,9,9,9,9,9,9
9,9,9,9,9,10,10,10,10,10,10,10
10,10,10,10,10,9,9,9,9,9,9,9
Fighter_784,Fighter_916,,08/10/2002,r,UD,Judge_025,Judge_568,Judge_294
https://example.com/video
10,10,10,10,10,10,10,10,,,,
9,9,9,9,9,9,9,9,,,,
10,10,10,10,10,10,10,10,,,,
9,9,9,9,9,9,9,9,,,,
10,10,10,10,10,10,10,10,,,,
9,9,9,9,9,9,9,9,,,,
Fighter_1020,Fighter_960,,08/11/2002,r,MD,Judge_472,Judge_117,Judge_425
https://example.com/video
10,10,10,10,9,10,9,10,10,10,,
9,9,9,9,10,9,10,9,9,9,,
10,10,10,9,10,9,10,9,10,10,,
9,9,9,10,9,10,9,10,9,9,,
10,10,9,9,9,9,10,9,10,10,,
9,9,10,10,10,10,9,10,9,9,,
Fighter_496,Fighter_1092,,08/12/2002,r,KO,Judge_117,Judge_577,Judge_594
https://example.com/video
10,10,9,10,10,10,,,,,,
9,10,10,9,9,9,,,,,,
9,10,10,10,10,10,,,,,,
10,9,9,9,9,9,,,,,,
9,10,10,10,10,9,,,,,,
10,9,9,9,9,10,,,,,,
Fighter_429,Fighter_1325,,08/13/2002,r,SD,Judge_537,Judge_557,Judge_142
https://example.com/video
9,9,9,10,9,9,9,9,9,9,,
10,10,10,9,10,10,10,10,10,10,,
10,10,9,10,10,9,10,10,10,10,,
9,9,10,9,9,10,9,9,9,9,,
9,10,10,10,10,9,9,9,10,10,,
10,9,9,9,9,10,10,10,9,9,,
Fighter_784,Fighter_768,,08/14/2002,r,UD,Judge_430,Judge_256,Judge_364
https://example.com/video
10,10,10,10,10,10,10,10,10,10,,
9,9,9,9,9,9,9,9,9,9,,
10,10,10,10,10,10,10,10,10,10,,
9,9,9,9,9,9,9,9,9,9,,
10,10,10,10,10,10,10,10,10,10,,
9,9,9,9,9,9,9,9,9,9,,
Fighter_948,Fighter_422,,08/15/2002,r,UD,Judge_267,Judge_557,Judge_265
https://example.com/video
9,10,10,10,9,10,10,10,,,,
10,9,9,9,10,9,9,9,,,,
10,10,10,10,10,10,10,10,,,,
9,9,9,9,9,9,9,9,,,,
9,10,10,10,9,10,10,9,,,,
10,9,9,9,10,9,9,10,,,,
Fighter_857,Fighter_1323,,08/16/2002,r,UD,Judge_620,Judge_537,Judge_264
https://example.com/video
10,10,10,10,10,10,,,,,,
9,9,9,9,9,9,,,,,,
10,10,10,10,10,10,,,,,,
9,9,9,9,9,9,,,,,,
10,10,10,10,9,10,,,,,,
9,9,9,9,10,9,,,,,,
Fighter_543,Fighter_858,,08/17/2002,b,UD,Judge_267,Judge_557,Judge_142
https://example.com/video
9,9,9,9,9,9,9,9,,,,
10,10,10,10,10,10,10,10,,,,
9,10,9,9,10,9,9,9,,,,
10,9,10,10,9,10,10,10,,,,
9,9,9,9,10,9,9,9,,,,
10,10,10,10,9,10,10,10,,,,
Fighter_820,Fighter_185,,08/18/2002,d,SD,Judge_267,Judge_557,Judge_264
https://example.com/video
9,9,10,9,10,10,10,9,,,,
10,10,9,10,9,9,9,10,,,,
9,9,9,9,10,9,10,9,,,,
10,10,10,10,9,10,9,10,,,,
9,9,10,9,10,10,10,10,,,,
10,10,9,10,9,9,9,9,,,,
Fighter_1166,Fighter_917,,08/19/2002,b,TKO,Judge_234,Judge_400,Judge_510
https://example.com/video
9,9,9,9,9,9,10,,,,,
10,10,10,10,10,10,9,,,,,
9,9,9,9,9,9,10,,,,,
10,10,10,10,10,10,9,,,,,
9,9,9,9,10,9,10,,,,,
10,10,10,10,9,10,9,,,,,
Fighter_931,Fighter_308,,08/20/2002,,NC,Judge_225,Judge_117,Judge_382
https://example.com/video
9,10,9,10,9,9,10,10,,,,
10,9,10,9,10,10,9,9,,,,
10,9,10,10,10,9,9,10,,,,
9,10,9,9,9,10,10,9,,,,
10,10,9,10,9,9,9,9,,,,
9,9,10,9,10,10,10,10,,,,
Fighter_1296,Fighter_577,,08/21/2002,r,KO,Judge_122,Judge_301,Judge_286
https://example.com/video
10,,,,,,,,,,,
9,,,,,,,,,,,
10,,,,,,,,,,,
9,,,,,,,,,,,
10,,,,,,,,,,,
9,,,,,,,,,,,
Fighter_115,Fighter_081,,08/22/2002,r,UD,Judge_037,Judge_174,Judge_346
https://example.com/video
10,10,10,10,10,10,,,,,,
9,9,9,8,9,9,,,,,,
10,10,10,10,10,10,,,,,,
9,9,9,8,9,9,,,,,,
10,10,10,10,10,9,,,,,,
9,9,9,8,9,10,,,,,,
Fighter_516,Fighter_025,,08/23/2002,r,UD,Judge_037,Judge_174,Judge_346
https://example.com/video
10,10,10,10,,,,,,,,
9,9,9,9,,,,,,,,
10,10,10,10,,,,,,,,
9,10,9,9,,,,,,,,
10,10,10,10,,,,,,,,
9,10,9,9,,,,,,,,
Fighter_1225,Fighter_1012,,08/24/2002,b,UD,Judge_174,Judge_438,Judge_346
https://example.com/video
10,9,9,8,9,9,,,,,,
10,10,10,10,10,10,,,,,,
9,9,9,8,9,9,,,,,,
10,10,10,10,10,10,,,,,,
9,9,9,8,10,9,,,,,,
10,10,10,10,9,10,,,,,,
Fighter_935,Fighter_172,,08/25/2002,r,KO,Judge_504,Judge_438,Judge_346
https://example.com/video
10,9,10,,,,,,,,,
10,10,8,,,,,,,,,
10,10,10,,,,,,,,,
10,9,8,,,,,,,,,
10,10,10,,,,,,,,,
9,9,8,,,,,,,,,
Fighter_272,Fighter_835,,08/26/2002,r,UD,Judge_533,Judge_629,Judge_314
https://example.com/video
10,10,10,10,10,10,10,10,10,10,,
9,9,9,9,9,9,9,9,9,9,,
10,10,10,10,10,10,10,10,10,10,,
9,9,9,9,9,9,9,9,9,9,,
10,10,10,10,10,10,10,10,10,10,,
9,9,9,9,9,9,8,9,9,9,,
Fighter_128,Fighter_055,,08/27/2002,r,TKO,Judge_019,Judge_559,Judge_141
https://example.com/video
10,10,10,,,,,,,,,
9,9,9,,,,,,,,,
9,10,10,,,,,,,,,
10,9,9,,,,,,,,,
10,10,10,,,,,,,,,
9,9,9,,,,,,,,,
Fighter_967,Fighter_643,,08/28/2002,r,TKO,Judge_019,Judge_141,Judge_482
https://example.com/video
9,10,10,10,10,,,,,,,
10,9,9,9,9,,,,,,,
9,10,10,9,9,,,,,,,
10,9,9,10,10,,,,,,,
9,9,10,10,10,,,,,,,
10,10,9,9,9,,,,,,,
Fighter_1005,Fighter_687,,08/29/2002,b,UD,Judge_535,Judge_067,Judge_562
https://example.com/video
9,9,9,9,9,9,9,9,8,9,,
10,10,10,10,10,10,10,10,10,10,,
9,9,9,9,9,9,9,9,8,9,,
10,10,10,10,10,10,10,10,10,10,,
9,9,9,9,9,9,9,9,8,9,,
10,10,10,10,10,10,10,10,10,10,,
Fighter_697,Fighter_125,,08/30/2002,r,UD,Judge_543,Judge_349,Judge_391
https://example.com/video
10,10,10,10,10,10,10,10,,,,
9,9,9,9,9,9,9,9,,,,
10,10,10,10,10,10,10,10,,,,
9,9,9,9,9,9,9,9,,,,
10,10,10,10,10,10,10,10,,,,
9,9,9,9,9,9,9,9,,,,
Fighter_1073,Fighter_560,,08/31/2002,r,TKO,Judge_577,Judge_126,Judge_594
https://example.com/video
10,9,8,9,9,9,10,9,,,,
9,10,10,10,10,10,9,10,,,,
9,9,8,9,9,10,10,10,,,,
10,10,10,10,10,9,9,9,,,,
9,9,8,10,9,10,10,10,,,,
10,10,10,9,10,9,9,9,,,,
Fighter_186,Fighter_752,,09/01/2002,b,MD,Judge_577,Judge_594,Judge_090
https://example.com/video
9,9,10,10,9,10,10,10,9,9,9,10
10,10,9,9,10,9,9,9,10,10,10,9
9,9,9,10,9,10,10,9,9,9,10,9
10,10,10,9,10,9,9,10,10,10,9,10
9,9,10,9,9,10,10,9,9,9,10,10
10,10,9,10,10,9,9,10,10,10,9,9
Fighter_1176,Fighter_996,,09/02/2002,b,UD,Judge_472,Judge_149,Judge_382
https://example.com/video
9,10,10,10,9,10,8,9,9,9,,
10,9,9,9,10,9,10,10,10,10,,
9,10,10,10,10,10,8,9,9,9,,
10,9,9,9,9,9,10,10,10,10,,
9,10,10,10,10,10,8,9,9,9,,
10,9,9,9,9,9,10,10,10,10,,
Fighter_046,Fighter_903,,09/03/2002,r,RTD,Judge_620,Judge_265,Judge_264
https://example.com/video
10,10,10,10,10,10,,,,,,
9,9,9,9,9,9,,,,,,
10,10,10,10,10,10,,,,,,
9,9,9,9,9,9,,,,,,
10,10,10,10,10,10,,,,,,
9,9,9,9,9,9,,,,,,
Fighter_401,Fighter_085,,09/04/2002,r,UD,Judge_012,Judge_414,Judge_285
https://example.com/video
10,10,10,10,10,10,,,,,,
9,9,9,9,8,9,,,,,,
10,10,10,10,10,10,,,,,,
9,9,9,9,8,9,,,,,,
10,10,10,10,10,10,,,,,,
9,9,9,9,8,9,,,,,,
Fighter_1263,Fighter_138,,09/05/2002,r,TKO,Judge_537,Judge_267,Judge_265
https://example.com/video
10,10,,,,,,,,,,
9,9,,,,,,,,,,
10,10,,,,,,,,,,
9,9,,,,,,,,,,
10,10,,,,,,,,,,
9,9,,,,,,,,,,
Fighter_386,Fighter_1319,,09/06/2002,r,UD,Judge_570,Judge_568,Judge_169
https://example.com/video
10,10,10,10,10,10,10,10,,,,
9,9,9,9,9,8,9,9,,,,
10,10,10,10,10,10,10,10,,,,
9,9,9,9,9,8,9,9,,,,
10,10,10,10,10,10,10,10,,,,
9,9,9,9,9,8,9,9,,,,
Fighter_415,Fighter_1190,,09/07/2002,b,TKO,Judge_577,Judge_126,Judge_594
https://example.com/video
10,8,9,9,9,9,7,9,,,,
9,10,10,10,10,10,10,10,,,,
9,8,10,9,9,9,7,9,,,,
10,10,9,10,10,10,10,10,,,,
10,8,9,9,9,9,7,9,,,,
9,10,10,10,10,10,10,10,,,,
Fighter_909,Fighter_1146,,09/08/2002,r,TKO,Judge_019,Judge_620,Judge_265
https://example.com/video
10,10,,,,,,,,,,
9,9,,,,,,,,,,
9,10,,,,,,,,,,
10,9,,,,,,,,,,
10,10,,,,,,,,,,
9,9,,,,,,,,,,
Fighter_313,Fighter_1157,,09/09/2002,r,MD,Judge_620,Judge_537,Judge_264
https://example.com/video
9,10,10,10,9,10,9,10,,,,
10,9,9,9,10,9,10,9,,,,
9,10,10,10,9,9,9,10,,,,
10,9,9,9,10,10,10,9,,,,
10,10,10,10,9,9,10,10,,,,
9,9,9,9,10,10,9,9,,,,
Fighter_489,Fighter_856,,09/10/2002,r,MD,Judge_214,Judge_337,Judge_126
https://example.com/video
10,10,9,10,9,10,10,9,10,9,10,9
9,9,10,9,10,9,9,10,9,10,9,10
10,10,9,10,9,10,10,10,10,10,9,10
9,9,10,9,10,9,9,9,9,9,10,9
10,9,9,9,9,9,10,10,10,10,9,10
9,10,10,10,10,10,9,9,9,9,10,9
Fighter_1276,Fighter_1111,,09/11/2002,r,TKO,Judge_165,Judge_021,Judge_482
https://example.com/video
10,,,,,,,,,,,
9,,,,,,,,,,,
10,,,,,,,,,,,
9,,,,,,,,,,,
10,,,,,,,,,,,
9,,,,,,,,,,,
Fighter_1277,Fighter_056,,09/12/2002,r,UD,Judge_165,Judge_021,Judge_482
https://example.com/video
10,10,10,10,,,,,,,,
9,9,9,9,,,,,,,,
10,10,10,10,,,,,,,,
9,9,9,9,,,,,,,,
10,10,10,10,,,,,,,,
9,9,9,9,,,,,,,,
Fighter_462,Fighter_142,,09/13/2002,r,UD,Judge_577,Judge_425,Judge_594
https://example.com/video
9,10,9,9,9,10,9,9,10,10,10,10
10,9,10,10,10,9,10,10,9,9,9,8
9,10,9,9,9,10,10,9,10,10,10,10
10,9,10,10,10,9,9,10,9,9,9,8
9,10,9,9,9,10,10,9,10,10,10,10
10,9,10,10,10,9,9,10,9,9,9,8
Fighter_1148,Fighter_1271,,09/14/2002,r,TKO,Judge_165,Judge_021,Judge_482
https://example.com/video
10,10,10,,,,,,,,,
9,9,9,,,,,,,,,
10,10,10,,,,,,,,,
9,9,9,,,,,,,,,
10,10,10,,,,,,,,,
9,9,9,,,,,,,,,
Fighter_796,Fighter_807,,09/15/2002,r,KO,Judge_069,Judge_278,Judge_067
https://example.com/video
9,10,10,,,,,,,,,
10,9,7,,,,,,,,,
10,10,10,,,,,,,,,
9,9,7,,,,,,,,,
10,10,10,,,,,,,,,
9,9,7,,,,,,,,,
Fighter_727,Fighter_1306,,09/16/2002,r,UD,Judge_069,Judge_278,Judge_599
https://example.com/video
10,10,10,10,10,10,10,10,,,,
9,9,9,9,9,9,9,9,,,,
10,10,10,10,10,10,10,10,,,,
9,9,9,9,9,9,9,9,,,,
10,10,10,10,10,10,10,10,,,,
9,9,9,9,9,9,9,9,,,,
Fighter_302,Fighter_501,,09/17/2002,b,TKO,Judge_440,Judge_350,Judge_186
https://example.com/video
8,8,9,9,,,,,,,,
10,10,10,10,,,,,,,,
8,8,9,9,,,,,,,,
10,10,10,10,,,,,,,,
8,8,9,9,,,,,,,,
10,10,10,10,,,,,,,,
Fighter_1241,Fighter_718,,09/18/2002,r,KO,Judge_239,Judge_462,Judge_261
https://example.com/video
10,,,,,,,,,,,
9,,,,,,,,,,,
10,,,,,,,,,,,
9,,,,,,,,,,,
10,,,,,,,,,,,
9,,,,,,,,,,,
Fighter_941,Fighter_057,,09/19/2002,b,UD,Judge_577,Judge_425,Judge_090
https://example.com/video
10,10,10,9,9,10,9,9,9,9,9,9
9,9,9,10,10,9,10,10,10,10,10,10
9,10,10,10,9,10,9,9,9,10,9,9
10,9,9,9,10,9,10,10,10,9,10,10
9,10,10,9,9,9,9,9,10,9,9,10
10,9,9,10,10,10,10,10,9,10,10,9
Fighter_359,Fighter_291,,09/20/2002,r,UD,Judge_129,Judge_311,Judge_562
https://example.com/video
10,10,10,10,10,10,,,,,,
9,8,8,9,9,9,,,,,,
10,10,10,10,9,10,,,,,,
9,8,8,9,10,9,,,,,,
10,10,10,10,10,10,,,,,,
9,8,8,9,9,9,,,,,,
Fighter_1204,Fighter_925,,09/21/2002,r,UD,Judge_174,Judge_555,Judge_596
https://example.com/video
10,10,10,10,10,10,,,,,,
9,9,9,9,9,9,,,,,,
10,10,10,10,10,10,,,,,,
9,9,9,9,9,9,,,,,,
10,10,10,10,10,10,,,,,,
9,9,9,9,9,9,,,,,,
Fighter_115,Fighter_1129,,09/22/2002,r,UD,Judge_174,Judge_438,Judge_346
https://example.com/video
10,10,10,10,10,10,,,,,,
9,9,9,9,8,9,,,,,,
9,10,10,10,10,10,,,,,,
10,9,9,9,8,9,,,,,,
10,10,10,10,10,10,,,,,,
10,9,9,9,8,9,,,,,,
Fighter_137,Fighter_1079,,09/23/2002,r,UD,Judge_174,Judge_295,Judge_346
https://example.com/video
10,10,10,10,10,9,,,,,,
9,10,9,9,9,10,,,,,,
10,10,10,10,10,10,,,,,,
9,9,9,9,9,10,,,,,,
10,9,10,10,10,10,,,,,,
9,10,9,9,9,9,,,,,,
Fighter_926,Fighter_882,,09/24/2002,r,TKO,Judge_174,Judge_596,Judge_346
https://example.com/video
10,10,,,,,,,,,,
9,9,,,,,,,,,,
10,10,,,,,,,,,,
9,9,,,,,,,,,,
10,10,,,,,,,,,,
9,9,,,,,,,,,,
Fighter_907,Fighter_1242,,09/25/2002,r,UD,Judge_470,Judge_404,Judge_510
https://example.com/video
10,10,10,10,,,,,,,,
9,9,8,9,,,,,,,,
10,10,10,10,,,,,,,,
9,9,8,9,,,,,,,,
10,10,10,10,,,,,,,,
9,9,8,9,,,,,,,,
Fighter_176,Fighter_032,,09/26/2002,r,TKO,Judge_117,Judge_425,Judge_089
https://example.com/video
10,10,10,,,,,,,,,
9,9,9,,,,,,,,,
10,10,10,,,,,,,,,
9,9,9,,,,,,,,,
10,10,10,,,,,,,,,
9,9,9,,,,,,,,,
Fighter_651,Fighter_1042,,09/27/2002,r,TKO,Judge_535,Judge_590,Judge_027
https://example.com/video
10,10,10,10,,,,,,,,
9,9,9,9,,,,,,,,
10,10,10,10,,,,,,,,
9,9,9,9,,,,,,,,
10,10,10,10,,,,,,,,
9,9,9,9,,,,,,,,
Fighter_566,Fighter_373,,09/28/2002,r,MD,Judge_620,Judge_537,Judge_265
https://example.com/video
9,10,10,10,9,10,9,10,9,9,,
10,9,9,9,10,9,10,9,10,10,,
10,10,10,10,10,9,10,10,10,10,,
9,9,9,9,9,10,9,9,9,9,,
10,10,10,10,10,9,10,10,10,9,,
9,9,9,9,9,10,9,9,9,10,,
Fighter_567,Fighter_552,,09/29/2002,r,MD,Judge_267,Judge_265,Judge_264
https://example.com/video
10,10,10,10,9,10,9,10,10,10,,
9,9,9,9,10,9,10,9,9,9,,
10,10,10,9,9,10,9,9,9,10,,
9,9,9,10,10,9,10,10,10,9,,
10,10,10,9,10,10,9,9,10,10,,
9,9,9,10,9,9,10,10,9,9,,
Fighter_1108,Fighter_508,,09/30/2002,d,SD,Judge_295,Judge_596,Judge_346
https://example.com/video
10,9,9,10,,,,,,,,
9,10,10,9,,,,,,,,
10,10,9,10,,,,,,,,
9,9,10,9,,,,,,,,
9,9,9,9,,,,,,,,
10,10,10,10,,,,,,,,
Fighter_1208,Fighter_016,,10/01/2002,b,MD,Judge_438,Judge_596,Judge_346
https://example.com/video
9,10,9,9,,,,,,,,
10,9,10,10,,,,,,,,
10,9,9,10,,,,,,,,
9,10,10,9,,,,,,,,
9,9,9,9,,,,,,,,
10,10,10,10,,,,,,,,
Fighter_213,Fighter_692,,10/02/2002,r,UD,Judge_586,Judge_233,Judge_053
https://example.com/video
10,10,10,10,10,10,10,10,10,10,,
9,9,9,9,9,9,9,8,9,9,,
10,10,10,10,10,10,10,10,10,10,,
9,9,9,9,9,9,9,8,9,9,,
10,10,10,10,10,10,10,10,10,10,,
9,9,9,9,9,9,9,8,9,9,,
Fighter_174,Fighter_534,,10/03/2002,r,SD,Judge_129,Judge_311,Judge_562
https://example.com/video
8,9,10,9,9,9,9,9,10,10,,
10,10,9,10,10,10,10,10,9,9,,
8,9,10,10,9,10,10,10,10,9,,
10,10,9,9,10,9,9,9,9,10,,
8,10,10,10,9,9,10,10,10,10,,
10,9,9,9,10,10,9,9,9,9,,
Fighter_1207,Fighter_199,,10/04/2002,r,UD,Judge_574,Judge_005,Judge_350
https://example.com/video
9,10,9,10,10,9,10,10,10,10,10,9
10,9,10,9,9,10,9,9,9,9,9,10
9,9,10,9,10,9,10,10,10,10,10,10
10,10,9,10,9,10,9,9,9,9,8,9
10,10,10,9,10,10,10,9,10,10,10,9
9,9,9,10,9,9,9,10,9,9,9,10
Fighter_274,Fighter_737,,10/05/2002,b,UD,Judge_069,Judge_129,Judge_311
https://example.com/video
9,9,9,10,9,9,9,9,9,9,,
10,10,10,9,10,10,10,10,10,10,,
9,9,9,9,9,9,9,9,9,9,,
10,10,10,10,10,10,10,10,10,10,,
9,9,9,9,9,9,9,9,9,9,,
10,10,10,10,10,10,10,10,10,10,,
Fighter_946,Fighter_408,,10/06/2002,r,UD,Judge_267,Judge_265,Judge_264
https://example.com/video
10,10,10,10,10,10,10,10,,,,
9,9,9,9,9,9,9,9,,,,
10,10,10,10,10,10,10,10,,,,
9,9,9,9,9,9,9,9,,,,
10,10,10,10,10,10,10,10,,,,
9,9,9,9,9,9,9,9,,,,
Fighter_426,Fighter_1298,,10/07/2002,r,UD,Judge_537,Judge_265,Judge_264
https://example.com/video
10,10,10,10,10,10,10,10,10,10,,
9,9,9,9,9,9,9,9,9,9,,
9,10,10,10,10,10,10,10,10,10,,
10,9,9,9,9,9,9,9,9,9,,
10,10,10,10,10,10,9,10,10,10,,
9,9,9,9,9,9,10,9,9,9,,
Fighter_761,Fighter_047,,10/08/2002,r,RTD,Judge_537,Judge_265,Judge_264
https://example.com/video
10,10,10,10,10,10,10,10,10,,,
9,9,9,9,9,9,9,9,9,,,
10,10,10,10,10,10,10,10,10,,,
9,9,9,9,9,9,9,9,9,,,
10,10,10,10,10,10,10,10,10,,,
9,9,9,9,9,9,9,9,9,,,
Fighter_1330,Fighter_1267,,10/09/2002,r,TKO,Judge_524,Judge_167,Judge_314
https://example.com/video
10,10,10,10,10,,,,,,,
9,9,9,9,9,,,,,,,
10,10,10,10,10,,,,,,,
9,9,9,9,9,,,,,,,
10,10,10,10,10,,,,,,,
9,9,9,9,9,,,,,,,
Fighter_987,Fighter_427,,10/10/2002,d,SD,Judge_537,Judge_267,Judge_264
https://example.com/video
9,10,9,9,9,9,10,9,9,9,,
10,9,10,10,10,10,9,10,10,10,,
9,10,9,10,10,10,10,10,9,9,,
10,9,10,9,9,9,9,9,10,10,,
9,10,9,10,9,10,10,10,9,9,,
10,9,10,9,10,9,9,9,10,10,,
Fighter_197,Fighter_751,,10/11/2002,r,KO,Judge_052,Judge_149,Judge_407
https://example.com/video
10,10,10,,,,,,,,,
9,9,9,,,,,,,,,
10,10,10,,,,,,,,,
9,9,9,,,,,,,,,
10,10,10,,,,,,,,,
9,9,9,,,,,,,,,
Fighter_890,Fighter_130,,10/12/2002,r,UD,Judge_555,Judge_295,Judge_346
https://example.com/video
10,10,10,10,10,10,,,,,,
9,9,9,9,9,9,,,,,,
10,10,10,10,10,10,,,,,,
9,9,9,9,9,9,,,,,,
10,10,10,10,10,10,,,,,,
9,9,9,9,9,10,,,,,,
Fighter_528,Fighter_1003,,10/13/2002,r,KO,Judge_037,Judge_174,Judge_346
https://example.com/video
10,10,10,,,,,,,,,
9,9,9,,,,,,,,,
10,10,10,,,,,,,,,
9,9,9,,,,,,,,,
10,10,10,,,,,,,,,
9,9,9,,,,,,,,,
Fighter_1125,Fighter_775,,10/14/2002,b,SD,Judge_037,Judge_174,Judge_346
https://example.com/video
9,9,10,10,10,10,,,,,,
10,10,9,9,9,9,,,,,,
9,9,9,10,9,9,,,,,,
10,10,10,10,10,10,,,,,,
9,9,9,9,10,10,,,,,,
10,10,10,10,9,9,,,,,,
Fighter_389,Fighter_558,,10/15/2002,r,UD,Judge_174,Judge_295,Judge_346
https://example.com/video
10,10,10,10,10,10,,,,,,
9,10,9,9,9,9,,,,,,
10,10,9,10,10,10,,,,,,
9,9,10,9,9,9,,,,,,
10,10,9,10,10,10,,,,,,
9,9,10,9,9,9,,,,,,
Fighter_241,Fighter_404,,10/16/2002,r,RTD,Judge_542,Judge_632,Judge_275
https://example.com/video
10,9,10,9,10,,,,,,,
8,10,9,10,9,,,,,,,
10,9,10,9,10,,,,,,,
8,10,9,10,9,,,,,,,
10,9,10,10,10,,,,,,,
8,10,9,9,9,,,,,,,
Fighter_1311,Fighter_075,,10/17/2002,r,UD,Judge_066,Judge_336,Judge_087
https://example.com/video
10,10,10,10,9,10,10,10,10,10,,
9,9,10,9,10,9,9,9,9,9,,
10,10,10,10,10,10,10,10,10,10,,
9,9,9,9,9,9,9,9,9,9,,
9,10,10,10,10,10,10,10,10,10,,
10,9,9,9,9,9,9,9,9,9,,
Fighter_968,Fighter_676,,10/18/2002,b,UD,Judge_590,Judge_632,Judge_275
https://example.com/video
9,9,10,10,9,9,9,9,,,,
10,10,9,9,10,10,10,10,,,,
9,9,10,9,9,9,9,9,,,,
10,10,9,10,10,10,10,10,,,,
9,10,10,9,9,10,9,9,,,,
10,9,9,10,10,9,10,10,,,,
Fighter_1245,Fighter_1240,,10/19/2002,r,MD,Judge_142,Judge_265,Judge_264
https://example.com/video
9,10,9,10,10,10,10,9,10,9,,
10,9,10,9,9,9,9,10,9,10,,
9,9,9,10,10,10,10,10,10,9,,
10,10,10,9,9,9,9,9,9,10,,
9,10,9,10,9,10,10,9,9,10,,
10,9,10,9,10,9,9,10,10,9,,
Fighter_820,Fighter_050,,10/20/2002,r,UD,Judge_620,Judge_265,Judge_264
https://example.com/video
8,10,9,10,10,10,10,10,,,,
10,9,10,9,9,9,9,9,,,,
8,10,10,10,9,10,9,10,,,,
10,9,9,9,10,9,10,9,,,,
8,10,9,10,10,10,9,10,,,,
10,9,10,9,9,9,10,9,,,,
Fighter_946,Fighter_173,,10/21/2002,r,UD,Judge_142,Judge_265,Judge_627
https://example.com/video
10,10,10,10,9,10,10,9,,,,
9,9,9,9,10,9,9,10,,,,
10,10,10,10,10,10,10,10,,,,
9,9,9,9,9,9,9,9,,,,
10,10,10,10,10,10,10,9,,,,
9,9,9,9,9,9,9,10,,,,
Fighter_645,Fighter_681,,10/22/2002,d,SD,Judge_535,Judge_069,Judge_599
https://example.com/video
10,10,10,10,9,9,9,9,,,,
9,9,9,9,10,10,10,10,,,,
10,10,10,10,10,9,9,9,,,,
9,9,9,9,9,10,10,10,,,,
10,9,9,9,9,9,10,9,,,,
9,10,10,10,10,10,9,10,,,,
Fighter_1239,Fighter_453,,10/23/2002,r,SD,Judge_013,Judge_339,Judge_155
https://example.com/video
10,10,8,10,10,10,9,9,10,9,,
9,9,10,9,9,9,10,10,9,10,,
10,9,8,10,10,10,10,9,10,10,,
9,10,10,9,9,9,9,10,9,9,,
9,10,8,9,10,10,10,9,10,9,,
10,9,10,10,9,9,9,10,9,10,,
Fighter_431,Fighter_316,,10/24/2002,r,TKO,Judge_065,Judge_574,Judge_377
https://example.com/video
10,10,10,10,10,10,,,,,,
9,9,9,9,9,9,,,,,,
10,9,10,10,10,10,,,,,,
9,10,9,9,9,9,,,,,,
10,10,9,10,10,10,,,,,,
9,9,10,9,9,9,,,,,,
Fighter_045,Fighter_520,,10/25/2002,r,UD,Judge_325,Judge_433,Judge_166
https://example.com/video
10,9,10,10,9,10,10,10,10,10,,
9,10,9,9,10,9,9,9,9,9,,
10,10,10,10,9,10,9,10,10,10,,
9,9,9,9,10,9,10,9,9,9,,
10,10,10,10,9,10,10,10,10,10,,
9,9,9,9,10,9,9,9,9,9,,
Fighter_123,Fighter_523,,10/26/2002,r,UD,Judge_325,Judge_107,Judge_197
https://example.com/video
10,10,10,10,10,10,10,10,10,10,,
9,9,9,9,9,9,9,9,9,7,,
10,10,10,10,10,10,10,10,10,10,,
9,9,9,9,9,9,9,9,9,7,,
10,10,10,10,10,10,10,10,10,10,,
9,9,9,9,9,9,9,9,9,7,,
Fighter_541,Fighter_1253,,10/27/2002,r,KO,Judge_325,Judge_433,Judge_107
https://example.com/video
10,10,10,9,9,9,10,,,,,
9,9,9,10,10,10,9,,,,,
10,10,10,10,9,9,10,,,,,
9,9,9,9,10,10,9,,,,,
10,10,10,10,10,9,9,,,,,
9,9,9,9,9,10,10,,,,,
Fighter_785,Fighter_413,,10/28/2002,r,UD,Judge_107,Judge_197,Judge_228
https://example.com/video
10,9,10,10,9,10,,,,,,
9,10,9,9,10,9,,,,,,
10,9,10,10,9,10,,,,,,
9,10,9,9,10,9,,,,,,
10,9,10,10,10,10,,,,,,
9,10,9,9,9,9,,,,,,
Fighter_1095,Fighter_881,,10/29/2002,r,UD,Judge_609,Judge_528,Judge_314
https://example.com/video
9,9,10,10,10,10,,,,,,
10,10,9,9,9,9,,,,,,
10,9,10,10,10,10,,,,,,
9,10,9,9,9,9,,,,,,
9,10,10,10,10,10,,,,,,
10,9,9,9,9,9,,,,,,
Fighter_035,Fighter_149,,10/30/2002,r,UD,Judge_470,Judge_320,Judge_127
https://example.com/video
10,10,10,10,10,9,10,10,10,10,,
9,9,9,9,9,10,9,9,9,9,,
10,10,10,10,10,10,10,10,10,10,,
9,9,9,9,9,9,9,9,9,9,,
10,10,10,10,10,10,9,10,9,10,,
9,9,9,9,9,9,10,9,10,9,,
Fighter_745,Fighter_642,,10/31/2002,r,UD,Judge_638,Judge_435,Judge_581
https://example.com/video
10,9,10,10,10,10,10,10,9,8,,
9,10,9,8,9,9,9,9,10,10,,
9,10,10,10,10,10,10,10,9,8,,
10,9,9,8,9,9,9,9,10,10,,
9,10,10,10,10,10,10,10,9,8,,
10,9,9,8,9,9,9,9,10,10,,
Fighter_770,Fighter_289,,11/01/2002,b,MD,Judge_638,Judge_163,Judge_428
https://example.com/video
10,9,9,10,9,9,9,9,9,10,10,10
9,10,10,9,10,10,10,10,10,9,9,9
10,9,9,10,9,9,10,9,9,9,9,10
9,10,10,9,10,10,9,10,10,10,10,9
10,9,9,10,10,9,10,9,9,9,10,10
9,10,10,9,9,10,9,10,10,10,9,9
Fighter_204,Fighter_083,,11/02/2002,b,TKO,Judge_538,Judge_528,Judge_605
https://example.com/video
10,10,10,,,,,,,,,
9,9,9,,,,,,,,,
10,10,10,,,,,,,,,
9,9,9,,,,,,,,,
10,10,10,,,,,,,,,
9,9,9,,,,,,,,,
Fighter_947,Fighter_376,,11/03/2002,r,UD,Judge_194,Judge_425,Judge_323
https://example.com/video
10,10,10,10,10,10,,,,,,
9,9,9,9,9,9,,,,,,
10,10,10,10,10,10,,,,,,
9,9,9,9,9,9,,,,,,
10,10,10,10,10,10,,,,,,
9,9,9,9,9,9,,,,,,
Fighter_557,Fighter_720,,11/04/2002,r,UD,Judge_605,Judge_363,Judge_407
https://example.com/video
10,10,10,10,10,10,,,,,,
9,9,9,9,9,9,,,,,,
10,10,10,10,10,10,,,,,,
9,9,9,9,9,9,,,,,,
10,10,10,10,10,10,,,,,,
9,9,9,9,9,9,,,,,,
Fighter_439,Fighter_223,,11/05/2002,r,TKO,Judge_225,Judge_052,Judge_172
https://example.com/video
10,10,,,,,,,,,,
9,9,,,,,,,,,,
10,10,,,,,,,,,,
9,9,,,,,,,,,,
10,10,,,,,,,,,,
9,9,,,,,,,,,,
Fighter_269,Fighter_1233,,11/06/2002,b,UD,Judge_164,Judge_067,Judge_027
https://example.com/video
9,9,10,9,10,9,9,10,9,9,,
10,10,9,10,9,10,10,9,10,10,,
9,9,9,9,9,9,9,9,9,9,,
10,10,10,10,10,10,10,10,10,10,,
9,9,10,9,9,9,9,9,9,9,,
10,10,9,10,10,10,10,10,10,10,,
Fighter_912,Fighter_291,,11/07/2002,r,UD,Judge_278,Judge_067,Judge_027
https://example.com/video
10,10,10,10,10,10,,,,,,
9,9,9,9,9,9,,,,,,
10,10,10,10,10,10,,,,,,
9,9,9,9,9,9,,,,,,
10,10,10,10,10,10,,,,,,
9,9,9,9,9,9,,,,,,
Fighter_420,Fighter_125,,11/08/2002,r,TKO,Judge_538,Judge_528,Judge_629
https://example.com/video
10,10,10,10,,,,,,,,
9,9,9,8,,,,,,,,
10,10,10,10,,,,,,,,
9,9,9,9,,,,,,,,
10,10,10,10,,,,,,,,
9,9,9,9,,,,,,,,
Fighter_955,Fighter_1239,,11/09/2002,r,SD,Judge_440,Judge_400,Judge_102
https://example.com/video
10,10,9,9,9,9,9,10,10,10,10,9
9,9,10,10,10,10,10,9,8,9,9,10
10,9,10,10,9,9,9,10,10,10,10,9
9,10,9,9,10,10,10,9,8,9,9,10
10,9,10,9,9,9,9,10,10,10,9,9
9,10,9,10,10,10,10,9,8,9,10,10
Fighter_838,Fighter_484,,11/10/2002,r,TKO,Judge_379,Judge_574,Judge_464
https://example.com/video
10,10,10,,,,,,,,,
9,9,9,,,,,,,,,
10,10,10,,,,,,,,,
9,9,9,,,,,,,,,
10,10,10,,,,,,,,,
9,9,9,,,,,,,,,
Fighter_1036,Fighter_551,,11/11/2002,r,UD,Judge_356,Judge_601,Judge_412
https://example.com/video
10,10,10,9,10,10,10,10,,,,
9,9,9,10,9,9,9,9,,,,
10,10,10,10,10,10,10,10,,,,
9,9,9,9,9,9,9,9,,,,
10,10,10,10,10,10,10,10,,,,
9,9,9,9,9,9,9,9,,,,
Fighter_275,Fighter_674,,11/12/2002,r,MD,Judge_225,Judge_052,Judge_356
https://example.com/video
10,10,9,9,10,9,9,9,,,,
8,8,10,10,9,10,10,10,,,,
10,10,9,9,10,10,10,10,,,,
8,8,10,10,9,9,9,9,,,,
10,10,10,9,10,9,10,9,,,,
8,8,9,10,9,10,9,10,,,,
Fighter_798,Fighter_412,,11/13/2002,r,TKO,Judge_586,Judge_379,Judge_219
https://example.com/video
10,,,,,,,,,,,
9,,,,,,,,,,,
10,,,,,,,,,,,
9,,,,,,,,,,,
10,,,,,,,,,,,
9,,,,,,,,,,,
Fighter_1207,Fighter_1120,,11/14/2002,b,SD,Judge_577,Judge_126,Judge_594
https://example.com/video
10,10,9,9,9,9,9,9,9,10,9,10
9,9,10,10,10,10,10,10,10,9,10,9
10,10,9,9,9,9,9,10,9,10,10,9
9,9,10,10,10,10,10,9,10,9,9,10
10,10,9,9,10,10,9,10,10,10,10,9
9,9,10,10,9,9,10,9,9,9,9,10
Fighter_1160,Fighter_531,,11/15/2002,b,UD,Judge_008,Judge_581,Judge_367
https://example.com/video
10,9,10,10,9,9,9,9,9,9,,
9,10,9,9,10,10,10,10,10,10,,
9,9,10,10,10,10,9,9,9,9,,
10,10,9,9,9,9,10,10,10,10,,
9,9,10,10,10,10,9,9,9,9,,
10,10,9,9,9,9,10,10,10,10,,
Fighter_1316,Fighter_863,,11/16/2002,b,SD,Judge_397,Judge_276,Judge_048
https://example.com/video
9,10,8,10,10,8,10,10,10,9,10,10
10,9,10,9,9,10,9,9,9,10,9,10
9,10,8,10,10,8,9,9,9,10,10,10
10,9,10,9,9,10,10,10,10,9,9,9
9,10,8,10,10,8,9,9,9,10,10,10
10,9,10,9,9,10,10,10,10,9,9,9
Fighter_732,Fighter_888,,11/17/2002,b,SD,Judge_069,Judge_542,Judge_027
https://example.com/video
9,9,10,9,10,9,10,10,10,9,,
10,10,9,10,8,10,9,9,9,10,,
9,10,9,9,9,9,9,10,9,9,,
10,9,10,10,9,10,10,9,10,10,,
9,10,9,9,10,9,10,9,10,9,,
10,9,10,10,8,10,9,10,9,10,,
Fighter_285,Fighter_105,,11/18/2002,r,UD,Judge_117,Judge_126,Judge_382
https://example.com/video
10,10,10,10,10,10,10,10,,,,
9,9,9,9,9,9,9,9,,,,
10,10,10,10,10,10,10,10,,,,
9,9,9,9,9,9,9,9,,,,
10,10,10,10,10,10,10,10,,,,
9,9,9,9,9,9,9,9,,,,
Fighter_563,Fighter_819,,11/19/2002,r,TKO,Judge_256,Judge_379,Judge_464
https://example.com/video
10,10,10,9,,,,,,,,
9,9,9,10,,,,,,,,
10,10,10,10,,,,,,,,
9,9,9,9,,,,,,,,
10,10,9,9,,,,,,,,
9,9,10,10,,,,,,,,
Fighter_295,Fighter_525,,11/20/2002,r,UD,Judge_641,Judge_186,Judge_548
https://example.com/video
10,10,10,10,10,10,,,,,,
9,9,9,9,9,8,,,,,,
10,10,10,10,10,10,,,,,,
9,9,9,9,9,8,,,,,,
10,10,10,10,10,10,,,,,,
9,9,9,9,9,8,,,,,,
Fighter_398,Fighter_1097,,11/21/2002,b,UD,Judge_217,Judge_076,Judge_554
https://example.com/video
9,9,10,8,10,10,9,9,10,10,9,9
10,10,9,10,9,9,10,10,9,9,10,10
9,9,9,8,10,10,10,9,9,9,10,10
10,10,10,10,9,9,9,10,10,10,9,9
9,9,9,8,10,10,9,9,9,9,10,9
10,10,10,10,9,9,10,10,10,10,9,10
Fighter_592,Fighter_1091,,11/22/2002,r,UD,Judge_126,Judge_545,Judge_167
https://example.com/video
10,10,10,10,10,10,10,10,10,9,,
9,9,9,9,9,9,9,9,9,10,,
10,10,10,10,10,10,10,10,10,10,,
9,9,9,9,9,9,9,9,9,9,,
10,10,10,10,10,10,10,10,10,10,,
9,9,9,9,9,9,9,9,9,9,,
Fighter_380,Fighter_510,,11/23/2002,r,SD,Judge_631,Judge_126,Judge_451
https://example.com/video
9,9,10,10,9,10,10,10,10,9,,
10,10,9,9,10,9,9,9,9,10,,
10,9,10,10,9,10,10,10,9,9,,
9,10,9,9,10,9,9,9,10,10,,
9,9,9,10,9,9,10,10,10,9,,
10,10,10,9,10,10,9,9,9,10,,
Fighter_636,Fighter_1165,,11/24/2002,b,SD,Judge_311,Judge_599,Judge_067
https://example.com/video
9,9,10,10,9,9,9,9,9,9,,
10,10,9,9,10,10,10,10,10,10,,
10,9,10,10,9,9,10,9,10,10,,
9,10,9,9,10,10,9,10,9,9,,
9,9,10,9,9,9,9,9,9,9,,
10,10,9,10,10,10,10,10,10,10,,
Fighter_598,Fighter_1314,,11/25/2002,b,UD,Judge_384,Judge_051,Judge_167
https://example.com/video
9,9,9,9,9,9,10,9,9,9,9,10
10,9,10,10,10,10,9,10,10,10,10,9
9,9,9,9,9,9,10,10,9,9,9,10
10,9,10,10,10,10,9,9,10,10,10,9
9,9,9,9,9,9,10,10,9,9,9,10
10,9,10,10,10,10,9,9,10,10,10,9
Fighter_1123,Fighter_1182,,11/26/2002,r,UD,Judge_492,Judge_336,Judge_637
https://example.com/video
9,10,9,10,9,10,10,10,10,10,10,10
10,9,10,9,10,9,9,9,9,9,9,9
9,10,9,10,9,10,10,10,10,10,10,10
10,9,10,9,10,9,9,9,9,9,9,9
9,10,10,9,10,10,10,10,10,10,10,10
10,9,9,10,9,9,9,9,9,9,9,9
Fighter_1183,Fighter_1156,,11/27/2002,r,UD,Judge_492,Judge_351,Judge_435
https://example.com/video
8,10,10,10,10,10,10,10,10,10,10,10
10,9,9,9,9,9,9,9,9,9,9,9
8,10,10,10,10,10,10,10,10,10,10,10
10,9,9,9,9,9,9,9,9,9,9,9
8,10,10,10,9,10,10,10,10,9,10,10
10,9,9,9,10,9,9,9,9,10,9,9
Fighter_917,Fighter_813,,11/28/2002,r,TKO,Judge_336,Judge_051,Judge_005
https://example.com/video
8,10,10,10,10,,,,,,,
10,8,9,9,8,,,,,,,
8,10,10,10,10,,,,,,,
10,8,9,9,8,,,,,,,
8,10,10,10,10,,,,,,,
10,8,9,9,8,,,,,,,
Fighter_1011,Fighter_764,,11/29/2002,b,MD,Judge_142,Judge_265,Judge_262
https://example.com/video
10,9,9,10,10,9,9,9,,,,
9,10,10,9,9,10,10,10,,,,
10,9,9,10,9,10,10,9,,,,
9,10,10,9,10,9,9,10,,,,
10,9,10,9,9,9,9,9,,,,
9,10,9,10,10,10,10,10,,,,
Fighter_313,Fighter_053,,11/30/2002,r,TKO,Judge_142,Judge_264,Judge_262
https://example.com/video
9,10,10,10,10,,,,,,,
10,9,9,8,8,,,,,,,
9,10,10,10,10,,,,,,,
10,9,9,8,8,,,,,,,
9,10,10,10,10,,,,,,,
10,9,9,8,8,,,,,,,
Fighter_948,Fighter_143,,12/01/2002,d,SD,Judge_142,Judge_264,Judge_262
https://example.com/video
10,10,9,10,10,9,10,9,,,,
9,9,10,9,9,10,9,10,,,,
9,10,10,9,10,9,9,9,,,,
10,9,9,10,9,10,10,10,,,,
9,10,10,10,10,9,9,9,,,,
10,9,9,9,9,10,10,10,,,,
Fighter_1117,Fighter_471,,12/02/2002,r,TKO,Judge_265,Judge_264,Judge_262
https://example.com/video
10,10,10,10,,,,,,,,
9,9,9,9,,,,,,,,
10,10,10,10,,,,,,,,
9,9,9,9,,,,,,,,
10,10,10,10,,,,,,,,
9,9,9,9,,,,,,,,
Fighter_543,Fighter_1017,,12/03/2002,d,MD,Judge_265,Judge_264,Judge_262
https://example.com/video
10,10,9,9,9,10,,,,,,
9,9,10,10,10,9,,,,,,
9,10,9,10,10,9,,,,,,
10,9,10,9,9,10,,,,,,
9,9,9,9,10,9,,,,,,
10,10,10,10,9,10,,,,,,
Fighter_1127,Fighter_860,,12/04/2002,r,UD,Judge_142,Judge_265,Judge_262
https://example.com/video
10,10,10,10,9,10,,,,,,
9,9,9,9,10,9,,,,,,
10,10,10,10,10,10,,,,,,
9,9,9,9,9,9,,,,,,
10,10,9,10,10,10,,,,,,
9,9,10,9,9,9,,,,,,
Fighter_1113,Fighter_578,,12/05/2002,r,UD,Judge_577,Judge_126,Judge_594
https://example.com/video
9,9,9,10,10,10,10,9,9,10,10,10
10,10,10,8,9,9,9,10,10,9,9,9
9,9,9,10,10,10,10,10,9,10,10,10
10,10,10,8,9,9,9,9,10,9,9,9
9,10,9,10,10,10,10,10,9,10,10,10
10,9,10,8,9,9,9,9,10,9,9,9
Fighter_628,Fighter_784,,12/06/2002,b,TD-U,Judge_283,Judge_256,Judge_115
https://example.com/video
9,9,9,9,9,9,9,9,,,,
10,10,10,10,10,10,10,10,,,,
9,9,9,9,9,9,9,9,,,,
10,10,10,10,10,10,10,10,,,,
9,9,9,9,9,9,9,9,,,,
10,10,10,10,10,10,10,10,,,,
Fighter_937,Fighter_253,,12/07/2002,b,MD,Judge_258,Judge_350,Judge_151
https://example.com/video
10,10,9,9,9,10,9,10,9,10,,
9,9,10,10,10,9,10,9,10,9,,
9,9,9,10,9,9,10,9,9,9,,
10,10,10,9,10,10,9,10,10,10,,
9,10,9,9,10,9,10,9,9,10,,
10,9,10,10,9,10,9,10,10,9,,
Fighter_087,Fighter_990,,12/08/2002,b,SD,Judge_258,Judge_552,Judge_642
https://example.com/video
10,10,9,10,9,9,9,10,9,9,9,10
9,9,10,9,10,10,10,9,10,10,10,9
10,10,10,10,9,10,10,9,9,9,10,10
9,9,9,9,10,9,9,10,10,10,9,10
10,10,9,9,10,10,9,10,9,9,9,9
9,9,10,10,9,9,10,9,10,10,10,10
Fighter_325,Fighter_048,,12/09/2002,r,MD,Judge_032,Judge_559,Judge_022
https://example.com/video
10,10,9,10,10,9,,,,,,
9,9,10,9,9,10,,,,,,
9,10,9,10,9,10,,,,,,
10,9,10,9,10,9,,,,,,
9,10,10,10,10,9,,,,,,
10,9,9,9,9,10,,,,,,
Fighter_899,Fighter_1128,,12/10/2002,r,UD,Judge_267,Judge_559,Judge_022
https://example.com/video
10,10,10,10,10,10,,,,,,
9,9,9,9,9,9,,,,,,
10,10,10,10,10,10,,,,,,
9,9,9,9,9,9,,,,,,
10,10,10,10,10,10,,,,,,
9,9,9,9,9,9,,,,,,
Fighter_043,Fighter_544,,12/11/2002,r,KO,Judge_032,Judge_142,Judge_559
https://example.com/video
10,10,10,10,,,,,,,,
9,9,9,9,,,,,,,,
10,9,9,10,,,,,,,,
9,10,10,9,,,,,,,,
10,9,9,10,,,,,,,,
9,10,10,9,,,,,,,,
Fighter_031,Fighter_1243,,12/12/2002,r,UD,Judge_032,Judge_142,Judge_559
https://example.com/video
10,9,9,10,10,10,10,9,10,10,,
9,10,10,9,9,9,9,10,9,9,,
10,10,10,10,10,9,10,9,10,10,,
9,9,9,9,9,10,9,10,9,9,,
10,9,10,10,10,10,10,10,10,10,,
9,10,9,9,9,9,9,9,9,9,,
Fighter_971,Fighter_696,,12/13/2002,r,KO,Judge_496,Judge_641,Judge_186
https://example.com/video
9,10,10,10,10,10,10,10,,,,
10,9,9,9,9,9,9,9,,,,
9,10,10,10,10,10,9,10,,,,
10,9,9,9,9,9,10,9,,,,
9,10,10,10,10,10,10,10,,,,
10,9,9,9,9,9,9,9,,,,
Fighter_1141,Fighter_1253,,12/14/2002,r,UD,Judge_149,Judge_051,Judge_407
https://example.com/video
10,10,10,10,10,10,10,10,10,10,,
9,9,9,9,9,9,9,8,9,9,,
10,10,10,10,10,10,10,10,10,10,,
9,9,9,9,9,9,9,8,9,9,,
10,10,10,10,10,10,10,10,10,10,,
9,9,9,9,9,9,9,8,9,9,,
Fighter_190,Fighter_629,,12/15/2002,r,KO,Judge_472,Judge_117,Judge_170
https://example.com/video
9,10,9,9,10,10,10,10,,,,
10,9,10,10,9,9,9,9,,,,
9,10,10,9,10,10,10,10,,,,
10,9,9,10,9,9,9,9,,,,
9,9,9,10,10,10,10,10,,,,
10,10,10,9,9,9,9,9,,,,
Fighter_383,Fighter_469,,12/16/2002,r,UD,Judge_577,Judge_149,Judge_090
https://example.com/video
10,10,10,10,9,10,10,9,9,10,10,10
9,9,9,9,10,9,9,10,10,9,9,9
10,10,10,10,9,10,10,10,10,9,10,10
9,9,9,9,10,9,9,9,9,10,9,9
10,10,10,10,10,10,9,10,10,10,10,10
9,9,9,9,9,9,10,9,9,9,9,9
Fighter_1236,Fighter_1192,,12/17/2002,r,UD,Judge_297,Judge_077,Judge_186
https://example.com/video
10,10,10,10,10,10,10,10,,,,
9,9,9,9,8,9,9,9,,,,
10,10,10,10,10,10,10,10,,,,
9,9,9,9,8,9,9,9,,,,
10,10,10,10,10,10,10,10,,,,
9,9,9,9,8,9,9,9,,,,
Fighter_656,Fighter_1196,,12/18/2002,d,SD,Judge_528,Judge_026,Judge_314
https://example.com/video
9,10,10,10,,,,,,,,
10,9,9,9,,,,,,,,
9,9,10,9,,,,,,,,
10,10,9,10,,,,,,,,
9,9,10,10,,,,,,,,
10,10,9,9,,,,,,,,
Fighter_203,Fighter_195,,12/19/2002,r,TKO,Judge_052,Judge_425,Judge_356
https://example.com/video
9,9,10,10,10,10,10,,,,,
10,10,9,9,8,9,8,,,,,
10,10,10,10,10,10,10,,,,,
9,9,9,9,8,9,8,,,,,
10,10,10,10,10,10,10,,,,,
9,9,9,9,8,9,8,,,,,
Fighter_947,Fighter_118,,12/20/2002,r,UD,Judge_323,Judge_363,Judge_412
https://example.com/video
10,10,9,10,10,10,,,,,,
9,8,10,9,9,9,,,,,,
10,10,10,10,10,10,,,,,,
9,8,9,9,9,9,,,,,,
10,10,10,10,10,10,,,,,,
9,8,9,9,9,9,,,,,,
Fighter_576,Fighter_1008,,12/21/2002,r,UD,Judge_052,Judge_356,Judge_629
https://example.com/video
10,10,10,10,10,10,10,10,,,,
9,9,9,9,9,9,9,9,,,,
10,10,10,10,10,10,10,10,,,,
9,9,9,9,9,9,9,9,,,,
10,10,10,10,10,10,10,10,,,,
9,9,9,9,9,9,9,9,,,,
Fighter_329,Fighter_1185,,12/22/2002,r,UD,Judge_528,Judge_363,Judge_629
https://example.com/video
10,9,10,10,10,10,9,10,,,,
9,10,9,9,9,9,10,9,,,,
10,9,10,10,9,10,9,10,,,,
9,10,9,9,10,9,10,9,,,,
10,10,10,10,10,9,10,10,,,,
9,9,9,9,9,10,9,9,,,,
Fighter_093,Fighter_284,,12/23/2002,r,MD,Judge_425,Judge_323,Judge_412
https://example.com/video
10,9,10,10,10,9,9,9,,,,
9,10,9,9,9,10,10,10,,,,
10,10,9,10,9,10,10,10,,,,
9,9,10,9,10,9,9,9,,,,
10,10,9,10,10,9,9,10,,,,
9,9,10,9,9,10,10,9,,,,
Fighter_938,Fighter_667,,12/24/2002,r,UD,Judge_528,Judge_323,Judge_412
https://example.com/video
10,10,10,10,,,,,,,,
9,9,9,9,,,,,,,,
10,10,10,10,,,,,,,,
9,9,9,9,,,,,,,,
10,10,10,10,,,,,,,,
9,9,9,9,,,,,,,,
Fighter_1082,Fighter_1307,,12/25/2002,b,MD,Judge_528,Judge_363,Judge_314
https://example.com/video
10,9,10,9,10,9,,,,,,
9,10,9,10,9,10,,,,,,
10,9,9,9,9,10,,,,,,
9,10,10,10,10,9,,,,,,
9,9,9,9,9,9,,,,,,
10,10,10,10,10,10,,,,,,
Fighter_496,Fighter_462,,12/26/2002,r,KO,Judge_577,Judge_425,Judge_594
https://example.com/video
9,9,9,10,10,10,10,,,,,
10,10,10,9,9,9,9,,,,,
9,9,9,10,10,10,10,,,,,
10,10,10,9,9,9,9,,,,,
9,9,9,10,10,10,10,,,,,
10,10,10,9,9,9,9,,,,,
Fighter_318,Fighter_953,,12/27/2002,r,UD,Judge_117,Judge_149,Judge_641
https://example.com/video
10,10,10,10,10,10,9,10,10,10,9,9
9,9,9,9,9,9,10,9,9,9,10,10
10,10,10,10,10,10,9,10,10,10,10,10
9,9,9,9,9,9,10,9,9,9,9,9
10,10,10,10,10,10,10,10,9,9,9,9
9,9,9,9,9,9,9,9,10,10,10,10
Fighter_092,Fighter_121,,12/28/2002,r,KO,Judge_017,Judge_125,Judge_592
https://example.com/video
10,10,10,10,10,10,,,,,,
9,9,9,9,9,9,,,,,,
10,10,10,9,10,10,,,,,,
9,9,9,10,9,9,,,,,,
10,10,10,9,10,9,,,,,,
9,9,9,10,9,10,,,,,,
Fighter_323,Fighter_1010,,12/29/2002,r,UD,Judge_472,Judge_301,Judge_641
https://example.com/video
10,10,10,9,10,10,9,10,10,10,9,10
9,9,9,10,9,9,10,9,9,9,10,9
10,10,10,10,10,10,9,10,9,10,10,10
9,9,9,9,9,9,10,9,10,9,9,9
10,10,10,10,10,9,9,10,9,10,10,10
9,9,9,9,9,10,10,9,10,9,9,9
Fighter_024,Fighter_184,,12/30/2002,b,UD,Judge_325,Judge_184,Judge_534
https://example.com/video
9,8,9,9,9,10,9,10,10,10,,
10,10,10,10,10,9,10,9,9,9,,
9,8,9,9,9,10,10,9,10,10,,
10,10,10,10,10,9,9,10,9,9,,
9,8,9,9,9,9,9,9,10,10,,
10,10,10,10,10,10,10,10,9,9,,
Fighter_871,Fighter_237,,12/31/2002,r,UD,Judge_325,Judge_184,Judge_534
https://example.com/video
10,10,10,10,10,10,10,10,10,10,,
9,9,9,9,9,9,9,9,9,9,,
10,10,10,10,10,10,10,10,10,10,,
9,9,9,9,9,9,9,9,9,9,,
10,10,10,10,10,10,10,10,10,10,,
9,9,9,9,9,9,9,9,9,9,,
Fighter_438,Fighter_089,,01/01/2003,b,SD,Judge_030,Judge_142,Judge_021
https://example.com/video
9,10,10,10,8,9,,,,,,
10,9,9,9,10,10,,,,,,
10,10,10,9,8,9,,,,,,
9,9,9,10,10,10,,,,,,
10,10,10,10,8,9,,,,,,
9,9,9,9,10,10,,,,,,
Fighter_1276,Fighter_902,,01/02/2003,r,RTD,Judge_019,Judge_142,Judge_559
https://example.com/video
10,10,,,,,,,,,,
9,9,,,,,,,,,,
10,10,,,,,,,,,,
9,9,,,,,,,,,,
10,10,,,,,,,,,,
9,9,,,,,,,,,,
Fighter_385,Fighter_517,,01/03/2003,r,UD,Judge_030,Judge_142,Judge_021
https://example.com/video
10,10,10,10,10,10,10,10,,,,
9,9,9,9,9,9,9,9,,,,
10,10,10,10,9,10,10,10,,,,
9,9,9,9,10,9,9,9,,,,
10,10,10,10,10,10,10,10,,,,
9,9,9,9,9,9,9,9,,,,
Fighter_054,Fighter_767,,01/04/2003,r,TKO,Judge_019,Judge_142,Judge_021
https://example.com/video
10,,,,,,,,,,,
9,,,,,,,,,,,
10,,,,,,,,,,,
9,,,,,,,,,,,
10,,,,,,,,,,,
9,,,,,,,,,,,
Fighter_1280,Fighter_547,,01/05/2003,r,RTD,Judge_030,Judge_559,Judge_021
https://example.com/video
10,10,,,,,,,,,,
8,8,,,,,,,,,,
10,10,,,,,,,,,,
8,8,,,,,,,,,,
10,10,,,,,,,,,,
8,8,,,,,,,,,,
Fighter_943,Fighter_1065,,01/06/2003,b,SD,Judge_538,Judge_480,Judge_607
https://example.com/video
10,10,9,10,9,10,9,10,10,10,9,10
9,9,10,9,10,9,10,9,9,9,10,9
10,9,9,9,9,10,10,9,10,10,9,9
9,10,10,10,10,9,9,10,9,9,10,10
10,10,9,9,9,9,9,9,10,10,9,9
9,9,10,10,10,10,10,10,9,9,10,10
Fighter_749,Fighter_755,,01/07/2003,r,MD,Judge_577,Judge_533,Judge_326
https://example.com/video
10,9,10,10,10,9,9,9,,,,
9,10,9,9,9,10,10,10,,,,
10,10,10,10,10,10,9,9,,,,
9,9,9,9,9,9,10,10,,,,
10,10,10,10,10,10,9,9,,,,
9,9,9,9,9,9,10,10,,,,
Fighter_750,Fighter_1069,,01/08/2003,r,UD,Judge_352,Judge_163,Judge_579
https://example.com/video
10,10,10,10,9,10,10,10,9,10,9,9
9,8,9,9,10,9,9,9,10,9,10,10
10,10,9,10,9,10,10,10,9,9,9,9
9,8,10,9,10,9,9,9,10,10,10,10
10,10,10,10,9,10,10,10,9,9,9,9
9,8,9,9,10,9,9,9,10,10,10,10
Fighter_083,Fighter_014,,01/09/2003,r,UD,Judge_225,Judge_472,Judge_117
https://example.com/video
10,10,9,9,9,10,10,10,9,10,,
9,9,10,10,10,9,9,9,10,9,,
10,10,9,10,10,10,10,9,9,10,,
9,9,10,9,9,9,9,10,10,9,,
10,10,10,10,10,9,9,9,10,10,,
9,9,9,9,9,10,10,10,9,9,,
Fighter_1171,Fighter_717,,01/10/2003,r,UD,Judge_577,Judge_090,Judge_449
https://example.com/video
10,10,10,10,10,10,,,,,,
9,9,9,9,9,9,,,,,,
10,10,10,10,10,10,,,,,,
9,9,9,9,9,9,,,,,,
10,10,10,10,10,10,,,,,,
9,9,9,9,9,9,,,,,,
Fighter_220,Fighter_1191,,01/11/2003,r,UD,Judge_472,Judge_577,Judge_090
https://example.com/video
10,10,10,10,10,10,10,9,10,10,10,10
9,9,9,9,9,9,9,10,9,9,9,9
10,9,10,10,10,10,10,9,10,10,10,10
9,10,9,9,9,9,9,10,9,9,9,9
10,9,10,10,10,10,9,10,10,10,10,10
9,10,9,9,9,9,10,9,9,9,9,9
Fighter_506,Fighter_1089,,01/12/2003,r,TKO,Judge_019,Judge_030,Judge_021
https://example.com/video
10,,,,,,,,,,,
9,,,,,,,,,,,
10,,,,,,,,,,,
9,,,,,,,,,,,
10,,,,,,,,,,,
9,,,,,,,,,,,
Fighter_480,Fighter_039,,01/13/2003,b,SD,Judge_225,Judge_121,Judge_594
https://example.com/video
9,9,10,10,9,9,9,9,10,10,9,9
10,10,9,9,10,10,10,10,8,9,10,10
10,10,10,10,9,10,10,10,10,10,9,10
9,9,9,9,10,9,9,9,8,9,10,9
9,9,10,9,9,10,9,9,10,10,10,9
10,10,9,10,10,9,10,10,8,9,9,10
Fighter_1274,Fighter_509,,01/14/2003,r,KO,Judge_278,Judge_599,Judge_067
https://example.com/video
10,9,10,9,9,,,,,,,
9,10,9,10,10,,,,,,,
9,9,10,9,10,,,,,,,
10,10,9,10,9,,,,,,,
10,10,10,9,10,,,,,,,
9,9,9,10,9,,,,,,,
Fighter_266,Fighter_1141,,01/15/2003,r,UD,Judge_470,Judge_577,Judge_164
https://example.com/video
10,10,10,9,10,10,9,10,10,10,,
9,9,9,10,9,9,10,9,9,9,,
10,10,10,9,10,10,10,10,10,10,,
9,9,9,10,9,9,9,9,9,9,,
10,10,10,10,10,10,10,10,10,10,,
9,9,9,9,9,9,9,9,9,9,,
Fighter_390,Fighter_777,,01/16/2003,b,SD,Judge_425,Judge_323,Judge_170
https://example.com/video
9,9,10,9,9,9,9,10,10,9,,
10,10,9,10,10,10,10,9,9,10,,
9,10,10,10,9,10,10,10,10,10,,
10,9,9,9,10,9,9,9,9,9,,
9,9,10,9,9,9,9,10,10,9,,
10,10,9,10,10,10,10,9,9,10,,
Fighter_840,Fighter_375,,01/17/2003,r,UD,Judge_225,Judge_149,Judge_382
https://example.com/video
10,10,10,9,10,10,10,9,10,9,,
9,9,8,10,9,9,9,10,9,10,,
10,10,10,9,10,10,10,9,10,9,,
9,9,8,10,9,9,9,10,9,10,,
10,10,10,9,10,10,10,10,10,10,,
9,9,8,10,9,9,9,9,9,9,,
Fighter_1027,Fighter_1195,,01/18/2003,r,UD,Judge_577,Judge_126,Judge_594
https://example.com/video
10,9,9,10,9,9,10,10,10,10,,
9,10,10,9,10,10,9,8,9,9,,
10,9,9,10,9,10,10,10,10,10,,
9,10,10,9,10,9,9,8,9,9,,
9,9,9,10,10,9,9,10,10,10,,
10,10,10,9,9,10,10,8,9,9,,
Fighter_1085,Fighter_1177,,01/19/2003,b,UD,Judge_472,Judge_117,Judge_425
https://example.com/video
9,9,9,10,9,9,9,10,9,9,,
10,10,10,9,10,10,10,9,10,10,,
9,9,9,10,10,10,9,9,9,9,,
10,10,10,9,9,9,10,10,10,10,,
9,10,9,10,9,10,10,9,9,9,,
10,9,10,9,10,9,9,10,10,10,,
Fighter_250,Fighter_1041,,01/20/2003,r,UD,Judge_577,Judge_594,Judge_090
https://example.com/video
10,10,9,9,10,10,10,10,,,,
9,9,10,10,9,9,9,9,,,,
9,9,9,10,10,10,10,10,,,,
10,10,10,9,9,9,9,9,,,,
10,10,9,10,10,9,9,10,,,,
9,9,10,9,9,10,10,9,,,,
Fighter_140,Fighter_605,,01/21/2003,r,UD,Judge_472,Judge_126,Judge_382
https://example.com/video
10,10,10,10,10,10,,,,,,
8,9,9,8,9,9,,,,,,
10,10,10,10,10,10,,,,,,
8,9,9,8,9,9,,,,,,
10,10,10,10,10,10,,,,,,
8,9,9,8,9,9,,,,,,
Fighter_666,Fighter_1188,,01/22/2003,b,TKO,Judge_638,Judge_008,Judge_588
https://example.com/video
9,9,,,,,,,,,,
10,10,,,,,,,,,,
9,9,,,,,,,,,,
10,10,,,,,,,,,,
9,9,,,,,,,,,,
10,10,,,,,,,,,,
Fighter_608,Fighter_865,,01/23/2003,r,UD,Judge_425,Judge_121,Judge_515
https://example.com/video
9,10,10,10,10,10,,,,,,
10,9,9,9,9,9,,,,,,
10,10,10,9,10,10,,,,,,
9,9,9,10,9,9,,,,,,
9,10,10,10,10,10,,,,,,
10,9,9,9,9,9,,,,,,
Fighter_1328,Fighter_213,,01/24/2003,b,UD,Judge_430,Judge_615,Judge_364
https://example.com/video
9,9,10,9,10,9,9,9,9,9,9,9
10,10,9,10,9,10,10,10,10,10,10,10
9,9,9,10,9,9,9,10,9,9,9,10
10,10,10,10,10,10,10,9,10,10,10,9
9,9,9,10,10,9,9,9,9,9,9,10
10,10,10,9,9,10,10,10,10,10,10,9
Fighter_915,Fighter_1173,,01/25/2003,r,UD,Judge_426,Judge_278,Judge_599
https://example.com/video
10,10,10,8,10,10,10,10,,,,
9,9,9,10,9,9,9,9,,,,
10,10,10,8,10,10,10,10,,,,
9,9,9,10,9,9,9,9,,,,
10,9,10,8,10,10,10,10,,,,
9,10,9,10,9,9,9,9,,,,
Fighter_850,Fighter_499,,01/26/2003,r,UD,Judge_332,Judge_178,Judge_186
https://example.com/video
10,10,10,10,10,10,10,10,,,,
9,9,9,9,9,9,9,9,,,,
10,10,10,10,10,10,10,10,,,,
9,9,9,9,9,9,9,9,,,,
10,10,10,10,10,10,10,10,,,,
9,9,9,9,9,9,9,9,,,,
Fighter_562,Fighter_362,,01/27/2003,r,UD,Judge_382,Judge_594,Judge_101
https://example.com/video
10,10,10,10,10,10,,,,,,
9,9,9,9,9,9,,,,,,
10,10,10,10,10,9,,,,,,
9,9,9,9,9,10,,,,,,
10,10,10,10,10,9,,,,,,
9,9,9,9,9,10,,,,,,
Fighter_1290,Fighter_432,,01/28/2003,r,UD,Judge_511,Judge_127,Judge_240
https://example.com/video
10,10,10,10,10,10,,,,,,
9,9,9,9,9,9,,,,,,
10,10,10,10,10,10,,,,,,
9,9,9,9,9,9,,,,,,
10,10,10,10,10,10,,,,,,
9,9,9,9,9,9,,,,,,
Fighter_789,Fighter_801,,01/29/2003,r,UD,Judge_051,Judge_533,Judge_510
https://example.com/video
10,10,10,10,10,10,9,10,10,9,,
9,9,9,9,9,9,10,9,9,10,,
10,10,10,10,10,10,10,10,10,10,,
9,9,9,9,9,9,9,9,9,9,,
10,10,10,10,10,10,10,10,10,9,,
9,9,9,9,9,9,9,9,9,10,,
Fighter_576,Fighter_1109,,01/30/2003,r,UD,Judge_456,Judge_404,Judge_510
https://example.com/video
10,10,10,10,10,10,10,10,,,,
9,9,9,9,9,9,9,9,,,,
10,10,10,10,10,10,10,10,,,,
9,9,9,9,9,9,9,9,,,,
10,10,10,10,10,10,10,10,,,,
9,9,9,9,9,9,9,9,,,,
Fighter_367,Fighter_060,,01/31/2003,r,UD,Judge_456,Judge_404,Judge_510
https://example.com/video
10,10,10,10,10,10,10,10,,,,
9,9,9,9,9,9,9,9,,,,
10,10,10,10,10,10,10,10,,,,
9,9,9,9,9,9,9,9,,,,
10,10,10,10,10,10,10,10,,,,
9,9,9,9,9,9,9,9,,,,
Fighter_216,Fighter_1144,,02/01/2003,r,UD,Judge_543,Judge_115,Judge_391
https://example.com/video
10,10,10,10,10,10,,,,,,
9,9,9,9,9,9,,,,,,
10,10,10,10,10,10,,,,,,
9,9,9,9,9,9,,,,,,
10,10,10,10,10,10,,,,,,
9,9,9,9,9,9,,,,,,
Fighter_1024,Fighter_1310,,02/02/2003,r,UD,Judge_422,Judge_615,Judge_364
https://example.com/video
10,10,10,10,10,10,10,10,10,10,,
9,9,9,9,9,9,9,9,9,9,,
10,10,10,10,10,10,10,10,10,10,,
9,9,9,9,9,9,9,9,9,9,,
10,10,10,10,10,10,10,10,10,10,,
9,9,9,9,9,9,9,9,9,9,,
Fighter_1193,Fighter_1064,,02/03/2003,r,SD,Judge_444,Judge_307,Judge_275
https://example.com/video
10,8,9,10,10,9,,,,,,
9,10,10,9,9,10,,,,,,
10,8,10,10,10,10,,,,,,
9,10,9,9,9,9,,,,,,
10,8,10,10,10,10,,,,,,
9,10,9,9,9,9,,,,,,
Fighter_560,Fighter_094,,02/04/2003,b,TKO,Judge_379,Judge_524,Judge_296
https://example.com/video
9,9,9,9,9,8,9,10,,,,
10,10,10,10,10,10,10,9,,,,
9,9,9,9,9,8,9,10,,,,
10,10,10,10,10,10,10,9,,,,
9,9,9,9,9,8,9,10,,,,
10,10,10,10,10,10,10,9,,,,
Fighter_641,Fighter_1006,,02/05/2003,r,TKO,Judge_086,Judge_611,Judge_579
https://example.com/video
10,9,10,9,9,10,,,,,,
9,10,8,10,10,9,,,,,,
10,9,10,10,9,10,,,,,,
9,10,8,9,10,9,,,,,,
10,9,10,10,9,10,,,,,,
9,10,8,9,10,9,,,,,,
Fighter_1227,Fighter_1099,,02/06/2003,r,UD,Judge_352,Judge_611,Judge_350
https://example.com/video
9,10,10,10,10,10,10,8,10,10,,
10,9,9,9,9,9,9,10,9,9,,
10,9,10,10,10,10,10,8,10,9,,
9,10,9,9,9,9,9,10,9,10,,
9,10,10,10,10,10,10,8,10,9,,
10,9,9,9,9,9,9,10,9,10,,
Fighter_578,Fighter_410,,02/07/2003,r,KO,Judge_126,Judge_575,Judge_131
https://example.com/video
9,10,9,9,9,10,10,10,10,,,
10,9,10,10,10,9,9,9,9,,,
9,9,10,10,10,10,10,10,9,,,
10,10,9,9,9,9,9,9,10,,,
10,9,10,10,10,10,10,9,10,,,
9,10,9,9,9,9,9,10,9,,,
Fighter_1301,Fighter_293,,02/08/2003,r,UD,Judge_363,Judge_172,Judge_601
https://example.com/video
10,10,10,10,10,10,10,10,10,10,,
9,9,9,9,9,9,9,9,9,9,,
10,10,10,10,10,10,10,10,10,10,,
9,9,9,9,9,9,9,9,9,9,,
10,10,10,10,10,10,10,10,10,10,,
9,9,9,9,9,9,9,9,9,9,,
Fighter_1166,Fighter_224,,02/09/2003,r,SD,Judge_149,Judge_126,Judge_382
https://example.com/video
9,10,9,10,8,10,10,9,10,10,,
10,9,10,9,10,9,9,10,9,9,,
10,9,10,10,8,10,10,9,10,10,,
9,10,9,9,10,9,9,10,9,9,,
10,10,10,9,8,10,10,9,9,9,,
9,9,9,10,10,9,9,10,10,10,,
Fighter_131,Fighter_536,,02/10/2003,r,UD,Judge_391,Judge_274,Judge_624
https://example.com/video
9,10,10,10,10,9,9,10,9,10,,
10,9,9,9,9,10,10,9,10,9,,
9,10,10,9,9,10,10,10,10,10,,
10,9,9,10,10,9,9,9,9,9,,
10,9,10,10,9,10,10,10,9,10,,
9,10,9,9,10,9,9,9,10,9,,
Fighter_697,Fighter_1081,,02/11/2003,r,UD,Judge_115,Judge_391,Judge_624
https://example.com/video
10,9,10,10,10,10,10,10,,,,
9,10,9,9,9,9,9,9,,,,
10,10,10,10,10,10,10,10,,,,
9,9,9,9,9,9,9,9,,,,
10,10,10,10,9,9,10,10,,,,
9,9,9,9,10,10,9,9,,,,
Fighter_793,Fighter_809,,02/12/2003,r,KO,Judge_115,Judge_274,Judge_624
https://example.com/video
10,10,10,,,,,,,,,
9,9,9,,,,,,,,,
10,10,10,,,,,,,,,
9,9,9,,,,,,,,,
10,10,10,,,,,,,,,
9,9,9,,,,,,,,,
Fighter_929,Fighter_1083,,02/13/2003,r,TKO,Judge_574,Judge_228,Judge_294
https://example.com/video
10,10,10,10,10,10,10,10,10,,,
9,9,8,9,9,9,8,9,10,,,
10,10,10,10,9,10,10,10,9,,,
9,9,8,9,10,9,8,9,10,,,
10,10,10,10,10,10,10,10,9,,,
9,9,8,9,9,9,8,9,10,,,
Fighter_146,Fighter_354,,02/14/2003,r,MD,Judge_225,Judge_483,Judge_400
https://example.com/video
9,9,10,9,10,10,10,9,9,10,10,10
10,10,9,10,9,9,9,10,10,9,9,9
9,9,10,10,10,10,10,9,9,10,10,10
10,10,9,9,9,9,9,10,10,9,9,9
9,9,10,9,10,10,9,9,9,10,10,10
10,10,9,10,9,9,10,10,10,9,9,9
Fighter_730,Fighter_1186,,02/15/2003,r,TKO,Judge_013,Judge_365,Judge_339
https://example.com/video
10,10,10,9,10,,,,,,,
9,9,9,10,9,,,,,,,
10,10,10,10,10,,,,,,,
9,9,9,9,9,,,,,,,
10,10,10,10,10,,,,,,,
9,9,9,9,9,,,,,,,
Fighter_1183,Fighter_1124,,02/16/2003,b,UD,Judge_435,Judge_369,Judge_367
https://example.com/video
10,9,10,9,9,10,10,9,10,8,9,9
9,10,9,10,10,9,9,10,9,10,10,10
10,9,9,9,9,9,10,9,10,8,9,9
9,10,10,10,10,10,9,10,9,10,10,10
10,9,10,10,9,9,10,9,10,8,10,9
9,10,9,9,10,10,9,10,9,10,9,10
Fighter_753,Fighter_283,,02/17/2003,r,TKO,Judge_013,Judge_365,Judge_339
https://example.com/video
10,10,10,9,10,10,9,10,10,10,,
9,9,9,10,9,9,10,9,9,9,,
10,10,10,10,10,10,9,10,10,10,,
9,9,9,9,9,9,10,9,9,9,,
10,10,10,10,10,10,9,10,10,10,,
9,9,9,9,9,9,10,9,9,9,,
Fighter_1123,Fighter_1199,,02/18/2003,r,SD,Judge_524,Judge_370,Judge_235
https://example.com/video
10,9,9,10,10,10,9,9,10,9,10,10
9,10,10,9,9,9,10,10,9,10,9,9
10,10,10,9,10,10,10,10,9,9,10,10
9,9,9,10,9,9,9,9,10,10,9,9
10,9,9,9,9,10,9,9,10,9,10,10
9,10,10,10,10,9,10,10,9,10,9,9
Fighter_1159,Fighter_579,,02/19/2003,r,TKO,Judge_301,Judge_629,Judge_416
https://example.com/video
10,10,,,,,,,,,,
9,9,,,,,,,,,,
9,10,,,,,,,,,,
10,9,,,,,,,,,,
9,10,,,,,,,,,,
10,9,,,,,,,,,,
Fighter_170,Fighter_1207,,02/20/2003,r,TKO,Judge_379,Judge_018,Judge_051
https://example.com/video
10,10,,,,,,,,,,
9,6,,,,,,,,,,
10,10,,,,,,,,,,
9,6,,,,,,,,,,
10,10,,,,,,,,,,
9,6,,,,,,,,,,
Fighter_1065,Fighter_943,,02/21/2003,b,SD,Judge_425,Judge_605,Judge_172
https://example.com/video
9,10,10,10,9,9,10,9,9,9,10,9
10,9,9,9,10,10,9,10,10,10,9,10
9,10,10,10,9,10,10,9,9,9,10,10
10,9,9,9,10,9,9,10,10,10,9,9
9,9,10,10,9,9,9,9,10,9,10,10
10,10,9,9,10,10,10,10,9,10,9,9
Fighter_209,Fighter_894,,02/22/2003,r,RTD,Judge_425,Judge_323,Judge_605
https://example.com/video
10,10,10,10,10,,,,,,,
9,9,9,9,9,,,,,,,
10,10,10,10,10,,,,,,,
9,9,9,9,9,,,,,,,
10,10,10,10,10,,,,,,,
9,9,9,9,9,,,,,,,
Fighter_014,Fighter_538,,02/23/2003,d,SD,Judge_052,Judge_144,Judge_172
https://example.com/video
9,9,10,10,10,10,10,9,10,9,,
10,10,9,9,9,9,9,10,9,10,,
9,9,10,9,10,9,10,9,9,9,,
10,10,9,10,9,10,9,10,10,10,,
9,10,9,10,10,10,9,10,9,9,,
10,9,10,9,9,9,10,9,10,10,,
Fighter_1027,Fighter_632,,02/24/2003,r,TKO,Judge_052,Judge_144,Judge_323
https://example.com/video
10,,,,,,,,,,,
9,,,,,,,,,,,
10,,,,,,,,,,,
9,,,,,,,,,,,
10,,,,,,,,,,,
9,,,,,,,,,,,
Fighter_576,Fighter_1007,,02/25/2003,r,TKO,Judge_144,Judge_425,Judge_605
https://example.com/video
10,10,10,10,10,10,10,,,,,
9,9,9,9,9,9,9,,,,,
10,10,10,10,10,10,10,,,,,
9,9,9,9,9,9,9,,,,,
10,10,10,10,10,10,10,,,,,
9,9,9,9,9,9,9,,,,,
Fighter_292,Fighter_1046,,02/26/2003,r,TKO,Judge_052,Judge_425,Judge_172
https://example.com/video
10,10,,,,,,,,,,
9,9,,,,,,,,,,
10,10,,,,,,,,,,
9,9,,,,,,,,,,
10,10,,,,,,,,,,
9,9,,,,,,,,,,
Fighter_066,Fighter_965,,02/27/2003,r,TKO,Judge_052,Judge_323,Judge_172
https://example.com/video
10,,,,,,,,,,,
9,,,,,,,,,,,
10,,,,,,,,,,,
9,,,,,,,,,,,
10,,,,,,,,,,,
9,,,,,,,,,,,
Fighter_1303,Fighter_374,,02/28/2003,r,TKO,Judge_144,Judge_323,Judge_605
https://example.com/video
10,10,10,,,,,,,,,
9,9,9,,,,,,,,,
10,10,10,,,,,,,,,
9,9,9,,,,,,,,,
10,10,10,,,,,,,,,
9,9,9,,,,,,,,,
Fighter_1309,Fighter_651,,03/01/2003,r,TKO,Judge_199,Judge_444,Judge_115
https://example.com/video
9,9,10,10,10,10,,,,,,
10,10,9,9,9,8,,,,,,
9,10,10,10,10,10,,,,,,
10,9,9,9,9,8,,,,,,
9,10,10,10,10,10,,,,,,
10,9,9,9,9,8,,,,,,
Fighter_241,Fighter_399,,03/02/2003,d,MD,Judge_444,Judge_245,Judge_164
https://example.com/video
10,10,7,9,10,10,10,9,8,10,,
9,9,10,10,8,9,9,10,10,9,,
10,10,7,10,10,10,10,9,8,10,,
9,9,10,9,8,9,9,10,10,9,,
10,10,7,9,10,10,10,9,8,10,,
9,9,10,10,8,9,9,10,10,9,,
Fighter_260,Fighter_961,,03/03/2003,b,TKO,Judge_307,Judge_599,Judge_027
https://example.com/video
9,9,9,10,9,9,9,9,,,,
10,10,10,9,10,10,10,10,,,,
9,9,9,10,10,9,9,9,,,,
10,10,10,9,9,10,10,10,,,,
9,9,9,9,10,9,9,9,,,,
10,10,10,10,9,10,10,10,,,,
Fighter_324,Fighter_912,,03/04/2003,r,UD,Judge_307,Judge_067,Judge_027
https://example.com/video
9,10,10,10,9,10,10,10,,,,
10,9,9,9,10,9,8,9,,,,
9,10,10,10,10,10,10,9,,,,
10,9,9,9,9,9,8,10,,,,
9,10,9,9,10,10,10,10,,,,
10,9,10,10,9,9,8,9,,,,
Fighter_452,Fighter_1035,,03/05/2003,r,UD,Judge_472,Judge_126,Judge_594
https://example.com/video
10,10,10,10,9,10,10,10,10,10,8,9
9,9,9,9,10,9,9,9,9,9,10,10
10,10,10,10,10,10,10,10,10,10,8,10
9,9,9,9,9,9,9,9,9,9,10,9
10,10,10,10,10,10,10,10,10,10,8,10
9,9,9,9,9,9,9,9,9,9,10,9
Fighter_176,Fighter_326,,03/06/2003,r,SD,Judge_117,Judge_641,Judge_090
https://example.com/video
10,10,10,10,9,10,10,10,9,10,10,10
9,9,9,9,10,9,9,9,10,9,9,9
10,9,9,10,10,10,10,10,9,10,10,10
9,10,10,9,9,9,9,9,10,9,9,9
9,10,9,10,9,10,9,9,9,10,9,9
10,9,10,9,10,9,10,10,10,9,10,10
Fighter_475,Fighter_474,,03/07/2003,r,TKO,Judge_472,Judge_126,Judge_170
https://example.com/video
10,10,9,10,10,10,,,,,,
9,9,10,9,9,9,,,,,,
9,10,9,10,10,10,,,,,,
10,9,10,9,9,9,,,,,,
9,10,9,10,10,10,,,,,,
10,9,10,9,9,9,,,,,,
Fighter_311,Fighter_269,,03/08/2003,r,TKO,Judge_594,Judge_186,Judge_090
https://example.com/video
10,10,,,,,,,,,,
8,9,,,,,,,,,,
10,10,,,,,,,,,,
8,9,,,,,,,,,,
10,10,,,,,,,,,,
8,9,,,,,,,,,,
Fighter_623,Fighter_368,,03/09/2003,r,UD,Judge_194,Judge_607,Judge_211
https://example.com/video
10,10,9,10,10,10,10,10,,,,
9,9,10,9,9,9,9,9,,,,
10,10,10,9,10,9,10,10,,,,
9,9,9,10,9,10,9,9,,,,
10,10,9,9,10,10,10,10,,,,
9,9,10,10,9,9,9,9,,,,
Fighter_593,Fighter_738,,03/10/2003,r,UD,Judge_577,Judge_172,Judge_113
https://example.com/video
10,10,10,9,10,10,10,9,10,10,9,9
9,9,9,10,8,9,9,10,9,8,10,10
10,10,10,9,10,10,10,9,10,10,9,10
9,9,9,10,8,9,9,10,9,8,10,9
10,10,10,10,10,10,10,10,9,10,10,10
9,9,9,9,8,9,9,9,10,8,9,9
Fighter_771,Fighter_759,,03/11/2003,r,SD,Judge_323,Judge_407,Judge_211
https://example.com/video
9,10,9,10,9,9,,,,,,
10,9,10,9,10,10,,,,,,
10,10,9,10,10,10,,,,,,
9,9,10,9,9,9,,,,,,
10,10,9,10,10,10,,,,,,
9,9,10,9,9,9,,,,,,
Fighter_824,Fighter_670,,03/12/2003,r,TKO,Judge_200,Judge_474,Judge_071
https://example.com/video
10,,,,,,,,,,,
9,,,,,,,,,,,
10,,,,,,,,,,,
9,,,,,,,,,,,
10,,,,,,,,,,,
9,,,,,,,,,,,
Fighter_896,Fighter_585,,03/13/2003,b,KO,Judge_357,Judge_376,Judge_421
https://example.com/video
10,9,10,10,9,10,10,10,9,,,
10,10,9,10,10,10,9,8,10,,,
9,9,9,9,9,9,10,10,8,,,
10,10,10,10,10,10,10,8,10,,,
9,9,10,10,9,10,10,10,9,,,
10,10,9,10,10,9,10,8,10,,,
Fighter_442,Fighter_448,,03/14/2003,r,TKO,Judge_569,Judge_223,Judge_153
https://example.com/video
10,10,10,7,9,10,9,10,10,10,9,
7,9,9,10,10,9,9,9,10,8,10,
10,10,10,7,9,10,9,10,10,10,9,
7,9,9,10,10,9,9,9,9,8,10,
10,10,9,7,9,10,9,10,10,10,9,
7,9,10,10,10,9,9,9,9,8,10,
Fighter_893,Fighter_588,,03/15/2003,d,SD,Judge_602,Judge_203,Judge_520
https://example.com/video
10,9,10,10,10,9,10,10,10,9,10,8
9,10,9,9,9,10,9,9,9,10,10,10
10,9,9,10,9,9,9,10,10,9,9,9
9,10,10,9,10,10,10,9,9,10,10,10
10,9,10,10,9,9,10,10,10,9,9,9
9,10,9,9,10,10,9,9,9,10,10,10
Fighter_875,Fighter_182,,03/16/2003,r,TKO,Judge_327,Judge_085,Judge_213
https://example.com/video
10,9,8,10,,,,,,,,
9,10,10,9,,,,,,,,
10,10,8,10,,,,,,,,
9,10,10,9,,,,,,,,
10,9,8,9,,,,,,,,
9,10,10,10,,,,,,,,
Fighter_992,Fighter_1015,,03/17/2003,r,UD,Judge_192,Judge_299,Judge_248
https://example.com/video
10,10,10,10,10,10,10,10,10,9,9,9
9,9,9,9,9,8,9,7,9,10,10,10
10,10,10,10,9,10,10,10,10,9,10,9
9,9,9,9,10,8,9,7,9,10,9,10
10,10,10,10,9,10,10,10,10,9,9,9
9,9,9,9,10,8,9,8,9,10,10,10
Fighter_261,Fighter_933,1,03/18/2003,r,TKO,Judge_327,Judge_104,Judge_516
https://example.com/video
9,9,10,10,9,9,10,10,,,,
10,10,9,9,10,10,9,9,,,,
9,10,10,9,9,9,10,10,,,,
10,9,9,10,10,10,9,9,,,,
9,9,10,10,9,9,9,10,,,,
10,10,9,9,10,10,10,9,,,,
Fighter_963,Fighter_492,,03/19/2003,r,TKO,Judge_540,Judge_242,Judge_517
https://example.com/video
10,9,10,,,,,,,,,
8,10,9,,,,,,,,,
10,9,10,,,,,,,,,
8,10,9,,,,,,,,,
10,10,9,,,,,,,,,
8,9,10,,,,,,,,,
Fighter_992,Fighter_1110,,03/20/2003,r,UD,Judge_375,Judge_188,Judge_305
https://example.com/video
10,10,10,10,10,10,10,10,10,10,10,9
9,9,9,9,10,9,9,10,9,9,9,10
10,10,10,10,9,10,10,10,10,10,10,10
9,9,9,9,10,9,9,9,9,9,9,9
10,10,10,9,10,10,10,10,10,10,10,10
9,9,9,10,9,9,9,9,9,9,9,9
Fighter_875,Fighter_421,,03/21/2003,r,MD,Judge_104,Judge_299,Judge_095
https://example.com/video
9,9,10,10,10,10,9,9,9,10,9,10
10,10,9,9,9,9,10,10,10,9,10,9
10,10,9,10,10,10,9,10,9,9,9,10
9,10,10,9,9,9,10,9,10,10,10,9
9,9,10,10,10,10,10,10,9,10,9,10
10,10,9,9,9,9,9,9,10,9,10,9
Fighter_791,Fighter_997,,03/22/2003,r,TKO,Judge_327,Judge_063,Judge_319
https://example.com/video
10,10,10,10,9,10,10,,,,,
8,9,9,9,9,9,9,,,,,
10,10,10,10,9,10,10,,,,,
8,9,9,9,9,9,10,,,,,
10,10,10,10,9,10,10,,,,,
8,9,10,9,9,10,9,,,,,
Fighter_875,Fighter_488,,03/23/2003,b,KO,Judge_299,Judge_153,Judge_095
https://example.com/video
10,9,10,9,10,10,10,10,10,,,
9,10,9,10,9,9,9,9,9,,,
9,10,10,9,9,9,10,10,10,,,
10,9,9,10,10,10,9,9,9,,,
10,9,10,9,10,10,10,10,10,,,
9,10,9,10,9,9,9,9,9,,,
Fighter_488,Fighter_164,,03/24/2003,r,MD,Judge_299,Judge_095,Judge_354
https://example.com/video
9,10,9,10,10,10,10,10,9,9,10,9
10,9,10,9,9,9,9,9,10,10,9,10
9,10,10,9,10,10,10,10,9,9,9,9
10,9,9,10,9,9,9,9,10,10,10,10
10,10,10,9,10,10,9,9,9,9,10,10
9,9,9,10,9,9,10,10,10,10,9,9
Fighter_1189,Fighter_580,,03/25/2003,r,UD,Judge_577,Judge_126,Judge_594
https://example.com/video
10,9,9,10,10,10,10,10,9,10,10,10
9,10,10,9,9,9,9,9,10,9,9,9
10,9,9,9,9,10,10,10,9,10,10,10
9,10,10,10,10,9,9,9,10,9,9,9
10,10,9,10,9,9,10,9,9,10,10,10
9,9,10,9,10,10,9,10,10,9,9,9
Fighter_502,Fighter_200,,03/26/2003,b,KO,Judge_472,Judge_186,Judge_125
https://example.com/video
9,10,9,9,10,10,10,9,9,,,
10,9,10,10,9,9,9,10,10,,,
9,9,9,9,9,10,9,9,9,,,
10,10,10,10,10,9,10,10,10,,,
9,9,9,9,10,9,10,9,9,,,
10,10,10,10,9,10,9,10,10,,,
Fighter_773,Fighter_263,,03/27/2003,r,UD,Judge_471,Judge_149,Judge_579
https://example.com/video
10,9,10,10,10,10,9,10,10,9,10,10
9,10,9,9,9,9,10,8,9,10,9,9
9,9,10,10,10,10,9,10,10,9,10,10
10,10,9,9,9,9,10,8,9,10,9,9
10,10,10,10,9,10,10,10,10,10,10,10
9,9,9,9,10,9,9,8,9,9,9,9
Fighter_906,Fighter_1084,1,03/28/2003,r,DQ,Judge_587,Judge_096,Judge_047
https://example.com/video
9,10,10,10,9,9,8,10,,,,
10,9,9,9,10,10,10,9,,,,
9,10,10,10,9,9,8,10,,,,
10,9,9,10,10,10,10,9,,,,
10,10,10,10,9,9,8,10,,,,
9,9,9,9,10,10,10,9,,,,
Fighter_473,Fighter_150,,03/29/2003,b,TKO,Judge_327,Judge_522,Judge_635
https://example.com/video
9,9,10,10,,,,,,,,
10,10,9,9,,,,,,,,
9,9,10,10,,,,,,,,
10,10,9,9,,,,,,,,
9,9,9,10,,,,,,,,
10,10,10,9,,,,,,,,
Fighter_451,Fighter_513,,03/30/2003,r,UD,Judge_383,Judge_417,Judge_138
https://example.com/video
10,10,9,10,10,10,10,10,10,10,,
9,9,9,9,9,9,9,9,9,9,,
10,10,9,10,10,10,10,10,10,10,,
9,9,9,9,9,9,9,9,9,9,,
10,10,9,10,10,10,10,10,10,10,,
9,9,9,9,9,9,9,9,9,9,,
Fighter_411,Fighter_099,,03/31/2003,r,KO,Judge_104,Judge_095,Judge_047
https://example.com/video
9,,,,,,,,,,,
10,,,,,,,,,,,
9,,,,,,,,,,,
10,,,,,,,,,,,
10,,,,,,,,,,,
9,,,,,,,,,,,
Fighter_716,Fighter_709,,04/01/2003,r,TKO,Judge_153,Judge_380,Judge_425
https://example.com/video
9,9,10,9,9,9,10,10,,,,
10,10,9,10,10,10,9,9,,,,
9,9,10,9,10,9,10,10,,,,
10,10,9,10,9,10,9,9,,,,
10,9,9,10,10,10,9,10,,,,
9,10,10,9,9,9,10,9,,,,
Fighter_886,Fighter_702,,04/02/2003,r,SD,Judge_604,Judge_149,Judge_323
https://example.com/video
10,10,9,10,9,10,9,9,9,9,10,9
8,9,10,9,10,9,10,10,10,10,9,10
10,9,10,10,9,10,9,9,10,10,10,10
8,10,9,9,10,9,10,10,9,9,9,9
10,10,10,9,9,10,9,9,9,10,10,10
8,9,9,10,10,9,10,10,10,9,9,9
Fighter_862,Fighter_722,,04/03/2003,b,TKO,Judge_299,Judge_095,Judge_117
https://example.com/video
10,9,10,10,10,10,10,10,9,10,10,
9,10,9,9,9,9,9,9,10,9,9,
10,9,10,9,10,9,9,10,9,10,9,
9,10,9,10,9,10,10,9,10,9,10,
10,9,10,10,10,9,10,10,9,10,10,
9,10,9,9,9,10,9,9,10,9,9,
Fighter_1270,Fighter_1216,,04/04/2003,r,TKO,Judge_153,Judge_176,Judge_102
https://example.com/video
10,10,10,10,10,10,10,10,10,,,
9,9,9,9,9,8,9,9,9,,,
10,10,10,10,10,10,10,10,10,,,
9,9,9,9,9,8,9,9,9,,,
10,10,10,10,10,10,10,10,10,,,
9,9,9,9,9,8,9,9,9,,,
Fighter_1113,Fighter_754,,04/05/2003,r,TKO,Judge_530,Judge_119,Judge_092
https://example.com/video
10,10,10,10,,,,,,,,
9,9,9,8,,,,,,,,
10,10,10,10,,,,,,,,
9,9,9,8,,,,,,,,
10,10,10,10,,,,,,,,
9,9,9,8,,,,,,,,
Fighter_071,Fighter_353,,04/06/2003,r,TKO,Judge_373,Judge_308,Judge_528
https://example.com/video
10,10,,,,,,,,,,
9,9,,,,,,,,,,
10,10,,,,,,,,,,
9,9,,,,,,,,,,
10,10,,,,,,,,,,
9,9,,,,,,,,,,
Fighter_742,Fighter_270,,04/07/2003,r,UD,Judge_320,Judge_572,Judge_026
https://example.com/video
10,10,10,10,10,10,10,10,10,10,,
9,9,9,9,9,9,9,9,9,9,,
10,10,10,10,10,10,10,10,10,10,,
9,9,9,9,9,9,9,9,9,9,,
10,10,10,10,10,10,10,10,10,10,,
9,9,9,9,9,9,9,9,9,9,,
Fighter_742,Fighter_330,1,04/08/2003,r,MD,Judge_149,Judge_324,Judge_026
https://example.com/video
10,9,9,10,10,10,9,9,10,9,,
9,10,10,9,9,9,10,10,9,10,,
10,10,10,10,10,9,9,9,10,9,,
9,9,9,9,9,10,10,10,9,10,,
10,9,10,10,9,10,10,9,10,9,,
9,10,9,9,10,9,9,10,9,10,,
Fighter_628,Fighter_406,,04/09/2003,r,MD,Judge_017,Judge_335,Judge_323
https://example.com/video
10,10,10,10,10,8,10,10,9,9,,
9,9,9,8,9,10,9,9,10,10,,
10,9,9,10,9,8,10,10,10,9,,
9,10,10,8,10,10,9,9,9,10,,
10,10,10,10,10,8,10,10,9,10,,
9,9,9,8,9,10,9,9,10,9,,
Fighter_897,Fighter_630,,04/10/2003,r,UD,Judge_126,Judge_575,Judge_083
https://example.com/video
9,9,10,9,10,9,10,10,9,9,10,10
10,10,9,10,8,10,9,9,10,10,9,9
9,9,10,10,10,10,10,10,9,10,9,10
10,10,9,9,8,9,9,9,10,9,10,9
9,9,10,9,10,10,10,10,9,10,10,10
10,10,9,10,8,9,9,9,10,9,9,9
Fighter_238,Fighter_628,,04/11/2003,b,MD,Judge_214,Judge_126,Judge_347
https://example.com/video
9,9,10,9,9,10,9,10,10,9,,
10,10,9,10,10,9,10,10,9,10,,
9,9,10,9,9,10,9,9,10,9,,
10,10,9,10,10,9,10,10,9,10,,
10,9,10,9,9,9,10,9,10,10,,
9,10,9,10,10,10,9,10,9,9,,
Fighter_690,Fighter_565,,04/12/2003,r,KO,Judge_472,Judge_577,Judge_594
https://example.com/video
7,10,10,10,,,,,,,,
10,9,8,8,,,,,,,,
7,10,10,10,,,,,,,,
10,9,8,8,,,,,,,,
7,10,10,10,,,,,,,,
10,9,8,8,,,,,,,,
Fighter_395,Fighter_267,,04/13/2003,r,TKO,Judge_472,Judge_018,Judge_089
https://example.com/video
10,9,10,10,10,9,10,10,10,9,10,
9,10,9,8,9,10,8,7,9,10,9,
10,9,10,10,10,9,10,10,10,9,10,
9,10,9,8,9,10,8,7,9,10,9,
10,9,10,10,10,10,10,10,9,10,9,
9,10,9,8,9,9,8,7,10,9,10,
Fighter_1070,Fighter_1034,3,04/14/2003,r,UD,Judge_336,Judge_560,Judge_286
https://example.com/video
9,9,9,10,10,9,10,10,10,10,9,10
10,10,10,9,9,10,9,9,9,9,10,9
9,9,9,10,10,9,10,10,10,10,10,10
10,10,10,9,9,10,9,9,9,9,9,9
9,9,9,10,10,9,10,10,10,10,10,10
10,10,10,9,9,10,9,9,9,9,9,9
Fighter_742,Fighter_449,,04/15/2003,r,UD,Judge_483,Judge_403,Judge_294
https://example.com/video
9,10,10,10,10,9,9,10,10,9,,
10,9,9,9,9,9,10,9,9,10,,
10,10,10,10,10,10,9,10,10,9,,
10,9,9,9,9,8,10,9,9,10,,
9,10,10,10,10,10,9,10,10,9,,
10,9,9,9,9,8,10,9,9,10,,
Fighter_742,Fighter_071,,04/16/2003,r,SD,Judge_225,Judge_234,Judge_051
https://example.com/video
10,10,10,9,9,9,10,10,10,10,,
9,9,9,10,10,10,9,9,9,9,,
10,10,9,10,8,9,10,10,10,10,,
9,9,10,9,10,10,9,9,9,9,,
9,10,9,9,9,9,9,10,10,10,,
10,9,10,10,10,10,10,9,9,9,,
Fighter_813,Fighter_165,,04/17/2003,r,KO,Judge_017,Judge_089,Judge_641
https://example.com/video
10,10,10,9,10,9,10,9,9,10,,
9,9,9,10,9,10,9,10,10,8,,
10,9,10,9,10,10,10,9,9,10,,
9,10,9,10,9,9,9,10,10,8,,
10,9,10,9,10,10,9,9,9,10,,
9,10,9,10,9,9,10,10,10,8,,
Fighter_244,Fighter_742,,04/18/2003,b,MD,Judge_283,Judge_575,Judge_182
https://example.com/video
9,9,9,9,9,10,9,10,9,9,,
10,10,10,10,10,9,10,9,10,10,,
10,9,9,9,10,9,9,10,9,10,,
9,10,10,10,9,10,10,9,10,9,,
10,9,9,9,10,10,9,10,10,9,,
9,10,10,10,9,9,10,9,9,10,,
Fighter_1301,Fighter_981,,04/19/2003,r,UD,Judge_577,Judge_538,Judge_609
https://example.com/video
10,10,10,10,10,10,10,10,10,10,,
9,9,9,9,9,9,9,9,9,9,,
10,10,9,10,10,10,10,10,10,10,,
9,9,10,9,9,9,9,9,9,9,,
10,10,10,10,10,10,10,10,10,10,,
9,9,9,9,9,9,9,9,9,9,,
Fighter_955,Fighter_1239,,04/20/2003,r,UD,Judge_261,Judge_473,Judge_216
https://example.com/video
10,9,10,9,9,10,10,10,9,10,10,10
9,10,9,10,10,9,9,9,10,9,9,9
9,10,9,9,9,10,10,10,10,10,10,10
10,9,10,10,10,9,9,9,9,9,9,9
9,10,10,9,9,10,10,10,10,10,10,9
10,9,9,10,10,9,9,9,9,9,9,10
Fighter_475,Fighter_303,,04/21/2003,r,UD,Judge_577,Judge_425,Judge_126
https://example.com/video
10,10,10,10,10,10,10,10,10,10,,
9,9,9,9,9,9,9,9,9,9,,
10,10,10,10,10,10,10,10,10,10,,
9,9,9,9,9,9,9,9,9,9,,
10,10,10,10,10,10,10,10,10,10,,
9,9,9,9,9,9,9,9,9,9,,
Fighter_1317,Fighter_532,,04/22/2003,r,TKO,Judge_581,Judge_367,Judge_318
https://example.com/video
10,10,10,10,,,,,,,,
9,9,9,7,,,,,,,,
10,10,10,10,,,,,,,,
9,9,9,7,,,,,,,,
10,10,10,10,,,,,,,,
9,9,9,7,,,,,,,,
Fighter_500,Fighter_258,,04/23/2003,r,UD,Judge_577,Judge_132,Judge_409
https://example.com/video
9,10,10,10,10,9,10,10,10,9,9,10
10,9,9,9,9,10,9,9,9,10,10,9
9,10,9,10,10,10,10,10,9,9,10,10
10,9,10,9,9,9,9,9,10,10,9,9
9,10,10,10,10,9,10,10,10,9,9,10
10,9,9,9,9,10,9,9,9,10,10,10
Fighter_969,Fighter_1198,,04/24/2003,r,TKO,Judge_379,Judge_149,Judge_132
https://example.com/video
10,10,10,10,10,10,,,,,,
9,9,9,9,9,8,,,,,,
10,10,10,10,10,10,,,,,,
9,9,9,9,9,8,,,,,,
10,10,10,10,10,10,,,,,,
9,9,9,9,9,8,,,,,,
Fighter_696,Fighter_013,,04/25/2003,b,SD,Judge_632,Judge_434,Judge_598
https://example.com/video
10,9,10,9,9,9,9,9,9,9,,
9,10,9,10,10,10,10,10,10,10,,
9,10,10,9,9,9,9,9,10,9,,
10,9,9,10,10,10,10,10,9,10,,
10,10,10,9,10,10,10,10,10,9,,
9,9,9,10,9,9,9,9,9,10,,
Fighter_930,Fighter_264,,04/26/2003,r,UD,Judge_632,Judge_434,Judge_115
https://example.com/video
10,10,10,10,10,10,10,10,10,10,,
9,9,9,9,9,9,9,9,9,9,,
10,10,10,10,10,10,10,10,10,10,,
9,9,9,9,9,9,9,9,9,9,,
10,10,10,10,10,10,10,10,10,10,,
9,9,9,9,9,9,9,9,9,9,,
Fighter_1288,Fighter_807,,04/27/2003,r,KO,Judge_434,Judge_115,Judge_164
https://example.com/video
10,10,,,,,,,,,,
9,7,,,,,,,,,,
10,10,,,,,,,,,,
9,7,,,,,,,,,,
9,10,,,,,,,,,,
10,7,,,,,,,,,,
Fighter_396,Fighter_1138,,04/28/2003,r,TKO,Judge_632,Judge_164,Judge_598
https://example.com/video
10,10,10,,,,,,,,,
9,9,9,,,,,,,,,
9,10,10,,,,,,,,,
10,9,9,,,,,,,,,
9,10,10,,,,,,,,,
10,9,9,,,,,,,,,
Fighter_245,Fighter_1064,,04/29/2003,r,UD,Judge_632,Judge_434,Judge_115
https://example.com/video
10,10,10,10,10,10,,,,,,
8,9,9,9,9,9,,,,,,
10,10,10,10,10,10,,,,,,
8,9,9,9,9,9,,,,,,
10,10,10,10,10,10,,,,,,
8,9,9,9,9,9,,,,,,
Fighter_481,Fighter_856,,04/30/2003,b,UD,Judge_283,Judge_388,Judge_294
https://example.com/video
9,9,9,9,9,9,9,9,9,9,,
10,10,10,10,10,10,10,10,10,10,,
9,9,9,9,9,9,9,9,9,9,,
10,10,10,10,10,10,10,10,10,10,,
9,9,9,9,9,9,9,9,9,9,,
10,10,10,10,10,10,10,10,10,10,,
Fighter_181,Fighter_127,,05/01/2003,r,TKO,Judge_518,Judge_055,Judge_117
https://example.com/video
10,10,10,10,10,10,10,9,10,,,
9,9,9,9,9,7,8,9,9,,,
10,10,10,10,10,10,10,9,10,,,
9,9,9,9,9,7,8,9,9,,,
10,10,10,10,10,10,10,9,10,,,
9,9,9,9,9,7,8,9,9,,,
Fighter_411,Fighter_986,,05/02/2003,r,UD,Judge_073,Judge_319,Judge_033
https://example.com/video
10,10,10,9,10,10,10,10,10,9,9,10
9,9,9,10,9,9,9,9,9,10,10,9
10,9,10,9,10,10,10,10,10,9,10,10
9,10,9,10,9,9,9,9,9,10,9,9
9,9,10,10,10,10,10,10,9,9,10,10
10,10,9,9,9,9,9,9,10,10,9,9
Fighter_451,Fighter_682,,05/03/2003,r,UD,Judge_357,Judge_111,Judge_375
https://example.com/video
10,10,9,9,9,10,9,10,10,10,10,9
9,9,10,10,10,9,10,9,9,9,9,10
9,10,10,9,9,10,9,10,10,10,10,9
10,9,9,10,10,9,10,9,9,9,9,10
9,10,10,10,9,9,9,10,10,10,10,10
10,9,9,9,10,10,10,9,9,9,9,10
Fighter_421,Fighter_488,,05/04/2003,r,UD,Judge_602,Judge_299,Judge_252
https://example.com/video
10,9,10,10,9,10,9,10,10,9,10,9
9,10,9,9,10,9,10,9,9,10,8,10
10,9,10,10,10,10,9,10,10,10,10,9
9,10,9,9,9,9,10,9,9,9,8,10
10,9,10,10,9,10,9,10,10,9,10,10
9,10,9,9,10,9,10,9,9,10,8,9
Fighter_1051,Fighter_421,,05/05/2003,r,UD,Judge_104,Judge_299,Judge_095
https://example.com/video
9,10,10,10,9,9,10,10,10,10,10,10
10,9,9,9,10,10,9,9,9,9,8,9
9,10,10,10,10,9,10,9,10,10,10,10
10,9,9,9,9,10,9,10,9,9,8,9
9,10,10,10,9,10,10,9,9,9,10,10
10,9,9,9,10,9,9,10,10,10,8,9
Fighter_1051,Fighter_421,,05/06/2003,b,MD,Judge_299,Judge_095,Judge_472
https://example.com/video
10,9,10,9,9,9,9,9,10,9,10,10
9,10,9,10,10,10,10,10,9,10,9,9
10,10,10,9,9,9,10,9,10,9,9,10
9,9,9,10,10,10,9,10,9,10,10,9
10,10,10,9,9,9,10,9,10,9,9,10
9,9,9,10,10,10,10,10,9,10,10,9
Fighter_782,Fighter_495,,05/07/2003,r,TKO,Judge_299,Judge_153,Judge_117
https://example.com/video
10,10,9,9,10,10,9,10,9,9,10,10
9,8,10,10,9,9,10,9,8,10,8,9
9,10,9,9,9,10,10,9,9,9,10,10
10,8,10,10,10,9,9,10,8,10,8,9
9,10,9,9,10,10,9,9,9,9,10,10
10,8,10,10,9,9,10,10,8,10,8,9
Fighter_791,Fighter_522,,05/08/2003,b,KO,Judge_118,Judge_614,Judge_589
https://example.com/video
9,10,10,10,,,,,,,,
10,9,9,9,,,,,,,,
10,10,10,9,,,,,,,,
9,9,9,10,,,,,,,,
10,10,10,9,,,,,,,,
9,9,9,10,,,,,,,,
Fighter_1051,Fighter_530,,05/09/2003,r,KO,Judge_299,Judge_095,Judge_055
https://example.com/video
9,9,10,10,10,,,,,,,
10,10,7,7,8,,,,,,,
9,9,10,10,10,,,,,,,
10,10,7,7,8,,,,,,,
9,9,10,10,10,,,,,,,
10,10,8,7,10,,,,,,,
Fighter_1168,Fighter_261,,05/10/2003,r,SD,Judge_206,Judge_475,Judge_001
https://example.com/video
10,10,10,10,9,9,9,10,10,9,9,9
9,9,9,9,10,10,10,10,9,10,10,10
10,10,10,10,10,9,10,9,10,9,9,9
9,9,9,9,9,10,9,10,9,10,10,10
10,10,10,10,10,9,9,10,9,9,9,10
9,9,9,9,9,10,10,9,10,10,10,9
Fighter_467,Fighter_350,,05/11/2003,r,TKO,Judge_117,Judge_149,Judge_323
https://example.com/video
10,10,10,10,10,10,,,,,,
9,9,9,9,9,9,,,,,,
10,10,10,10,10,10,,,,,,
9,9,9,9,9,9,,,,,,
10,10,10,10,10,10,,,,,,
9,9,9,9,9,9,,,,,,
Fighter_394,Fighter_1260,,05/12/2003,r,TKO,Judge_472,Judge_126,Judge_170
https://example.com/video
9,10,10,10,10,10,,,,,,
10,9,9,9,9,8,,,,,,
9,10,10,10,10,10,,,,,,
10,9,9,9,9,8,,,,,,
9,10,10,10,10,10,,,,,,
10,9,9,9,9,8,,,,,,
